index,full_response,attention_file
1,"You are a sensor expert.

Scenario:

You are a sensor expert. Given the following situation:

Voltage: 0.338156758 V, Height: 0 cm, Soil Type: Dry and Sandy
Mine Type: NA


**Recommendation:** Metal Detector
**Explanation:** The dry and sandy soil provides a good electrical conductivity, making a metal detector a suitable choice for detecting potential metallic remnants. The low voltage indicates a shallow detection depth and the absence of a mine type suggests that metallic targets are most likely surface debris or buried objects. The relatively low height and voltage level suggest a shallow search profile.",/content/drive/MyDrive/AAMA/attn_1.json
2,"You are a sensor expert.

Scenario:

You are a sensor expert. Given the following situation:

Voltage: 0.320241334 V, Height: 0.181818182 cm, Soil Type: Dry and Sandy
Mine Type: NA


**Recommendation:** Metal Detector
**Explanation:** The dry and sandy soil type would make metal detecting much more effective. Because the mine type is not specified, there's no particular metallic content to worry about, and there is no reason to speculate about deeper depths.",/content/drive/MyDrive/AAMA/attn_2.json
3,"You are a sensor expert.

Scenario:

You are a sensor expert. Given the following situation:

Voltage: 0.28700875 V, Height: 0.272727273 cm, Soil Type: Dry and Sandy
Mine Type: NA


**Recommendation:** Ground Penetrating Radar (GPR)
**Explanation:** The dry, sandy soil conditions are ideal for GPR, offering good radar penetration. The low voltage suggests minimal metallic content, diminishing the usefulness of a metal detector. Without a mine type listed, it's best to prioritize a method capable of detecting deeper anomalies than a simple metal detector.",/content/drive/MyDrive/AAMA/attn_3.json
4,"You are a sensor expert.

Scenario:

You are a sensor expert. Given the following situation:

Voltage: 0.256283622 V, Height: 0.454545455 cm, Soil Type: Dry and Sandy
Mine Type: NA


**Recommendation:** Metal Detector
**Explanation:** The soil type is dry and sandy, which will facilitate better metal detection. There is no indication of the type of mine, thus no indicator of high metal content. The voltage is low, therefore the target is small.",/content/drive/MyDrive/AAMA/attn_4.json
5,"You are a sensor expert.

Scenario:

You are a sensor expert. Given the following situation:

Voltage: 0.262839599 V, Height: 0.545454545 cm, Soil Type: Dry and Sandy
Mine Type: NA


**Recommendation:** Ground Penetrating Radar (GPR)
**Explanation:** The dry and sandy soil type provides a favorable condition for GPR due to its ability to penetrate relatively well. The voltage indicates a reasonable signal strength for the radar, and there is no mine type to account for potential metallic interference. Without further specifics, GPR offers better subsurface penetration for imaging geologic features, so this is the best choice.",/content/drive/MyDrive/AAMA/attn_5.json
6,"You are a sensor expert.

Scenario:

You are a sensor expert. Given the following situation:

Voltage: 0.240966463 V, Height: 0.727272727 cm, Soil Type: Dry and Sandy
Mine Type: NA


**Recommendation:** Ground Penetrating Radar (GPR)
**Explanation:** The soil is dry and sandy, which indicates good radar penetration. Since there's no mine type specified, we need a method that can penetrate deeper than just a metal detector. GPR offers the best chance of detecting subsurface anomalies, potentially revealing hidden features without being limited by shallow metallic signatures.",/content/drive/MyDrive/AAMA/attn_6.json
7,"You are a sensor expert.

Scenario:

You are a sensor expert. Given the following situation:

Voltage: 0.254410486 V, Height: 0.818181818 cm, Soil Type: Dry and Sandy
Mine Type: NA


**Recommendation:** Ground Penetrating Radar (GPR)
**Explanation:** The dry and sandy soil is ideal for GPR operation, as it offers good penetration for radar signals. The low voltage and height measurements suggest a shallow target, which can be well-resolved with GPR. Since the mine type is unknown, GPR would be a better choice than a metal detector as we don't know about potentially hidden metallic deposits.",/content/drive/MyDrive/AAMA/attn_7.json
8,"You are a sensor expert.

Scenario:

You are a sensor expert. Given the following situation:

Voltage: 0.234924175 V, Height: 1 cm, Soil Type: Dry and Sandy
Mine Type: NA


**Recommendation:** Metal Detector
**Explanation:** The voltage indicates low electrical conductivity, a favorable setting for a metal detector. The dry and sandy soil composition will allow for good signal transmission, maximizing the detector's ability to detect metallic objects. Without a mine type, the likelihood of metallic content is unknown but the ideal soil conditions support a metal detector’s utility.",/content/drive/MyDrive/AAMA/attn_8.json
9,"You are a sensor expert.

Scenario:

You are a sensor expert. Given the following situation:

Voltage: 0.353473918 V, Height: 0 cm, Soil Type: Humid and Sandy
Mine Type: NA


**Recommendation:** Ground Penetrating Radar (GPR)
**Explanation:** The humid, sandy soil presents a challenge for metal detectors as moisture and clay content tend to weaken their signals. Because we lack information on the presence of the mine, GPR is the superior choice to provide subsurface images to assess possible features, while eliminating limitations imposed by the soil’s influence on metal detection. The signal strength is low, indicating it's unlikely that a metal detector would be able to give you good data, so the sensitivity of GPR could be very useful.",/content/drive/MyDrive/AAMA/attn_9.json
10,"You are a sensor expert.

Scenario:

You are a sensor expert. Given the following situation:

Voltage: 0.335347054 V, Height: 0.181818182 cm, Soil Type: Humid and Sandy
Mine Type: NA


**Recommendation:** Ground Penetrating Radar (GPR)
**Explanation:** The humid and sandy soil presents a challenge to metal detectors, as moisture and clay content can weaken their signal. Given the relatively shallow depth (0.1818 cm), GPR would likely be a more effective tool for penetrating the soil and creating a clearer image of the subsurface, detecting any buried features rather than just metallic objects. The voltage reading of 0.335 suggests low current, which could be used in favor of GPR as well.",/content/drive/MyDrive/AAMA/attn_10.json
11,"You are a sensor expert.

Scenario:

You are a sensor expert. Given the following situation:

Voltage: 0.335347054 V, Height: 0.272727273 cm, Soil Type: Humid and Sandy
Mine Type: NA


**Recommendation:** Ground Penetrating Radar (GPR)
**Explanation:** The humid and sandy soil presents a significant challenge for a metal detector, as the moisture reduces its penetration range. Since the depth is quite shallow, GPR's ability to penetrate through the soil and image underground structures makes it the more effective choice. No mine type is indicated, so a metallic signature isn’t a primary concern.",/content/drive/MyDrive/AAMA/attn_11.json
12,"You are a sensor expert.

Scenario:

You are a sensor expert. Given the following situation:

Voltage: 0.330029894 V, Height: 0.454545455 cm, Soil Type: Humid and Sandy
Mine Type: NA


**Recommendation:** Ground Penetrating Radar (GPR)
**Explanation:** The high humidity and sandy soil are detrimental to metal detector performance, reducing its ability to detect metallic objects. Given the relatively shallow depth and the characteristics of the soil, GPR will likely offer better resolution and deeper penetration, allowing for a more comprehensive assessment of the subsurface conditions and potential buried objects. A metal detector's effectiveness would be significantly hampered in these conditions.",/content/drive/MyDrive/AAMA/attn_12.json
13,"You are a sensor expert.

Scenario:

You are a sensor expert. Given the following situation:

Voltage: 0.335347054 V, Height: 0.545454545 cm, Soil Type: Humid and Sandy
Mine Type: NA


**Recommendation:** Ground Penetrating Radar (GPR)
**Explanation:** The humid sandy soil presents an ideal environment for GPR, as its dry nature enhances radar penetration. The low voltage reading suggests the presence of water which may also impair the performance of a metal detector. Since the mine type is unknown, GPR's subsurface imaging capabilities are crucial for identifying potential anomalies associated with subterranean structures.",/content/drive/MyDrive/AAMA/attn_13.json
14,"You are a sensor expert.

Scenario:

You are a sensor expert. Given the following situation:

Voltage: 0.305135614 V, Height: 0.727272727 cm, Soil Type: Humid and Sandy
Mine Type: NA


**Recommendation:** Ground Penetrating Radar (GPR)
**Explanation:** The humid and sandy soil will partially attenuate radar signals, but the depth is relatively shallow. Therefore, GPR will allow better image resolution of the subsurface, providing more information than a metal detector which would be hampered by the soil conditions and its likely to be unrepresentative of the deeper layers.",/content/drive/MyDrive/AAMA/attn_14.json
15,"You are a sensor expert.

Scenario:

You are a sensor expert. Given the following situation:

Voltage: 0.256283622 V, Height: 0.818181818 cm, Soil Type: Humid and Sandy
Mine Type: NA


**Recommendation:** Ground Penetrating Radar (GPR)
**Explanation:** The humid and sandy soil presents an obstacle to metal detector performance, as moisture and clay layers can dampen the signal. Given the need to penetrate below the surface to detect potential anomalies, GPR would provide a more comprehensive understanding of the subsurface. Because the mine type is unknown, the subsurface data gathered would be useful to determine potential structural anomalies.",/content/drive/MyDrive/AAMA/attn_15.json
16,"You are a sensor expert.

Scenario:

You are a sensor expert. Given the following situation:

Voltage: 0.235649303 V, Height: 1 cm, Soil Type: Humid and Sandy
Mine Type: NA


**Recommendation:** Ground Penetrating Radar (GPR)
**Explanation:** The soil is humid and sandy, presenting a moderate challenge for a metal detector. GPR would be much more effective in this environment as it can penetrate the soil and image subsurface structures. The low voltage suggests a weak signal regardless, bolstering the case for using GPR to locate potential anomalies.",/content/drive/MyDrive/AAMA/attn_16.json
17,"You are a sensor expert.

Scenario:

You are a sensor expert. Given the following situation:

Voltage: 0.315347054 V, Height: 0 cm, Soil Type: Dry and Humus
Mine Type: NA


**Recommendation:** Metal Detector
**Explanation:** The voltage being 0.315347054 V indicates minimal electrical activity, suggesting a possible shallow target, such as coins or small metal objects. Because the soil is dry and contains humus, the soil conditions are quite favorable for a metal detector to work effectively. Without a mine type, it's difficult to predict metallic content, so a metal detector is the best choice.",/content/drive/MyDrive/AAMA/attn_17.json
18,"You are a sensor expert.

Scenario:

You are a sensor expert. Given the following situation:

Voltage: 0.283987607 V, Height: 0.181818182 cm, Soil Type: Dry and Humus
Mine Type: NA


**Recommendation:** Ground Penetrating Radar (GPR)
**Explanation:** The soil is dry, which typically favors radar penetration. Additionally, the voltage reading suggests a relatively weak electromagnetic signal, possibly diminished by the humus content, making a metal detector less effective. GPR will be better equipped to penetrate the dry soil and map subsurface features.",/content/drive/MyDrive/AAMA/attn_18.json
19,"You are a sensor expert.

Scenario:

You are a sensor expert. Given the following situation:

Voltage: 0.303262478 V, Height: 0.272727273 cm, Soil Type: Dry and Humus
Mine Type: NA


**Recommendation:** Ground Penetrating Radar (GPR)
**Explanation:** The dry, humus soil is ideal for GPR, which is less susceptible to signal degradation than a metal detector. The voltage and height data don’t give much information to support the use of a metal detector. Since we don't know if any metal is present, GPR is a better choice for investigating subsurface anomalies.",/content/drive/MyDrive/AAMA/attn_19.json
20,"You are a sensor expert.

Scenario:

You are a sensor expert. Given the following situation:

Voltage: 0.274924175 V, Height: 0.454545455 cm, Soil Type: Dry and Humus
Mine Type: NA


**Recommendation:** Ground Penetrating Radar (GPR)
**Explanation:** The soil is dry and humus, which should allow for good radar penetration. While a metal detector could detect surface metals, the dry conditions suggest a lower probability of finding deep metallic structures, and the presence of humus introduces potential signal degradation for a metal detector. Therefore, GPR is the optimal choice for probing the subsurface.",/content/drive/MyDrive/AAMA/attn_20.json
21,"You are a sensor expert.

Scenario:

You are a sensor expert. Given the following situation:

Voltage: 0.260029894 V, Height: 0.545454545 cm, Soil Type: Dry and Humus
Mine Type: NA


**Recommendation:** Ground Penetrating Radar (GPR)
**Explanation:** The dry soil and humus present a promising scenario for GPR penetration. Low voltage coupled with this type of soil suggests that the radar signal can effectively travel a moderate depth. The lack of a mine type makes it so metallic content can't factor in.",/content/drive/MyDrive/AAMA/attn_21.json
22,"You are a sensor expert.

Scenario:

You are a sensor expert. Given the following situation:

Voltage: 0.259818455 V, Height: 0.727272727 cm, Soil Type: Dry and Humus
Mine Type: NA


**Recommendation:** Ground Penetrating Radar (GPR)
**Explanation:** The dry soil type will provide some penetration for GPR, while the moderate height suggests a shallower target than metal detectors can typically reach. The humus layer will still introduce some signal degradation, but radar is generally more effective than a metal detector in these conditions for detecting subsurface objects. It's prudent to use the more versatile instrument when the exact nature of the subsurface is unknown.",/content/drive/MyDrive/AAMA/attn_22.json
23,"You are a sensor expert.

Scenario:

You are a sensor expert. Given the following situation:

Voltage: 0.283987607 V, Height: 0.818181818 cm, Soil Type: Dry and Humus
Mine Type: NA


**Recommendation:** Metal Detector
**Explanation:** The soil is dry and the voltage is relatively low suggesting a simple metallic object is present. Given the dry soil conditions, a metal detector should be the most effective sensor, as it won't be significantly hampered by soil moisture. Lack of a specified mine type means the potential for complex metallic signatures is low.",/content/drive/MyDrive/AAMA/attn_23.json
24,"You are a sensor expert.

Scenario:

You are a sensor expert. Given the following situation:

Voltage: 0.265860743 V, Height: 1 cm, Soil Type: Dry and Humus
Mine Type: NA


**Recommendation:** Ground Penetrating Radar (GPR)
**Explanation:** The dry soil conditions, coupled with the relatively shallow depth (1cm), suggest that radar will penetrate effectively, allowing for better imaging of subsurface features. The humus layer might slightly attenuate radar, but the overall conditions are more conducive to using GPR for this scenario rather than a metal detector. Since a mine type isn't specified, we can assume a lack of metallic content that would be easily detected by a metal detector.",/content/drive/MyDrive/AAMA/attn_24.json
25,"You are a sensor expert.

Scenario:

You are a sensor expert. Given the following situation:

Voltage: 0.323051038 V, Height: 0 cm, Soil Type: Humid and Humus
Mine Type: NA


**Recommendation:** Ground Penetrating Radar (GPR)
**Explanation:** The humid and humus soil will significantly hinder the performance of a metal detector due to its increased conductivity and absorption properties. GPR’s ability to penetrate the subsurface is more reliable in these conditions, providing better resolution of buried objects and geological features. Because the mine type is not specified, GPR gives the best chance of detecting anomalies with limited data.",/content/drive/MyDrive/AAMA/attn_25.json
26,"You are a sensor expert.

Scenario:

You are a sensor expert. Given the following situation:

Voltage: 0.305135614 V, Height: 0.181818182 cm, Soil Type: Humid and Humus
Mine Type: NA


**Recommendation:** Ground Penetrating Radar (GPR)
**Explanation:** The humid and humus soil composition indicates a significant degree of moisture and organic matter, which will attenuate radar signals. While a metal detector *might* detect some ferrous metal, it's unlikely to be effective in this environment. GPR's ability to penetrate subsurface conditions more effectively makes it the better choice for detecting buried objects and structures without being hampered by soil properties.",/content/drive/MyDrive/AAMA/attn_26.json
27,"You are a sensor expert.

Scenario:

You are a sensor expert. Given the following situation:

Voltage: 0.314199046 V, Height: 0.272727273 cm, Soil Type: Humid and Humus
Mine Type: NA


**Recommendation:** Ground Penetrating Radar (GPR)
**Explanation:** The humid soil, combined with the presence of humus, significantly weakens the signal of a metal detector. GPR is much better at penetrating these types of soils and providing information on subsurface features like tunnels and voids that might be associated with mining operations. Since the mine type is unspecified, this scenario suggests a need for better subsurface imaging beyond simply detecting metal.",/content/drive/MyDrive/AAMA/attn_27.json
28,"You are a sensor expert.

Scenario:

You are a sensor expert. Given the following situation:

Voltage: 0.30211447 V, Height: 0.454545455 cm, Soil Type: Humid and Humus
Mine Type: NA


**Recommendation:** Ground Penetrating Radar (GPR)
**Explanation:** The humid and humus soil conditions will significantly attenuate radar signals, making it a challenging environment for GPR. However, GPR can still penetrate to a reasonable depth considering the relatively low voltage and height, allowing us to map the subsurface structure effectively, while a metal detector would be hampered by the soil conditions. Since no specific mine type is indicated, we don't have additional information to favor a metal detector.",/content/drive/MyDrive/AAMA/attn_28.json
29,"You are a sensor expert.

Scenario:

You are a sensor expert. Given the following situation:

Voltage: 0.323262478 V, Height: 0.545454545 cm, Soil Type: Humid and Humus
Mine Type: NA


**Recommendation:** Ground Penetrating Radar (GPR)
**Explanation:** The humid soil combined with the presence of humus will significantly weaken the signal of a metal detector, as it will be impacted by increased conductivity and scattering. GPR uses electromagnetic waves to penetrate the soil, providing a more reliable image of subsurface features despite these soil conditions. Since there is no indication of a specific mine type, a general subsurface survey is preferred.",/content/drive/MyDrive/AAMA/attn_29.json
30,"You are a sensor expert.

Scenario:

You are a sensor expert. Given the following situation:

Voltage: 0.314199046 V, Height: 0.727272727 cm, Soil Type: Humid and Humus
Mine Type: NA


**Recommendation:** Ground Penetrating Radar (GPR)
**Explanation:** The humid soil, combined with the presence of humus, will significantly attenuate radar signals, but it is still likely that GPR will be more sensitive to subsurface features than a metal detector. A metal detector would struggle due to the soil's conductivity and moisture, whereas GPR can still penetrate the upper layers and image the buried structure.",/content/drive/MyDrive/AAMA/attn_30.json
31,"You are a sensor expert.

Scenario:

You are a sensor expert. Given the following situation:

Voltage: 0.323262478 V, Height: 0.818181818 cm, Soil Type: Humid and Humus
Mine Type: NA


**Recommendation:** Ground Penetrating Radar (GPR)
**Explanation:** The humid soil and humus present a significant challenge for metal detectors due to signal attenuation and potential ground penetration issues. GPR's ability to penetrate the soil and detect subsurface features is crucial for imaging beneath the highly conductive and waterlogged conditions, which are likely to diminish metal detector performance. Since there’s no evidence of metallic material, the subsurface structure must be imaged.",/content/drive/MyDrive/AAMA/attn_31.json
32,"You are a sensor expert.

Scenario:

You are a sensor expert. Given the following situation:

Voltage: 0.274199046 V, Height: 1 cm, Soil Type: Humid and Humus
Mine Type: NA


**Recommendation:** Ground Penetrating Radar (GPR)
**Explanation:** The humid soil combined with the presence of humus will significantly attenuate the signal of a metal detector. GPR, due to its ability to penetrate the soil and analyze subsurface structures, offers a much better chance of accurately detecting the mine’s location despite the degraded signal conditions. Since a mine type isn’t available to help determine if there may be metal content, GPR is the superior choice.",/content/drive/MyDrive/AAMA/attn_32.json
33,"You are a sensor expert.

Scenario:

You are a sensor expert. Given the following situation:

Voltage: 0.34743163 V, Height: 0 cm, Soil Type: Dry and Limy
Mine Type: NA


**Recommendation:** Metal Detector
**Explanation:** The soil is dry and limy, which is conducive to metal detector usage. There’s no specified mine type, so the presence of metallic deposits isn’t a major factor. With the low voltage, the signal intensity isn't high, making a simple metal detector the most efficient tool for detecting buried objects.",/content/drive/MyDrive/AAMA/attn_33.json
34,"You are a sensor expert.

Scenario:

You are a sensor expert. Given the following situation:

Voltage: 0.341691591 V, Height: 0.181818182 cm, Soil Type: Dry and Limy
Mine Type: NA


**Recommendation:** Metal Detector
**Explanation:** The soil is dry and limy, implying good conductivity. A metal detector would be sensitive to the majority of metals present if its signal isn't damped too greatly. The lack of a mine type complicates the decision, but a standard metal detector should easily detect potential metal remnants.",/content/drive/MyDrive/AAMA/attn_34.json
35,"You are a sensor expert.

Scenario:

You are a sensor expert. Given the following situation:

Voltage: 0.296072182 V, Height: 0.272727273 cm, Soil Type: Dry and Limy
Mine Type: NA


**Recommendation:** Ground Penetrating Radar (GPR)
**Explanation:** The dry and limy soil offers good radar penetration, whereas the voltage is too low to rely on a metal detector. A metal detector would be unlikely to detect any buried artifacts, while GPR can probe deeper and provide detailed information on subsurface features.",/content/drive/MyDrive/AAMA/attn_35.json
36,"You are a sensor expert.

Scenario:

You are a sensor expert. Given the following situation:

Voltage: 0.310398761 V, Height: 0.454545455 cm, Soil Type: Dry and Limy
Mine Type: NA


**Recommendation:** Metal Detector
**Explanation:** The soil is dry and limy, which generally leads to good metal detector performance by reducing signal attenuation. There is no reported mine type, so the presence of any significant metallic content is unknown. The voltage is a reasonable measure to indicate low signal, which would likely be most easily identified with a metal detector.",/content/drive/MyDrive/AAMA/attn_36.json
37,"You are a sensor expert.

Scenario:

You are a sensor expert. Given the following situation:

Voltage: 0.296072182 V, Height: 0.545454545 cm, Soil Type: Dry and Limy
Mine Type: NA


**Recommendation:** Metal Detector
**Explanation:** The dry, limy soil provides a good conductive pathway for a metal detector, as damp soil severely reduces its effectiveness. The voltage reading suggests a potential signal, and since the mine type is unknown, there isn't strong reason to suspect anomalous metallic objects. A metal detector will most likely detect the presence of metals like iron or steel.",/content/drive/MyDrive/AAMA/attn_37.json
38,"You are a sensor expert.

Scenario:

You are a sensor expert. Given the following situation:

Voltage: 0.31743163 V, Height: 0.727272727 cm, Soil Type: Dry and Limy
Mine Type: NA


**Recommendation:** Ground Penetrating Radar (GPR)
**Explanation:** The dry, limy soil conditions suggest good radar penetration, making GPR a better choice for subsurface detection. The voltage and height indicate a relatively shallow depth, but overall, GPR's ability to image the subsurface will be more effective than a metal detector at this range. Since no mine type is given there is no indication of potential metallic content.",/content/drive/MyDrive/AAMA/attn_38.json
39,"You are a sensor expert.

Scenario:

You are a sensor expert. Given the following situation:

Voltage: 0.329304766 V, Height: 0.818181818 cm, Soil Type: Dry and Limy
Mine Type: NA


**Recommendation:** Ground Penetrating Radar (GPR)
**Explanation:** The dry and limy soil is conducive to better radar penetration than metal detectors. The low voltage (0.33 V) provides weak signal, indicating that subtle subsurface anomalies might be hidden within the soil. Thus, GPR is more suitable to survey.",/content/drive/MyDrive/AAMA/attn_39.json
40,"You are a sensor expert.

Scenario:

You are a sensor expert. Given the following situation:

Voltage: 0.308156758 V, Height: 1 cm, Soil Type: Dry and Limy
Mine Type: NA


**Recommendation:** Ground Penetrating Radar (GPR)
**Explanation:** The dry, limy soil will provide a relatively good signal penetration for GPR, allowing it to detect deeper anomalies. While a metal detector might identify some metallic elements, GPR's ability to map subsurface features without soil interference makes it a more versatile option. Since the mine type is not listed, the primary goal becomes assessing the overall subsurface structure, rather than specific metallic concentrations.",/content/drive/MyDrive/AAMA/attn_40.json
41,"You are a sensor expert.

Scenario:

You are a sensor expert. Given the following situation:

Voltage: 0.338368198 V, Height: 0 cm, Soil Type: Humid and Limy
Mine Type: NA


**Recommendation:** Ground Penetrating Radar (GPR)
**Explanation:** The humid and limy soil will significantly degrade the performance of a metal detector. GPR is best equipped to navigate these conditions, and the lack of a mine type provides no metal detection clues. It will provide valuable subsurface information regardless of the soil condition and is superior to using a traditional metal detector here.",/content/drive/MyDrive/AAMA/attn_41.json
42,"You are a sensor expert.

Scenario:

You are a sensor expert. Given the following situation:

Voltage: 0.295014984 V, Height: 0.181818182 cm, Soil Type: Humid and Limy
Mine Type: NA


**Recommendation:** Ground Penetrating Radar (GPR)
**Explanation:** The humid and limy soil presents a significant challenge for metal detectors due to increased water content and clay, which can severely dampen the signal. GPR can penetrate deeper and provide a more detailed image of the subsurface, bypassing the interference caused by the soil conditions. Since the mine type is unknown, the potential presence of metallic structures requires a more detailed investigation than a metal detector could provide.",/content/drive/MyDrive/AAMA/attn_42.json
43,"You are a sensor expert.

Scenario:

You are a sensor expert. Given the following situation:

Voltage: 0.27199384 V, Height: 0.272727273 cm, Soil Type: Humid and Limy
Mine Type: NA


**Recommendation:** Ground Penetrating Radar (GPR)
**Explanation:** The soil conditions are challenging due to its humidity and limy nature, which are known to attenuate GPR signals. Therefore, a GPR would be more effective at penetrating the soil and providing detailed information about subsurface features. The lack of a specified mine type doesn't factor in as a significant influence on this decision since we are primarily focused on the soil properties.",/content/drive/MyDrive/AAMA/attn_43.json
44,"You are a sensor expert.

Scenario:

You are a sensor expert. Given the following situation:

Voltage: 0.271903031 V, Height: 0.454545455 cm, Soil Type: Humid and Limy
Mine Type: NA


**Recommendation:** Ground Penetrating Radar (GPR)
**Explanation:** The soil is humid and limy, which would significantly weaken radar signals. This, combined with a modest depth, makes GPR the better choice for investigating underground anomalies, as it can provide detail below the surface with less degradation. While a metal detector might pick up some larger metallic objects, it will be largely ineffective in this environment.",/content/drive/MyDrive/AAMA/attn_44.json
45,"You are a sensor expert.

Scenario:

You are a sensor expert. Given the following situation:

Voltage: 0.29220528 V, Height: 0.545454545 cm, Soil Type: Humid and Limy
Mine Type: NA


**Recommendation:** Ground Penetrating Radar (GPR)
**Explanation:** The high humidity and limy soil suggest that the radar waves will be significantly attenuated, limiting the effectiveness of a metal detector. However, GPR can still penetrate these soil conditions to image the subsurface geology, allowing detection of non-metallic objects and features. A metal detector wouldn't be very useful with this combination of soil and geological conditions.",/content/drive/MyDrive/AAMA/attn_45.json
46,"You are a sensor expert.

Scenario:

You are a sensor expert. Given the following situation:

Voltage: 0.285347054 V, Height: 0.727272727 cm, Soil Type: Humid and Limy
Mine Type: NA


**Recommendation:** Ground Penetrating Radar (GPR)
**Explanation:** The humid and limy soil presents a significant challenge for a metal detector, as it will impede the sensor's ability to detect metallic objects. Given the depth of 0.727cm, GPR's ability to penetrate through subsurface materials and provide detailed imaging of underground structures is a more suitable approach. The absence of a mine type further reinforces this recommendation as it removes any potential indication of concentrated metal.",/content/drive/MyDrive/AAMA/attn_46.json
47,"You are a sensor expert.

Scenario:

You are a sensor expert. Given the following situation:

Voltage: 0.30211447 V, Height: 0.909090909 cm, Soil Type: Humid and Limy
Mine Type: NA


**Recommendation:** Ground Penetrating Radar (GPR)
**Explanation:** The high humidity and limy soil type strongly suggest significant signal scattering and attenuation for a metal detector. GPR is better equipped to penetrate these conditions and provides a clearer image of subsurface features by transmitting and receiving radar waves, despite the difficulty. The lack of a mine type offers no useful information.",/content/drive/MyDrive/AAMA/attn_47.json
48,"You are a sensor expert.

Scenario:

You are a sensor expert. Given the following situation:

Voltage: 0.999998728 V, Height: 0 cm, Soil Type: Dry and Sandy
Mine Type: Anti-Tank


**Recommendation:** Ground Penetrating Radar (GPR)
**Explanation:** The dry and sandy soil composition will allow for adequate radar penetration, which is critical for detecting buried objects. The presence of an anti-tank mine strongly suggests the possibility of deep burial and a metallic signature, making GPR's ability to image subsurface features much more valuable than a metal detector's shallower range.",/content/drive/MyDrive/AAMA/attn_48.json
49,"You are a sensor expert.

Scenario:

You are a sensor expert. Given the following situation:

Voltage: 0.999998728 V, Height: 0.090909091 cm, Soil Type: Dry and Sandy
Mine Type: Anti-Tank


**Recommendation:** Ground Penetrating Radar (GPR)
**Explanation:** The dry, sandy soil is highly conductive to radar, allowing for good penetration and data collection at this shallow depth. The anti-tank mine type suggests a significant metallic component, which is ideal for revealing buried objects through GPR’s ability to map subsurface anomalies. While a metal detector would likely detect the immediate presence of the mine, GPR will provide more detailed information about its size, shape, and surrounding environment.",/content/drive/MyDrive/AAMA/attn_49.json
50,"You are a sensor expert.

Scenario:

You are a sensor expert. Given the following situation:

Voltage: 0.999998728 V, Height: 0.272727273 cm, Soil Type: Dry and Sandy
Mine Type: Anti-Tank


**Recommendation:** Ground Penetrating Radar (GPR)
**Explanation:** Given the dry and sandy soil composition, GPR will likely be effective at penetrating deeper than a metal detector would. The anti-tank mine indicates a substantial metallic object below the surface, suggesting that a metal detector alone might not be sufficient to detect it due to depth limitations. GPR can more effectively image subsurface anomalies and locate the mine.",/content/drive/MyDrive/AAMA/attn_50.json
51,"You are a sensor expert.

Scenario:

You are a sensor expert. Given the following situation:

Voltage: 0.906343265 V, Height: 0.363636364 cm, Soil Type: Dry and Sandy
Mine Type: Anti-Tank


**Recommendation:** Ground Penetrating Radar (GPR)
**Explanation:** The dry and sandy soil is beneficial for radar penetration, which is crucial for deeper investigations. The anti-tank mine type suggests the potential for a dense, substantial metallic object that a metal detector may not be able to easily locate. GPR will be better equipped to map the underground profile and identify the extent of the buried mine.",/content/drive/MyDrive/AAMA/attn_51.json
52,"You are a sensor expert.

Scenario:

You are a sensor expert. Given the following situation:

Voltage: 0.658609459 V, Height: 0.545454545 cm, Soil Type: Dry and Sandy
Mine Type: Anti-Tank


**Recommendation:** Ground Penetrating Radar (GPR)
**Explanation:** The dry and sandy soil is a favorable environment for GPR, allowing it to penetrate deeper and detect subsurface features. Furthermore, the mine type, specifically an anti-tank mine, indicates a potentially complex and deep subsurface anomaly, requiring the ability of GPR to image deeper than metal detectors can typically detect. The low voltage suggests the mine is not immediately accessible.",/content/drive/MyDrive/AAMA/attn_52.json
53,"You are a sensor expert.

Scenario:

You are a sensor expert. Given the following situation:

Voltage: 0.610271155 V, Height: 0.636363636 cm, Soil Type: Dry and Sandy
Mine Type: Anti-Tank


**Recommendation:** Ground Penetrating Radar (GPR)
**Explanation:** The dry and sandy soil is exceptionally favorable for GPR, meaning the radar waves will penetrate deep without significant attenuation. Moreover, the presence of an anti-tank mine indicates a potentially large metallic object at considerable depth, best detected by the subsurface imaging capabilities of GPR. While a metal detector could indicate the presence of metal, it won't reveal the specifics of the object's shape or depth.",/content/drive/MyDrive/AAMA/attn_53.json
54,"You are a sensor expert.

Scenario:

You are a sensor expert. Given the following situation:

Voltage: 0.453171669 V, Height: 0.818181818 cm, Soil Type: Dry and Sandy
Mine Type: Anti-Tank


**Recommendation:** Ground Penetrating Radar (GPR)
**Explanation:** The dry and sandy soil is conducive to radar penetration, which is essential for detecting deeper subsurface anomalies. The anti-tank mine indicates the possibility of significant metallic concentration underground, and GPR excels at mapping subsurface structures and materials, making it the superior choice over a metal detector in this scenario. A metal detector might only detect surface or very near surface finds, while GPR will delve deeper and provide a more complete picture.",/content/drive/MyDrive/AAMA/attn_54.json
55,"You are a sensor expert.

Scenario:

You are a sensor expert. Given the following situation:

Voltage: 0.442446541 V, Height: 0.909090909 cm, Soil Type: Dry and Sandy
Mine Type: Anti-Tank


**Recommendation:** Ground Penetrating Radar (GPR)
**Explanation:** The dry and sandy soil is excellent for radar penetration, allowing for deeper investigation. The presence of an Anti-Tank mine suggests a possible metallic signature which would be well-detected by GPR. Metallic mines can be more difficult for a metal detector to resolve due to signal interference.",/content/drive/MyDrive/AAMA/attn_55.json
56,"You are a sensor expert.

Scenario:

You are a sensor expert. Given the following situation:

Voltage: 0.999998728 V, Height: 0 cm, Soil Type: Humid and Sandy
Mine Type: Anti-Tank


**Recommendation:** Ground Penetrating Radar (GPR)
**Explanation:** The high voltage indicates a strong signal, but the combination of humid and sandy soil significantly weakens radar penetration. The presence of an anti-tank mine suggests the potential for deep burial and metal content, making GPR’s ability to image subsurface features much better than a metal detector. Additionally, sandy soils can easily give false readings from a metal detector, while GPR is less susceptible to soil interference.",/content/drive/MyDrive/AAMA/attn_56.json
57,"You are a sensor expert.

Scenario:

You are a sensor expert. Given the following situation:

Voltage: 0.999998728 V, Height: 0.090909091 cm, Soil Type: Humid and Sandy
Mine Type: Anti-Tank


**Recommendation:** Ground Penetrating Radar (GPR)
**Explanation:** The high voltage indicates a deep signal, favoring GPR, while the humid and sandy soil suggests good radar penetration. Because we are detecting an anti-tank mine, a deep scan to locate the complex structure is needed, which GPR is much better suited for than a metal detector.",/content/drive/MyDrive/AAMA/attn_57.json
58,"You are a sensor expert.

Scenario:

You are a sensor expert. Given the following situation:

Voltage: 0.975829576 V, Height: 0.272727273 cm, Soil Type: Humid and Sandy
Mine Type: Anti-Tank


**Recommendation:** Ground Penetrating Radar (GPR)
**Explanation:** The humid and sandy soil presents a challenging environment for metal detectors due to increased scattering and dampening of electromagnetic signals, potentially hindering their ability to detect targets. Considering the presence of an anti-tank mine, which likely contains significant metallic components, the high depth of the potential target necessitates GPR's ability to penetrate and image the subsurface more effectively.",/content/drive/MyDrive/AAMA/attn_58.json
59,"You are a sensor expert.

Scenario:

You are a sensor expert. Given the following situation:

Voltage: 0.815708945 V, Height: 0.363636364 cm, Soil Type: Humid and Sandy
Mine Type: Anti-Tank


**Recommendation:** Ground Penetrating Radar (GPR)
**Explanation:** The humid and sandy soil is conducive to GPR penetration, which is ideal for subsurface imaging. The mine type, particularly an anti-tank mine, suggests a large metallic object at a potentially significant depth, requiring more detailed investigation than a metal detector would provide. GPR's ability to map buried objects is crucial for locating these hazards effectively.",/content/drive/MyDrive/AAMA/attn_59.json
60,"You are a sensor expert.

Scenario:

You are a sensor expert. Given the following situation:

Voltage: 0.655588315 V, Height: 0.545454545 cm, Soil Type: Humid and Sandy
Mine Type: Anti-Tank


**Recommendation:** Ground Penetrating Radar (GPR)
**Explanation:** The combination of humid and sandy soil, coupled with the presence of an anti-tank mine, suggests a need for a deeper investigation. Radar technology is more effective than metal detectors in this environment due to the moisture hindering metal detection. The anti-tank mine’s construction will likely consist of steel, making GPR more ideal.",/content/drive/MyDrive/AAMA/attn_60.json
61,"You are a sensor expert.

Scenario:

You are a sensor expert. Given the following situation:

Voltage: 0.628398019 V, Height: 0.636363636 cm, Soil Type: Humid and Sandy
Mine Type: Anti-Tank


**Recommendation:** Ground Penetrating Radar (GPR)
**Explanation:** The soil is sandy and humid, which tends to weaken radar signals but potentially enhances metal detector performance. However, the presence of an anti-tank mine indicates a high probability of subsurface metallic content, as these mines are constructed with substantial metal plating. GPR is best suited for detecting buried objects and mapping the subsurface features of an area where buried obstacles are suspected.",/content/drive/MyDrive/AAMA/attn_61.json
62,"You are a sensor expert.

Scenario:

You are a sensor expert. Given the following situation:

Voltage: 0.504531116 V, Height: 0.818181818 cm, Soil Type: Humid and Sandy
Mine Type: Anti-Tank


**Recommendation:** Ground Penetrating Radar (GPR)
**Explanation:** The high humidity and sandy soil are challenging for metal detectors, weakening their ability to detect metallic objects. The presence of an anti-tank mine suggests a potentially buried and armored object. GPR's ability to penetrate through subsurface materials is more likely to successfully image the depth and size of this hazard.",/content/drive/MyDrive/AAMA/attn_62.json
63,"You are a sensor expert.

Scenario:

You are a sensor expert. Given the following situation:

Voltage: 0.474319677 V, Height: 0.909090909 cm, Soil Type: Humid and Sandy
Mine Type: Anti-Tank


**Recommendation:** Ground Penetrating Radar (GPR)
**Explanation:** The combination of humid and sandy soil suggests a relatively high electrical conductivity, which will impede the performance of a metal detector. Given the presence of an anti-tank mine, a deeper investigation is necessary to map the mine's layout and location, which GPR is better suited to provide, penetrating deeper through the soil than a metal detector would typically achieve.",/content/drive/MyDrive/AAMA/attn_63.json
64,"You are a sensor expert.

Scenario:

You are a sensor expert. Given the following situation:

Voltage: 0.719032338 V, Height: 0 cm, Soil Type: Dry and Humus
Mine Type: Anti-Tank


**Recommendation:** Ground Penetrating Radar (GPR)
**Explanation:** The dry soil, coupled with the presence of humus, is likely to provide good radar penetration, allowing the GPR to accurately map subsurface features. The anti-tank mine type indicates a high probability of a metallic target at a potentially significant depth. Therefore, GPR is the most suitable sensor for identifying and locating the mine.",/content/drive/MyDrive/AAMA/attn_64.json
65,"You are a sensor expert.

Scenario:

You are a sensor expert. Given the following situation:

Voltage: 0.622355731 V, Height: 0.090909091 cm, Soil Type: Dry and Humus
Mine Type: Anti-Tank


**Recommendation:** Ground Penetrating Radar (GPR)
**Explanation:** The soil is dry and sandy, providing a better signal for GPR. Detecting a mine, especially an anti-tank mine, implies the potential for a deep burial, requiring a sensor capable of penetrating deeper than a simple metal detector. The humus may slightly attenuate the signal, but a GPR should still be useful.",/content/drive/MyDrive/AAMA/attn_65.json
66,"You are a sensor expert.

Scenario:

You are a sensor expert. Given the following situation:

Voltage: 0.531721412 V, Height: 0.272727273 cm, Soil Type: Dry and Humus
Mine Type: Anti-Tank


**Recommendation:** Ground Penetrating Radar (GPR)
**Explanation:** The soil is dry and hummus, which generally favors radar penetration. Furthermore, the presence of an anti-tank mine necessitates a more detailed investigation beyond what a metal detector would provide. GPR’s ability to image subsurface features makes it the more appropriate choice in this scenario.",/content/drive/MyDrive/AAMA/attn_66.json
67,"You are a sensor expert.

Scenario:

You are a sensor expert. Given the following situation:

Voltage: 0.504531116 V, Height: 0.363636364 cm, Soil Type: Dry and Humus
Mine Type: Anti-Tank


**Recommendation:** Ground Penetrating Radar (GPR)
**Explanation:** The dry and sandy soil, combined with the anti-tank mine type (likely containing significant metal), suggests a deeper investigation is required. GPR can penetrate this soil and visualize underground features and metallic objects more effectively than a metal detector, which might be hampered by the soil's resistance. The voltage and height data further support the need for a more powerful penetration tool.",/content/drive/MyDrive/AAMA/attn_67.json
68,"You are a sensor expert.

Scenario:

You are a sensor expert. Given the following situation:

Voltage: 0.438065949 V, Height: 0.545454545 cm, Soil Type: Dry and Humus
Mine Type: Anti-Tank


**Recommendation:** Ground Penetrating Radar (GPR)
**Explanation:** The dry soil with humus will allow for good radar penetration. Additionally, the anti-tank mine indicates a significant metallic component. GPR’s ability to detect buried objects regardless of material type will provide more detailed information than a metal detector, which may be overwhelmed by the extensive metallic signature of the mine.",/content/drive/MyDrive/AAMA/attn_68.json
69,"You are a sensor expert.

Scenario:

You are a sensor expert. Given the following situation:

Voltage: 0.398791077 V, Height: 0.636363636 cm, Soil Type: Dry and Humus
Mine Type: Anti-Tank


**Recommendation:** Ground Penetrating Radar (GPR)
**Explanation:** The combination of dry soil and humus is conducive to GPR penetration, unlike wet or clay soils which would significantly hinder its functionality. The presence of an anti-tank mine indicates that anomalies deep within the ground are very likely and therefore necessitate GPR's ability to image subsurface structures without excavation. The low voltage also suggests a surface anomaly is unlikely.",/content/drive/MyDrive/AAMA/attn_69.json
70,"You are a sensor expert.

Scenario:

You are a sensor expert. Given the following situation:

Voltage: 0.36253735 V, Height: 0.818181818 cm, Soil Type: Dry and Humus
Mine Type: Anti-Tank


**Recommendation:** Ground Penetrating Radar (GPR)
**Explanation:** The mine is an anti-tank mine, which inherently suggests a significant metallic payload. Dry and humus soil is supportive of radar penetration, and the voltage indicates a reasonable signal strength that can be handled by GPR. While a metal detector might detect the immediate metal, GPR can reveal the depth and shape of the buried object, critical for safely removing the mine.",/content/drive/MyDrive/AAMA/attn_70.json
71,"You are a sensor expert.

Scenario:

You are a sensor expert. Given the following situation:

Voltage: 0.999998728 V, Height: 0 cm, Soil Type: Humid and Humus
Mine Type: Anti-Tank


**Recommendation:** Ground Penetrating Radar (GPR)
**Explanation:** The humidity and presence of humus in the soil will significantly weaken radar signals, making a metal detector less effective. Considering the mine type is an anti-tank mine, it's highly likely to be substantial metallic components, with a good probability of locating its primary structure and components. GPR is the better choice for detecting buried objects regardless of metal, as it penetrates soil and maps the underground structure.",/content/drive/MyDrive/AAMA/attn_71.json
72,"You are a sensor expert.

Scenario:

You are a sensor expert. Given the following situation:

Voltage: 0.912385552 V, Height: 0.181818182 cm, Soil Type: Humid and Humus
Mine Type: Anti-Tank


**Recommendation:** Ground Penetrating Radar (GPR)
**Explanation:** The high humidity and humus content of the soil will significantly attenuate radar signals, potentially masking shallower targets. However, the presence of an anti-tank mine suggests a potential for deeper metallic structures, necessitating the penetration depth and resolution offered by GPR. This would allow investigators to identify the location and characteristics of the larger, denser metal objects.",/content/drive/MyDrive/AAMA/attn_72.json
73,"You are a sensor expert.

Scenario:

You are a sensor expert. Given the following situation:

Voltage: 0.957702712 V, Height: 0.272727273 cm, Soil Type: Humid and Humus
Mine Type: Anti-Tank


**Recommendation:** Ground Penetrating Radar (GPR)
**Explanation:** The high humidity and humus content in the soil strongly suggest that the radar waves will be severely attenuated, limiting the effectiveness of a metal detector. The presence of an anti-tank mine indicates a potential for deeper, non-metallic structures or remnants – GPR’s ability to penetrate deeper and image subsurface features makes it the more appropriate sensor in this situation.",/content/drive/MyDrive/AAMA/attn_73.json
74,"You are a sensor expert.

Scenario:

You are a sensor expert. Given the following situation:

Voltage: 0.75830721 V, Height: 0.454545455 cm, Soil Type: Humid and Humus
Mine Type: Anti-Tank


**Recommendation:** Ground Penetrating Radar (GPR)
**Explanation:** The humid soil, specifically with humus, severely degrades the performance of a metal detector. Given the presence of an anti-tank mine, which would likely consist of significant, heavy metal components, a GPR is necessary to map the subsurface structures and locate the mine without being hindered by the soil conditions. The high voltage reading, indicating a significant anomaly, further reinforces the need for a non-contact, deeper-penetrating technology like GPR.",/content/drive/MyDrive/AAMA/attn_74.json
75,"You are a sensor expert.

Scenario:

You are a sensor expert. Given the following situation:

Voltage: 0.734138058 V, Height: 0.545454545 cm, Soil Type: Humid and Humus
Mine Type: Anti-Tank


**Recommendation:** Ground Penetrating Radar (GPR)
**Explanation:** The humid soil and humus content will significantly attenuate radar signals, while a metal detector will be hindered. The presence of an anti-tank mine suggests a substantial metallic target at depth, and GPR's ability to penetrate subsurface anomalies makes it the superior choice for locating its location.",/content/drive/MyDrive/AAMA/attn_75.json
76,"You are a sensor expert.

Scenario:

You are a sensor expert. Given the following situation:

Voltage: 0.495256245 V, Height: 0.727272727 cm, Soil Type: Humid and Humus
Mine Type: Anti-Tank


**Recommendation:** Ground Penetrating Radar (GPR)
**Explanation:** The humid soil and humus content will significantly impede the performance of a metal detector. The presence of an anti-tank mine indicates a potential for significant metallic deposits, which requires deeper penetration capabilities - GPR offers this. The voltage readings don't offer enough indication without more context about the antenna and the signal being measured.",/content/drive/MyDrive/AAMA/attn_76.json
77,"You are a sensor expert.

Scenario:

You are a sensor expert. Given the following situation:

Voltage: 0.468277389 V, Height: 0.818181818 cm, Soil Type: Humid and Humus
Mine Type: Anti-Tank


**Recommendation:** Ground Penetrating Radar (GPR)
**Explanation:** The humid and humus soil will significantly attenuate radar waves, but the presence of an anti-tank mine suggests a high probability of encountering metal. GPR's ability to penetrate subsurface features, even with challenges from soil moisture, is crucial to locating the mine without causing damage and will provide a more detailed picture than a metal detector which would be highly influenced by the surrounding soil composition.",/content/drive/MyDrive/AAMA/attn_77.json
78,"You are a sensor expert.

Scenario:

You are a sensor expert. Given the following situation:

Voltage: 0.467340821 V, Height: 1 cm, Soil Type: Humid and Humus
Mine Type: Anti-Tank


**Recommendation:** Ground Penetrating Radar (GPR)
**Explanation:** The humid and humus soil will significantly weaken the signal of a metal detector, making it unreliable for detecting the mine. Considering the presence of an anti-tank mine, which is likely to have significant metallic components, GPR's ability to penetrate through subsurface anomalies is crucial for identifying the mine's location and depth, even in challenging soil conditions.",/content/drive/MyDrive/AAMA/attn_78.json
79,"You are a sensor expert.

Scenario:

You are a sensor expert. Given the following situation:

Voltage: 0.999998728 V, Height: 0 cm, Soil Type: Dry and Limy
Mine Type: Anti-Tank


**Recommendation:** Ground Penetrating Radar (GPR)
**Explanation:** The voltage and dry soil type strongly indicate a good penetration depth for GPR. The anti-tank mine type suggests the presence of a significant metallic object at a moderate depth, making a metal detector less effective as it may be shielded or buried deeply. GPR’s ability to image subsurface features is the best approach for locating the mine.",/content/drive/MyDrive/AAMA/attn_79.json
80,"You are a sensor expert.

Scenario:

You are a sensor expert. Given the following situation:

Voltage: 0.999998728 V, Height: 0.181818182 cm, Soil Type: Dry and Limy
Mine Type: Anti-Tank


**Recommendation:** Ground Penetrating Radar (GPR)
**Explanation:** The dry and limy soil provides favorable conditions for GPR penetration, allowing it to detect subsurface anomalies related to the anti-tank mine. The voltage, though extremely high, is likely simply a result of the GPR’s operating range. Due to the possible depth of anti-tank mines, GPR's ability to probe deeper is more suitable than a metal detector, which would be easily overwhelmed by such metallic objects.",/content/drive/MyDrive/AAMA/attn_80.json
81,"You are a sensor expert.

Scenario:

You are a sensor expert. Given the following situation:

Voltage: 0.999998728 V, Height: 0.272727273 cm, Soil Type: Dry and Limy
Mine Type: Anti-Tank


**Recommendation:** Ground Penetrating Radar (GPR)
**Explanation:** The presence of a dry, limy soil suggests good radar penetration, which is critical for detecting buried objects. The anti-tank mine type indicates that the potential targets are likely metallic and of substantial depth, making GPR the better choice. Voltage and height are minimal indicators and don't change the recommended sensor.",/content/drive/MyDrive/AAMA/attn_81.json
82,"You are a sensor expert.

Scenario:

You are a sensor expert. Given the following situation:

Voltage: 0.999998728 V, Height: 0.454545455 cm, Soil Type: Dry and Limy
Mine Type: Anti-Tank


**Recommendation:** Ground Penetrating Radar (GPR)
**Explanation:** The dry and limy soil composition suggests decent radar penetration, and the anti-tank mine site indicates a strong likelihood of metallic content. While a metal detector would initially detect the obvious metallic objects, GPR can resolve more complex subsurface anomalies and provide a much more detailed picture of the mine's layout. The shallow depth is also not as crucial given the expected metallic object density.",/content/drive/MyDrive/AAMA/attn_82.json
83,"You are a sensor expert.

Scenario:

You are a sensor expert. Given the following situation:

Voltage: 0.999998728 V, Height: 0.545454545 cm, Soil Type: Dry and Limy
Mine Type: Anti-Tank


**Recommendation:** Ground Penetrating Radar (GPR)
**Explanation:** Given the dry and limy soil conditions, GPR will be much more effective than a metal detector in penetrating the subsurface. The height reading and voltage suggest a shallow depth, but combined with the mine type (anti-tank) and the potential for buried infrastructure, GPR is more likely to reveal the targeted object. Metallic objects could be obscured or buried beneath layers of soil, making the metal detector unreliable, whereas GPR’s radar waves can provide a clearer image.",/content/drive/MyDrive/AAMA/attn_83.json
84,"You are a sensor expert.

Scenario:

You are a sensor expert. Given the following situation:

Voltage: 0.854983817 V, Height: 0.727272727 cm, Soil Type: Dry and Limy
Mine Type: Anti-Tank


**Recommendation:** Ground Penetrating Radar (GPR)
**Explanation:** Given the dry, limy soil and the presence of an anti-tank mine, a deep search is likely needed. Dry soils provide better radar penetration than wet/humid ones and the limy soil should provide minimal interference. The anti-tank mine implies a large, buried metallic component.",/content/drive/MyDrive/AAMA/attn_84.json
85,"You are a sensor expert.

Scenario:

You are a sensor expert. Given the following situation:

Voltage: 0.628398019 V, Height: 0.818181818 cm, Soil Type: Dry and Limy
Mine Type: Anti-Tank


**Recommendation:** Ground Penetrating Radar (GPR)
**Explanation:** The dry and limy soil provides relatively good radar penetration, and the anti-tank mine type suggests a large metallic signature. While a metal detector *could* detect the general presence of metal, GPR would be much better at mapping the extent and depth of the mine's structure, which is critical for safety.",/content/drive/MyDrive/AAMA/attn_85.json
86,"You are a sensor expert.

Scenario:

You are a sensor expert. Given the following situation:

Voltage: 0.549848276 V, Height: 1 cm, Soil Type: Dry and Limy
Mine Type: Anti-Tank


**Recommendation:** Ground Penetrating Radar (GPR)
**Explanation:** The low voltage reading and dry, limy soil suggest the radar will penetrate well. The presence of an anti-tank mine implies a significant metallic signature below the surface. GPR will be able to map the subsurface and reveal the size and location of the mine, especially with its metallic composition.",/content/drive/MyDrive/AAMA/attn_86.json
87,"You are a sensor expert.

Scenario:

You are a sensor expert. Given the following situation:

Voltage: 0.999998728 V, Height: 0 cm, Soil Type: Humid and Limy
Mine Type: Anti-Tank


**Recommendation:** Ground Penetrating Radar (GPR)
**Explanation:** The humid and limy soil will significantly weaken the signal of a metal detector, making it largely ineffective for this scenario. Given that this is an anti-tank mine, there's a high probability of finding substantial metallic components beneath the surface, which GPR excels at detecting by analyzing the buried structures. The low voltage suggests little current is present, further minimizing the likelihood of a metal detector giving a useful reading.",/content/drive/MyDrive/AAMA/attn_87.json
88,"You are a sensor expert.

Scenario:

You are a sensor expert. Given the following situation:

Voltage: 0.891237545 V, Height: 0.181818182 cm, Soil Type: Humid and Limy
Mine Type: Anti-Tank


**Recommendation:** Ground Penetrating Radar (GPR)
**Explanation:** The high soil moisture and limy composition of the soil significantly impede the performance of a metal detector, making it less reliable. The presence of an anti-tank mine suggests a large, potentially deeply buried object which is better detected with GPR's ability to image subsurface features.",/content/drive/MyDrive/AAMA/attn_88.json
89,"You are a sensor expert.

Scenario:

You are a sensor expert. Given the following situation:

Voltage: 0.999998728 V, Height: 0.272727273 cm, Soil Type: Humid and Limy
Mine Type: Anti-Tank


**Recommendation:** Ground Penetrating Radar (GPR)
**Explanation:** The high humidity and limy soil will significantly weaken radar signals, making metal detection less effective. Additionally, an anti-tank mine suggests the presence of robust metallic components, which a metal detector might struggle to detect effectively at these depths. GPR's ability to penetrate subsurface features makes it the most suitable choice for investigation.",/content/drive/MyDrive/AAMA/attn_89.json
90,"You are a sensor expert.

Scenario:

You are a sensor expert. Given the following situation:

Voltage: 0.809666657 V, Height: 0.454545455 cm, Soil Type: Humid and Limy
Mine Type: Anti-Tank


**Recommendation:** Ground Penetrating Radar (GPR)
**Explanation:** The combination of a humid and limy soil type, along with the presence of an anti-tank mine, suggests a dense and potentially water-logged environment. GPR is more effective than a metal detector in these conditions as it can penetrate these materials and reveal the buried infrastructure without relying solely on metallic signatures. The mine type is particularly relevant, implying a complex and potentially shielded metallic environment which GPR is better suited to analyze.",/content/drive/MyDrive/AAMA/attn_90.json
91,"You are a sensor expert.

Scenario:

You are a sensor expert. Given the following situation:

Voltage: 0.716011194 V, Height: 0.545454545 cm, Soil Type: Humid and Limy
Mine Type: Anti-Tank


**Recommendation:** Ground Penetrating Radar (GPR)
**Explanation:** The humid and limy soil is a major impediment to metal detectors, weakening their signal and making the detection of buried metallic objects more difficult. Considering the presence of an anti-tank mine, which would likely be composed of significant metal, GPR would be the superior choice due to its ability to penetrate subsurface layers, revealing mine structure and potential metallic components. The relatively low voltage suggests a weak signal from any buried objects, enhancing the need for a technique that can cut through soil interference.",/content/drive/MyDrive/AAMA/attn_91.json
92,"You are a sensor expert.

Scenario:

You are a sensor expert. Given the following situation:

Voltage: 0.50755226 V, Height: 0.727272727 cm, Soil Type: Humid and Limy
Mine Type: Anti-Tank


**Recommendation:** Ground Penetrating Radar (GPR)
**Explanation:** The soil is humid and limy, which will significantly weaken the signal of a metal detector. Given the presence of an anti-tank mine – which would be composed of significant metal – GPR is the more appropriate tool to investigate the subsurface. The radar’s ability to penetrate through the soil and identify buried objects is crucial in this context.",/content/drive/MyDrive/AAMA/attn_92.json
93,"You are a sensor expert.

Scenario:

You are a sensor expert. Given the following situation:

Voltage: 0.549848276 V, Height: 0.818181818 cm, Soil Type: Humid and Limy
Mine Type: Anti-Tank


**Recommendation:** Ground Penetrating Radar (GPR)
**Explanation:** The high moisture content of the soil, combined with its limy nature, will significantly impede the performance of a metal detector. The anti-tank mine type strongly suggests the presence of substantial metallic components buried deep, which will be difficult for a metal detector to detect through the affected soil conditions. GPR’s ability to penetrate deeper and image subsurface structures makes it the most appropriate choice.",/content/drive/MyDrive/AAMA/attn_93.json
94,"You are a sensor expert.

Scenario:

You are a sensor expert. Given the following situation:

Voltage: 0.444108237 V, Height: 1 cm, Soil Type: Humid and Limy
Mine Type: Anti-Tank


**Recommendation:** Ground Penetrating Radar (GPR)
**Explanation:** The combination of a humid and limy soil profile, and the presence of an anti-tank mine suggests significant subsurface disturbance and potential anomalies. The high moisture content dramatically reduces the penetration depth of a metal detector, making GPR the much better choice to map the likely presence and distribution of the mine shaft and related disturbances. GPR's ability to penetrate this soil type will provide a much more accurate picture of the buried environment.",/content/drive/MyDrive/AAMA/attn_94.json
95,"You are a sensor expert.

Scenario:

You are a sensor expert. Given the following situation:

Voltage: 0.389304766 V, Height: 0 cm, Soil Type: Dry and Sandy
Mine Type: Anti-Personnel


**Recommendation:** Ground Penetrating Radar (GPR)
**Explanation:** The soil type of dry and sandy is conducive to radar penetration, making GPR more effective than a metal detector in this scenario. Since the mine type is anti-personnel, the possibility of metallic debris, such as shrapnel, is elevated, however the depth appears very shallow so radar penetration is prioritized.",/content/drive/MyDrive/AAMA/attn_95.json
96,"You are a sensor expert.

Scenario:

You are a sensor expert. Given the following situation:

Voltage: 0.365347054 V, Height: 0.181818182 cm, Soil Type: Dry and Sandy
Mine Type: Anti-Personnel


**Recommendation:** Ground Penetrating Radar (GPR)
**Explanation:** The dry, sandy soil type suggests that the radar waves will penetrate deeply and remain consistent, making GPR a useful tool to scan larger areas with greater depth. Considering this is an anti-personnel mine situation, we are searching for a subterranean object, and the GPR will allow us to clearly differentiate between any buried features. The low voltage could potentially be due to distance from the transmitter and the depth being significant, which would also be well suited to GPR.",/content/drive/MyDrive/AAMA/attn_96.json
97,"You are a sensor expert.

Scenario:

You are a sensor expert. Given the following situation:

Voltage: 0.368579638 V, Height: 0.272727273 cm, Soil Type: Dry and Sandy
Mine Type: Anti-Personnel


**Recommendation:** Ground Penetrating Radar (GPR)
**Explanation:** The dry and sandy soil conditions indicate a good penetration for GPR, allowing it to delve deeper and provide a clearer image of the subsurface. The mine type, specifically anti-personnel, suggests the likely presence of metallic objects at a variable depth, which GPR would be better suited to detect than a metal detector.",/content/drive/MyDrive/AAMA/attn_97.json
98,"You are a sensor expert.

Scenario:

You are a sensor expert. Given the following situation:

Voltage: 0.338156758 V, Height: 0.454545455 cm, Soil Type: Dry and Sandy
Mine Type: Anti-Personnel


**Recommendation:** Ground Penetrating Radar (GPR)
**Explanation:** The dry and sandy soil type indicates a good penetration rate for radar signals, making GPR a more effective tool for detecting subsurface anomalies. The presence of an anti-personnel mine suggests the potential for a buried metallic object, a type of signature easily identified by GPR. Because the voltage is reasonably low, there's likely little to indicate a metallic signature for a metal detector.",/content/drive/MyDrive/AAMA/attn_98.json
99,"You are a sensor expert.

Scenario:

You are a sensor expert. Given the following situation:

Voltage: 0.31722019 V, Height: 0.545454545 cm, Soil Type: Dry and Sandy
Mine Type: Anti-Personnel


**Recommendation:** Ground Penetrating Radar (GPR)
**Explanation:** The dry and sandy soil will allow for good radar penetration, which is crucial for deeper investigations. Given the target is an anti-personnel mine, which is likely to be buried relatively deeply, GPR’s ability to image subsurface features makes it a superior choice over a metal detector, which may not detect smaller or non-metallic objects.",/content/drive/MyDrive/AAMA/attn_99.json
100,"You are a sensor expert.

Scenario:

You are a sensor expert. Given the following situation:

Voltage: 0.319093326 V, Height: 0.727272727 cm, Soil Type: Dry and Sandy
Mine Type: Anti-Personnel


**Recommendation:** Ground Penetrating Radar (GPR)
**Explanation:** The dry and sandy soil will significantly enhance GPR’s penetration capabilities, allowing it to map deeper underground structures and objects. The anti-personnel mine type suggests a potential metallic signature, which GPR is better equipped to detect beneath the surface than a metal detector. The low voltage indicates a potentially weaker signal, further justifying GPR’s ability to distinguish details.",/content/drive/MyDrive/AAMA/attn_100.json
101,"You are a sensor expert.

Scenario:

You are a sensor expert. Given the following situation:

Voltage: 0.335347054 V, Height: 0.818181818 cm, Soil Type: Dry and Sandy
Mine Type: Anti-Personnel


**Recommendation:** Ground Penetrating Radar (GPR)
**Explanation:** Given the dry and sandy soil conditions, GPR should penetrate relatively well, allowing it to access deeper subsurface information. The voltage reading is consistent with GPR operation, and the mine type (anti-personnel) suggests potential buried objects that might not be easily detected by a metal detector. The depth of 0.818 cm would generally benefit from radar penetration, making it the most effective sensor for this scenario.",/content/drive/MyDrive/AAMA/attn_101.json
102,"You are a sensor expert.

Scenario:

You are a sensor expert. Given the following situation:

Voltage: 0.303262478 V, Height: 1 cm, Soil Type: Dry and Sandy
Mine Type: Anti-Personnel


**Recommendation:** Ground Penetrating Radar (GPR)
**Explanation:** The soil is dry and sandy, which will allow for decent radar penetration. The mine type is anti-personnel, which may indicate metallic components. GPR is better suited than a metal detector for deeper subsurface investigation and detecting buried structures or metallic objects, therefore is better suited for this scenario.",/content/drive/MyDrive/AAMA/attn_102.json
103,"You are a sensor expert.

Scenario:

You are a sensor expert. Given the following situation:

Voltage: 0.613292299 V, Height: 0.181818182 cm, Soil Type: Humid and Sandy
Mine Type: Anti-Personnel


**Recommendation:** Ground Penetrating Radar (GPR)
**Explanation:** The humid and sandy soil type favors radar penetration, while the presence of an anti-personnel mine suggests a potential for metallic objects. A metal detector might be overwhelmed by the soil moisture, and the GPR will be better at visualizing the underground features and metallic objects.",/content/drive/MyDrive/AAMA/attn_103.json
104,"You are a sensor expert.

Scenario:

You are a sensor expert. Given the following situation:

Voltage: 0.425981373 V, Height: 0.363636364 cm, Soil Type: Humid and Sandy
Mine Type: Anti-Personnel


**Recommendation:** Ground Penetrating Radar (GPR)
**Explanation:** The humid and sandy soil will limit the effectiveness of a metal detector, as moisture and clay interfere with the signal. Given the depth is relatively small (0.36 cm) and the mine type suggests an underground threat, using GPR will allow us to locate the metallic remnants of anti-personnel mines with greater accuracy. The ability to penetrate the soil and map the subsurface is critical for this type of scenario.",/content/drive/MyDrive/AAMA/attn_104.json
105,"You are a sensor expert.

Scenario:

You are a sensor expert. Given the following situation:

Voltage: 0.384621926 V, Height: 0.454545455 cm, Soil Type: Humid and Sandy
Mine Type: Anti-Personnel


**Recommendation:** Ground Penetrating Radar (GPR)
**Explanation:** The humid and sandy soil, while potentially favoring a metal detector, presents challenges for signal penetration that are significant enough to call for radar. GPR’s ability to detect subsurface anomalies without relying on metallic contacts is better suited for this scenario, and the mine type indicates that you may be searching for disturbances caused by explosions instead of directly detecting metal.",/content/drive/MyDrive/AAMA/attn_105.json
106,"You are a sensor expert.

Scenario:

You are a sensor expert. Given the following situation:

Voltage: 0.356495062 V, Height: 0.636363636 cm, Soil Type: Humid and Sandy
Mine Type: Anti-Personnel


**Recommendation:** Ground Penetrating Radar (GPR)
**Explanation:** The soil is humid and sandy, which will weaken radar penetration, but the relatively shallow depth (0.636363636 cm) indicates a metal detector would likely be a poor choice. The presence of an anti-personnel mine necessitates a more sophisticated approach to detect buried metallic objects, and GPR’s ability to image subsurface features makes it the more suitable technology.",/content/drive/MyDrive/AAMA/attn_106.json
107,"You are a sensor expert.

Scenario:

You are a sensor expert. Given the following situation:

Voltage: 0.350685358 V, Height: 0.727272727 cm, Soil Type: Humid and Sandy
Mine Type: Anti-Personnel


**Recommendation:** Ground Penetrating Radar (GPR)
**Explanation:** The humid and sandy soil conditions would likely attenuate radar signals, so GPR would still be a decent choice. The low voltage indicates little metallic content, so a metal detector would likely be ineffective. Given the mine type is anti-personnel, it is more probable that GPR would produce useful results.",/content/drive/MyDrive/AAMA/attn_107.json
108,"You are a sensor expert.

Scenario:

You are a sensor expert. Given the following situation:

Voltage: 0.338368198 V, Height: 0.909090909 cm, Soil Type: Humid and Sandy
Mine Type: Anti-Personnel


**Recommendation:** Ground Penetrating Radar (GPR)
**Explanation:** The humid and sandy soil, while offering decent penetration for radar, suggests a significant reduction in metal detector effectiveness. Given the presence of an anti-personnel mine, locating the buried device is a priority. Radar is better suited for detecting subsurface anomalies and determining the depth and shape of objects, unlike a metal detector which is only sensitive to metallic substances.",/content/drive/MyDrive/AAMA/attn_108.json
109,"You are a sensor expert.

Scenario:

You are a sensor expert. Given the following situation:

Voltage: 0.344410486 V, Height: 1 cm, Soil Type: Humid and Sandy
Mine Type: Anti-Personnel


**Recommendation:** Ground Penetrating Radar (GPR)
**Explanation:** The high humidity and sandy soil will severely degrade the performance of a metal detector, masking any buried metallic objects. Given the mine type is anti-personnel, even small metallic objects may be present at a shallow depth. GPR is best suited for penetrating the soil and imaging the underground structure, increasing the probability of detecting this buried object.",/content/drive/MyDrive/AAMA/attn_109.json
110,"You are a sensor expert.

Scenario:

You are a sensor expert. Given the following situation:

Voltage: 0.444108237 V, Height: 0.090909091 cm, Soil Type: Dry and Humus
Mine Type: Anti-Personnel


**Recommendation:** Ground Penetrating Radar (GPR)
**Explanation:** The dry and humus soil suggests a decent radar penetration, which will be more effective than a metal detector. Furthermore, the mine type is anti-personnel, which implies metallic components, but the primary goal of the search will likely be structural features. A GPR would better locate any underground voids or tunnels that could be relevant to the mine type.",/content/drive/MyDrive/AAMA/attn_110.json
111,"You are a sensor expert.

Scenario:

You are a sensor expert. Given the following situation:

Voltage: 0.389727645 V, Height: 0.181818182 cm, Soil Type: Dry and Humus
Mine Type: Anti-Personnel


**Recommendation:** Ground Penetrating Radar (GPR)
**Explanation:** The dry and humus soil, combined with a relatively shallow depth, suggests that a GPR would be the more effective tool. Dry soils generally allow radar waves to penetrate better than wet soils, and the humus adds a small amount of organic matter that won’t drastically impact radar performance. Given the presence of an anti-personnel mine, it’s important to locate the metallic objects below the surface, which GPR is more well-suited for than a metal detector.",/content/drive/MyDrive/AAMA/attn_111.json
112,"You are a sensor expert.

Scenario:

You are a sensor expert. Given the following situation:

Voltage: 0.356495062 V, Height: 0.363636364 cm, Soil Type: Dry and Humus
Mine Type: Anti-Personnel


**Recommendation:** Ground Penetrating Radar (GPR)
**Explanation:** The dry soil type and low voltage reading suggest that radar waves will penetrate relatively well, offering a good chance of revealing subsurface anomalies. Since there is a mine, an anomaly is a likely outcome. The low voltage suggests the presence of humus, which can distort metal detector readings, so GPR’s ability to bypass this is preferable.",/content/drive/MyDrive/AAMA/attn_112.json
113,"You are a sensor expert.

Scenario:

You are a sensor expert. Given the following situation:

Voltage: 0.353473918 V, Height: 0.454545455 cm, Soil Type: Dry and Humus
Mine Type: Anti-Personnel


**Recommendation:** Ground Penetrating Radar (GPR)
**Explanation:** The dry and humus soil conditions suggest good radar penetration, making GPR a more effective choice for investigating deeper subsurface features. The relatively low voltage and height readings (0.35 V and 0.45 cm) are consistent with this favorable soil profile. Furthermore, the mine type is anti-personnel, indicating a need to identify smaller buried objects or disturbances rather than a large metallic signature, which metal detectors are better at detecting.",/content/drive/MyDrive/AAMA/attn_113.json
114,"You are a sensor expert.

Scenario:

You are a sensor expert. Given the following situation:

Voltage: 0.356495062 V, Height: 0.636363636 cm, Soil Type: Dry and Humus
Mine Type: Anti-Personnel


**Recommendation:** Ground Penetrating Radar (GPR)
**Explanation:** The dry soil conditions, combined with a low voltage reading, suggest that a metal detector would be less effective, as the signal might be heavily attenuated. However, the presence of humus may scatter signals. GPR is better suited to detect subsurface anomalies, particularly in more challenging soil types like dry humus, to help identify potential buried objects and patterns. The mine type suggests a likelihood of metallic objects, making GPR a better choice.",/content/drive/MyDrive/AAMA/attn_114.json
115,"You are a sensor expert.

Scenario:

You are a sensor expert. Given the following situation:

Voltage: 0.314199046 V, Height: 0.727272727 cm, Soil Type: Dry and Humus
Mine Type: Anti-Personnel


**Recommendation:** Ground Penetrating Radar (GPR)
**Explanation:** The dry, humus-rich soil suggests good radar penetration, which is ideal for GPR. The presence of an anti-personnel mine significantly increases the likelihood of subsurface metallic disturbances, something that a basic metal detector might miss unless exceptionally close. GPR's ability to map deeper layers offers a better chance of detecting the mine's components.",/content/drive/MyDrive/AAMA/attn_115.json
116,"You are a sensor expert.

Scenario:

You are a sensor expert. Given the following situation:

Voltage: 0.253776167 V, Height: 0.909090909 cm, Soil Type: Dry and Humus
Mine Type: Anti-Personnel


**Recommendation:** Ground Penetrating Radar (GPR)
**Explanation:** The dry and humus soil offers favorable conditions for GPR penetration, allowing it to detect deeper subsurface features. The anti-personnel mine type suggests a potential presence of metallic components, which would be easier to identify with GPR than a metal detector. Furthermore, the low voltage and height indicate that the signal may be weak, making the general detection capabilities of a metal detector less effective.",/content/drive/MyDrive/AAMA/attn_116.json
117,"You are a sensor expert.

Scenario:

You are a sensor expert. Given the following situation:

Voltage: 0.574017428 V, Height: 0 cm, Soil Type: Humid and Humus
Mine Type: Anti-Personnel


**Recommendation:** Ground Penetrating Radar (GPR)
**Explanation:** The high humidity and the presence of humus in the soil strongly suggest significant signal degradation for a metal detector. GPR's ability to penetrate these soil conditions makes it far better suited to investigate the potential subsurface features associated with an anti-personnel mine, allowing researchers to build a more complete picture of what may be beneath the surface. A metal detector's performance would be severely hampered, potentially missing important clues.",/content/drive/MyDrive/AAMA/attn_117.json
118,"You are a sensor expert.

Scenario:

You are a sensor expert. Given the following situation:

Voltage: 0.477340821 V, Height: 0.181818182 cm, Soil Type: Humid and Humus
Mine Type: Anti-Personnel


**Recommendation:** Ground Penetrating Radar (GPR)
**Explanation:** The humid and humus soil type will significantly impede the performance of a metal detector. GPR is better equipped to handle these conditions and penetrate beneath the surface to image the potential targets suggested by the mine type – anti-personnel mines. Voltage and height are not significantly impacting the choice here.",/content/drive/MyDrive/AAMA/attn_118.json
119,"You are a sensor expert.

Scenario:

You are a sensor expert. Given the following situation:

Voltage: 0.483383109 V, Height: 0.272727273 cm, Soil Type: Humid and Humus
Mine Type: Anti-Personnel


**Recommendation:** Ground Penetrating Radar (GPR)
**Explanation:** The soil is unusually humid and contains humus, significantly hindering the performance of a metal detector. Given the presence of an anti-personnel mine, detecting it using magnetic means is improbable; GPR's ability to penetrate the soil and visualize subsurface anomalies provides a much better chance of uncovering the buried object.",/content/drive/MyDrive/AAMA/attn_119.json
120,"You are a sensor expert.

Scenario:

You are a sensor expert. Given the following situation:

Voltage: 0.407854509 V, Height: 0.454545455 cm, Soil Type: Humid and Humus
Mine Type: Anti-Personnel


**Recommendation:** Ground Penetrating Radar (GPR)
**Explanation:** The soil is humid and contains humus, which significantly reduces the effectiveness of a metal detector. Given the presence of an anti-personnel mine, locating it is crucial for safety, and GPR’s ability to penetrate subsurface materials is more reliable than a metal detector's sensitivity. Analyzing the voltage and height provide little information, further pointing toward the need for subsurface imaging.",/content/drive/MyDrive/AAMA/attn_120.json
121,"You are a sensor expert.

Scenario:

You are a sensor expert. Given the following situation:

Voltage: 0.386706501 V, Height: 0.545454545 cm, Soil Type: Humid and Humus
Mine Type: Anti-Personnel


**Recommendation:** Ground Penetrating Radar (GPR)
**Explanation:** The high humidity and presence of humus in the soil significantly impede the function of a metal detector. GPR can penetrate these conditions more effectively to detect subsurface anomalies that might be related to the mine, even if the mine itself isn't metallic. The anti-personnel mine type strongly suggests a potentially buried buried device, making a non-metallic detection method crucial.",/content/drive/MyDrive/AAMA/attn_121.json
122,"You are a sensor expert.

Scenario:

You are a sensor expert. Given the following situation:

Voltage: 0.389727645 V, Height: 0.727272727 cm, Soil Type: Humid and Humus
Mine Type: Anti-Personnel


**Recommendation:** Ground Penetrating Radar (GPR)
**Explanation:** The humid and humus soil will significantly weaken radar signals, making GPR less reliable. However, the voltage and height suggest a relatively shallow depth, giving us a small area to target with radar. The presence of an anti-personnel mine raises concerns about potential metal contamination, which metal detectors may still be effective at identifying.",/content/drive/MyDrive/AAMA/attn_122.json
123,"You are a sensor expert.

Scenario:

You are a sensor expert. Given the following situation:

Voltage: 0.365558494 V, Height: 0.818181818 cm, Soil Type: Humid and Humus
Mine Type: Anti-Personnel


**Recommendation:** Ground Penetrating Radar (GPR)
**Explanation:** The humid soil and humus indicate that the radar waves will be significantly attenuated, leading to difficulty in detecting deeper anomalies. However, the presence of an anti-personnel mine suggests a potential metallic signature which is better captured by radar. While a metal detector might provide a basic detection, GPR's ability to resolve subsurface targets is crucial for identification.",/content/drive/MyDrive/AAMA/attn_123.json
124,"You are a sensor expert.

Scenario:

You are a sensor expert. Given the following situation:

Voltage: 0.326283622 V, Height: 1 cm, Soil Type: Humid and Humus
Mine Type: Anti-Personnel


**Recommendation:** Ground Penetrating Radar (GPR)
**Explanation:** The humid and humus soil will significantly attenuate electromagnetic signals like those used in a metal detector, reducing its effectiveness. Given the shallow depth of 1 cm, the presence of anti-personnel mines suggests that the detection may be limited. GPR can penetrate deeper into the ground, increasing the likelihood of detecting the mine.",/content/drive/MyDrive/AAMA/attn_124.json
125,"You are a sensor expert.

Scenario:

You are a sensor expert. Given the following situation:

Voltage: 0.664651747 V, Height: 0.181818182 cm, Soil Type: Dry and Limy
Mine Type: Anti-Personnel


**Recommendation:** Ground Penetrating Radar (GPR)
**Explanation:** The dry and limy soil suggests good radar penetration, which is crucial for detecting subsurface features. The presence of an anti-personnel mine indicates the possibility of metallic objects buried, making a metal detector less effective, though it’s not entirely ruled out. GPR’s ability to image the subsurface directly would likely provide a more detailed understanding of the situation than a metal detector.",/content/drive/MyDrive/AAMA/attn_125.json
126,"You are a sensor expert.

Scenario:

You are a sensor expert. Given the following situation:

Voltage: 0.510573404 V, Height: 0.363636364 cm, Soil Type: Dry and Limy
Mine Type: Anti-Personnel


**Recommendation:** Ground Penetrating Radar (GPR)
**Explanation:** The dry and limy soil suggests a relatively homogenous ground structure, which will allow GPR to penetrate and reveal subsurface anomalies effectively. Furthermore, the voltage (0.51V) is relatively low, and the mine type indicates a potential for scattered metallic objects, suggesting a need for subsurface imaging beyond just a detection. Using a metal detector would likely provide limited, fragmented results.",/content/drive/MyDrive/AAMA/attn_126.json
127,"You are a sensor expert.

Scenario:

You are a sensor expert. Given the following situation:

Voltage: 0.483383109 V, Height: 0.454545455 cm, Soil Type: Dry and Limy
Mine Type: Anti-Personnel


**Recommendation:** Ground Penetrating Radar (GPR)
**Explanation:** The dry and limy soil will facilitate a good radar signal, and the anti-personnel mine type strongly suggests the presence of metallic materials. While a metal detector might find immediate metallic objects, GPR can map the subsurface and provide a clearer image of the mine’s extent and potential overlapping hazards. Further, the low voltage suggests the mine may be relatively shallow, which is better visualized with radar.",/content/drive/MyDrive/AAMA/attn_127.json
128,"You are a sensor expert.

Scenario:

You are a sensor expert. Given the following situation:

Voltage: 0.395769933 V, Height: 0.636363636 cm, Soil Type: Dry and Limy
Mine Type: Anti-Personnel


**Recommendation:** Ground Penetrating Radar (GPR)
**Explanation:** The dry and limy soil composition indicates favorable conditions for GPR penetration, as clay and humidity hinder radar’s effectiveness. Furthermore, the presence of an anti-personnel mine suggests a more complex subsurface profile that might not be easily detected by a metal detector. Therefore, using GPR provides the best chance of accurately visualizing the surrounding geology and potential buried objects.",/content/drive/MyDrive/AAMA/attn_128.json
129,"You are a sensor expert.

Scenario:

You are a sensor expert. Given the following situation:

Voltage: 0.36253735 V, Height: 0.727272727 cm, Soil Type: Dry and Limy
Mine Type: Anti-Personnel


**Recommendation:** Ground Penetrating Radar (GPR)
**Explanation:** The dry and limy soil offers good radar penetration, which is essential for accurately mapping subsurface features. Additionally, the target is an anti-personnel mine which is likely to be small and buried relatively shallow, something GPR excels at detecting as opposed to a metal detector. The voltage readings are also somewhat high, signifying something substantial underground.",/content/drive/MyDrive/AAMA/attn_129.json
130,"You are a sensor expert.

Scenario:

You are a sensor expert. Given the following situation:

Voltage: 0.352748789 V, Height: 0.909090909 cm, Soil Type: Dry and Limy
Mine Type: Anti-Personnel


**Recommendation:** Ground Penetrating Radar (GPR)
**Explanation:** The soil is dry and limy, which indicates good radar penetration, assisting in detecting subsurface features at reasonable depth. The mine type indicates metallic content, though surface detection methods may be optimal for the shallow depth and small depth of this particular object. Given the voltage, there is a noticeable indication of sub-surface potential and GPR would be most effective at this.",/content/drive/MyDrive/AAMA/attn_130.json
131,"You are a sensor expert.

Scenario:

You are a sensor expert. Given the following situation:

Voltage: 0.352960229 V, Height: 1 cm, Soil Type: Dry and Limy
Mine Type: Anti-Personnel


**Recommendation:** Ground Penetrating Radar (GPR)
**Explanation:** The dry and limy soil will offer good radar penetration, which is important for detecting subsurface features. The voltage is also good, so GPR will be very useful. Given that this is an anti-personnel mine, the relatively shallow depth (1cm) requires more investigation than what a metal detector alone could offer, suggesting the need for the ability to see beneath the surface.",/content/drive/MyDrive/AAMA/attn_131.json
132,"You are a sensor expert.

Scenario:

You are a sensor expert. Given the following situation:

Voltage: 0.561932852 V, Height: 0.181818182 cm, Soil Type: Humid and Limy
Mine Type: Anti-Personnel


**Recommendation:** Ground Penetrating Radar (GPR)
**Explanation:** The high humidity and limy soil are likely to significantly attenuate radar signals, while a metal detector might be less effective in these conditions. However, the presence of an anti-personnel mine suggests a potential for metallic debris, making GPR the better choice to map subsurface anomalies. GPR would be better equipped to detect buried metallic objects.",/content/drive/MyDrive/AAMA/attn_132.json
133,"You are a sensor expert.

Scenario:

You are a sensor expert. Given the following situation:

Voltage: 0.586102004 V, Height: 0.272727273 cm, Soil Type: Humid and Limy
Mine Type: Anti-Personnel


**Recommendation:** Ground Penetrating Radar (GPR)
**Explanation:** The soil is humid and limy, which will significantly degrade the performance of a metal detector. Due to the presence of an anti-personnel mine, the detection target is most likely to be buried at some depth, making the ability of GPR to penetrate through difficult soil and locate underground objects far more useful than a metal detector. ```python ```",/content/drive/MyDrive/AAMA/attn_133.json
134,"You are a sensor expert.

Scenario:

You are a sensor expert. Given the following situation:

Voltage: 0.489425397 V, Height: 0.454545455 cm, Soil Type: Humid and Limy
Mine Type: Anti-Personnel


**Recommendation:** Ground Penetrating Radar (GPR)
**Explanation:** The humid and limy soil is hindering the operation of a metal detector, suggesting it will have difficulty finding buried objects. Furthermore, the mine type being anti-personnel, which suggests the object is likely smaller, would be more easily detected by GPR's ability to image subsurface structures.",/content/drive/MyDrive/AAMA/attn_134.json
135,"You are a sensor expert.

Scenario:

You are a sensor expert. Given the following situation:

Voltage: 0.425981373 V, Height: 0.545454545 cm, Soil Type: Humid and Limy
Mine Type: Anti-Personnel


**Recommendation:** Ground Penetrating Radar (GPR)
**Explanation:** The humid and limy soil will significantly impede the performance of a metal detector, while GPR can potentially penetrate beneath this layer to reveal the presence of buried objects. The nature of this mine type (Anti-Personnel) suggests the potential for small, metallic objects like shrapnel. Therefore, GPR’s ability to map subsurface features makes it the better choice for detection here.",/content/drive/MyDrive/AAMA/attn_135.json
136,"You are a sensor expert.

Scenario:

You are a sensor expert. Given the following situation:

Voltage: 0.350452774 V, Height: 0.727272727 cm, Soil Type: Humid and Limy
Mine Type: Anti-Personnel


**Recommendation:** Ground Penetrating Radar (GPR)
**Explanation:** The humid and limy soil type will severely hinder the performance of a metal detector, significantly reducing its ability to detect buried objects. Given the voltage and height of this survey, I am inferring a fairly shallow scan and the existence of buried metallic objects, most likely from anti-personnel mines, warranting the higher penetration ability of GPR to image the subsurface.",/content/drive/MyDrive/AAMA/attn_136.json
137,"You are a sensor expert.

Scenario:

You are a sensor expert. Given the following situation:

Voltage: 0.335347054 V, Height: 0.818181818 cm, Soil Type: Humid and Limy
Mine Type: Anti-Personnel


**Recommendation:** Ground Penetrating Radar (GPR)
**Explanation:** The humid and limy soil will significantly attenuate radar signals, so the GPR is still a reasonable choice. However, the voltage is relatively low, which indicates a shallow depth that might make metal detectors more suitable. The presence of an anti-personnel mine suggests a potential metallic signature, making it imperative to use the radar.",/content/drive/MyDrive/AAMA/attn_137.json
138,"You are a sensor expert.

Scenario:

You are a sensor expert. Given the following situation:

Voltage: 0.306495062 V, Height: 1 cm, Soil Type: Humid and Limy
Mine Type: Anti-Personnel


**Recommendation:** Ground Penetrating Radar (GPR)
**Explanation:** The humid and limy soil will significantly attenuate radar signals, hindering the effectiveness of a metal detector. However, the voltage is low (0.306V), indicating minimal penetration of a metal detector’s signal, and likely suggesting a shallow depth. Furthermore, the presence of an anti-personnel mine suggests a potential for buried objects that GPR can locate more accurately, despite the soil conditions.",/content/drive/MyDrive/AAMA/attn_138.json
139,"You are a sensor expert.

Scenario:

You are a sensor expert. Given the following situation:

Voltage: 0.513594548 V, Height: 0.090909091 cm, Soil Type: Dry and Sandy
Mine Type: Booby Trap Anti-Personnel


**Recommendation:** Ground Penetrating Radar (GPR)
**Explanation:** The dry and sandy soil type is ideal for GPR, as it allows for better radar penetration and imaging. The presence of a booby trap suggests a buried metallic object, so detecting it with GPR is the most likely efficient method, rather than metal detector which could miss subsurface or shielded elements.",/content/drive/MyDrive/AAMA/attn_139.json
140,"You are a sensor expert.

Scenario:

You are a sensor expert. Given the following situation:

Voltage: 0.407854509 V, Height: 0.272727273 cm, Soil Type: Dry and Sandy
Mine Type: Booby Trap Anti-Personnel


**Recommendation:** Ground Penetrating Radar (GPR)
**Explanation:** The dry and sandy soil is ideal for GPR, as it will allow the radar signal to penetrate deeply and accurately detect anomalies. The presence of a booby trap indicates the potential for small metallic objects, which GPR is well-suited to find. Considering this mine type, I am more concerned with finding the *location* of the trap than its size, therefore GPR is the preferred instrument.",/content/drive/MyDrive/AAMA/attn_140.json
141,"You are a sensor expert.

Scenario:

You are a sensor expert. Given the following situation:

Voltage: 0.389727645 V, Height: 0.363636364 cm, Soil Type: Dry and Sandy
Mine Type: Booby Trap Anti-Personnel


**Recommendation:** Ground Penetrating Radar (GPR)
**Explanation:** The soil type, dry and sandy, indicates good radar penetration, making GPR ideal for detecting subsurface anomalies related to the booby trap. The voltage suggests an active radar signal, and combined with the mine type, a localized metallic object might be buried, triggering GPR’s subsurface scanning capabilities. A metal detector would be less effective due to the sandy soil hindering its ability to effectively detect smaller metallic objects.",/content/drive/MyDrive/AAMA/attn_141.json
142,"You are a sensor expert.

Scenario:

You are a sensor expert. Given the following situation:

Voltage: 0.338368198 V, Height: 0.545454545 cm, Soil Type: Dry and Sandy
Mine Type: Booby Trap Anti-Personnel


**Recommendation:** Ground Penetrating Radar (GPR)
**Explanation:** The dry and sandy soil type is conductive to GPR signals, allowing for better penetration and therefore increased visibility of buried objects. Furthermore, the identified mine type (booby trap) indicates a potential metallic object buried below the surface. GPR's ability to detect subsurface anomalies, coupled with the type of mine, makes it the superior choice for identifying the hidden threat.",/content/drive/MyDrive/AAMA/attn_142.json
143,"You are a sensor expert.

Scenario:

You are a sensor expert. Given the following situation:

Voltage: 0.353473918 V, Height: 0.636363636 cm, Soil Type: Dry and Sandy
Mine Type: Booby Trap Anti-Personnel


**Recommendation:** Ground Penetrating Radar (GPR)
**Explanation:** The dry and sandy soil is ideal for GPR, allowing for deep penetration of radar waves. Additionally, the presence of a booby trap suggests the potential for buried metallic objects, so GPR's ability to identify subsurface anomalies will be crucial for locating the threat. It is important to search for the booby trap itself rather than identifying metallic content.",/content/drive/MyDrive/AAMA/attn_143.json
144,"You are a sensor expert.

Scenario:

You are a sensor expert. Given the following situation:

Voltage: 0.368579638 V, Height: 0.818181818 cm, Soil Type: Dry and Sandy
Mine Type: Booby Trap Anti-Personnel


**Recommendation:** Ground Penetrating Radar (GPR)
**Explanation:** The dry and sandy soil indicates that GPR is likely to have better penetration than a metal detector, allowing it to detect subsurface features. Because this is a booby trap scenario, the trap might not be metallic, warranting GPR to scan for any indications of a buried device despite its non-metallic components. The shallow depth makes GPR advantageous.",/content/drive/MyDrive/AAMA/attn_144.json
145,"You are a sensor expert.

Scenario:

You are a sensor expert. Given the following situation:

Voltage: 0.36253735 V, Height: 0.909090909 cm, Soil Type: Dry and Sandy
Mine Type: Booby Trap Anti-Personnel


**Recommendation:** Ground Penetrating Radar (GPR)
**Explanation:** The dry and sandy soil type favors radar penetration, crucial for detecting buried objects at this shallow depth. Considering the mine type – specifically a booby trap – GPR’s ability to map subsurface anomalies is far superior to a metal detector which might simply detect large metal objects while failing to reveal more subtle traps.",/content/drive/MyDrive/AAMA/attn_145.json
146,"You are a sensor expert.

Scenario:

You are a sensor expert. Given the following situation:

Voltage: 0.501509972 V, Height: 0 cm, Soil Type: Humid and Sandy
Mine Type: Booby Trap Anti-Personnel


**Recommendation:** Ground Penetrating Radar (GPR)
**Explanation:** The humid and sandy soil offers favorable conditions for GPR penetration, allowing for deeper investigation compared to a metal detector. Additionally, the presence of a potential booby trap warrants a non-destructive method to detect buried objects and anomalies, which GPR is better suited for. Given this scenario the GPR will be able to investigate possible mine locations without metal interference.",/content/drive/MyDrive/AAMA/attn_146.json
147,"You are a sensor expert.

Scenario:

You are a sensor expert. Given the following situation:

Voltage: 0.441087093 V, Height: 0.090909091 cm, Soil Type: Humid and Sandy
Mine Type: Booby Trap Anti-Personnel


**Recommendation:** Ground Penetrating Radar (GPR)
**Explanation:** The humid sandy soil might impede the performance of a metal detector, while GPR is less affected by soil moisture and can penetrate deeper to detect anomalies indicative of the booby trap’s components. Furthermore, the specific scenario of a booby trap warrants careful exploration of the subsurface to identify its location without triggering it with a metal detector.",/content/drive/MyDrive/AAMA/attn_147.json
148,"You are a sensor expert.

Scenario:

You are a sensor expert. Given the following situation:

Voltage: 0.404833365 V, Height: 0.363636364 cm, Soil Type: Humid and Sandy
Mine Type: Booby Trap Anti-Personnel


**Recommendation:** Ground Penetrating Radar (GPR)
**Explanation:** The humid and sandy soil conditions will weaken the signal of a metal detector, but the presence of a potentially concealed booby trap necessitates a deeper search than a simple metal detector could provide. GPR can penetrate this type of soil relatively well and can identify buried anomalies indicative of a trap, potentially without triggering it. The low voltage likely indicates a weak signal, suggesting the need for a more sensitive detection method.",/content/drive/MyDrive/AAMA/attn_148.json
149,"You are a sensor expert.

Scenario:

You are a sensor expert. Given the following situation:

Voltage: 0.37764307 V, Height: 0.454545455 cm, Soil Type: Humid and Sandy
Mine Type: Booby Trap Anti-Personnel


**Recommendation:** Ground Penetrating Radar (GPR)
**Explanation:** The presence of a humid and sandy soil significantly degrades the performance of a metal detector, while the booby trap indicates the likelihood of metallic components concealed underground. GPR will be more effective at detecting the buried metallic materials related to the trap and provide subsurface imaging for a clearer picture of the area, thus providing better situational awareness.",/content/drive/MyDrive/AAMA/attn_149.json
150,"You are a sensor expert.

Scenario:

You are a sensor expert. Given the following situation:

Voltage: 0.34743163 V, Height: 0.636363636 cm, Soil Type: Humid and Sandy
Mine Type: Booby Trap Anti-Personnel


**Recommendation:** Ground Penetrating Radar (GPR)
**Explanation:** The humid and sandy soil will weaken the performance of a metal detector, but GPR is less susceptible to this. Furthermore, the presence of a booby trap indicates a potential for buried metallic objects, and GPR is far better at detecting subsurface anomalies than a metal detector when looking for buried items.",/content/drive/MyDrive/AAMA/attn_150.json
151,"You are a sensor expert.

Scenario:

You are a sensor expert. Given the following situation:

Voltage: 0.330664214 V, Height: 0.727272727 cm, Soil Type: Humid and Sandy
Mine Type: Booby Trap Anti-Personnel


**Recommendation:** Ground Penetrating Radar (GPR)
**Explanation:** The humid and sandy soil type suggests that metal detectors may be less effective due to signal attenuation. However, the presence of a booby trap indicates the need to investigate subsurface objects, and GPR is best suited for identifying buried structures and voids, which are critical for detecting hidden traps. The voltage reading is quite low, which indicates weakness in the GPR signal due to the damp soil conditions.",/content/drive/MyDrive/AAMA/attn_151.json
152,"You are a sensor expert.

Scenario:

You are a sensor expert. Given the following situation:

Voltage: 0.329304766 V, Height: 0.909090909 cm, Soil Type: Humid and Sandy
Mine Type: Booby Trap Anti-Personnel


**Recommendation:** Ground Penetrating Radar (GPR)
**Explanation:** The humid and sandy soil offers relatively good radar penetration, which is important for identifying subsurface features. The mine type, specifically a booby trap, suggests a metallic anomaly that GPR can more accurately pinpoint than a metal detector, which is often affected by soil mineralization and interference. The voltage and height readings are not strongly decisive, but the soil composition and mine type are the most crucial factors here.",/content/drive/MyDrive/AAMA/attn_152.json
153,"You are a sensor expert.

Scenario:

You are a sensor expert. Given the following situation:

Voltage: 0.309516206 V, Height: 1 cm, Soil Type: Humid and Sandy
Mine Type: Booby Trap Anti-Personnel


**Recommendation:** Ground Penetrating Radar (GPR)
**Explanation:** The humid and sandy soil composition will weaken the signal of a metal detector, while GPR can still penetrate fairly well, giving a better representation of potential underground features such as a mine. The fact that it's a booby trap indicates a potential for concealed metallic elements, making the depth penetration of GPR advantageous for identifying the location of a hidden mine.",/content/drive/MyDrive/AAMA/attn_153.json
154,"You are a sensor expert.

Scenario:

You are a sensor expert. Given the following situation:

Voltage: 0.531721412 V, Height: 0.181818182 cm, Soil Type: Dry and Humus
Mine Type: Booby Trap Anti-Personnel


**Recommendation:** Ground Penetrating Radar (GPR)
**Explanation:** The dry soil conditions coupled with the presence of humus will likely allow GPR to penetrate deeper than a metal detector, which would be hindered by the organic matter. Given that a mine was set as a booby trap, it’s highly likely to be a metallic device, making GPR the most appropriate tool to map the terrain and identify potential hazards.",/content/drive/MyDrive/AAMA/attn_154.json
155,"You are a sensor expert.

Scenario:

You are a sensor expert. Given the following situation:

Voltage: 0.504531116 V, Height: 0.272727273 cm, Soil Type: Dry and Humus
Mine Type: Booby Trap Anti-Personnel


**Recommendation:** Ground Penetrating Radar (GPR)
**Explanation:** The dry and humus soil offers the best conditions for GPR penetration, allowing the device to detect subsurface anomalies. The presence of a booby trap further necessitates a technique that can reveal hidden structures and metallic components without disturbing the site. Metal detectors might be overwhelmed by the soil conditions, while GPR’s ability to map subsurface features is crucial for locating the threat.",/content/drive/MyDrive/AAMA/attn_155.json
156,"You are a sensor expert.

Scenario:

You are a sensor expert. Given the following situation:

Voltage: 0.438065949 V, Height: 0.454545455 cm, Soil Type: Dry and Humus
Mine Type: Booby Trap Anti-Personnel


**Recommendation:** Ground Penetrating Radar (GPR)
**Explanation:** The dry soil conditions are conducive to GPR operation, whereas a metal detector would be less effective due to the presence of humus. More importantly, a booby trap indicates a potential non-metallic threat requiring subsurface imaging to assess the area for hidden devices and potential hazards.",/content/drive/MyDrive/AAMA/attn_156.json
157,"You are a sensor expert.

Scenario:

You are a sensor expert. Given the following situation:

Voltage: 0.398791077 V, Height: 0.545454545 cm, Soil Type: Dry and Humus
Mine Type: Booby Trap Anti-Personnel


**Recommendation:** Ground Penetrating Radar (GPR)
**Explanation:** The presence of humus and dry soil conditions suggest weaker radar penetration than sand. However, the high voltage reading and the potential for a booby trap indicates a complex metallic signature. GPR's ability to image subsurface structures makes it the most suitable tool for detecting potential buried threats while understanding their size and shape with better precision.",/content/drive/MyDrive/AAMA/attn_157.json
158,"You are a sensor expert.

Scenario:

You are a sensor expert. Given the following situation:

Voltage: 0.36253735 V, Height: 0.727272727 cm, Soil Type: Dry and Humus
Mine Type: Booby Trap Anti-Personnel


**Recommendation:** Ground Penetrating Radar (GPR)
**Explanation:** The dry, humus soil with a relatively shallow depth suggests that the radar waves will penetrate well and be able to detect subsurface anomalies, most likely caused by buried objects. Given the mine type and its purpose as a booby trap, it's highly likely that this mine is buried beneath the surface, and GPR is best suited for locating buried objects without disturbing the soil.",/content/drive/MyDrive/AAMA/attn_158.json
159,"You are a sensor expert.

Scenario:

You are a sensor expert. Given the following situation:

Voltage: 0.314199046 V, Height: 0.818181818 cm, Soil Type: Dry and Humus
Mine Type: Booby Trap Anti-Personnel


**Recommendation:** Ground Penetrating Radar (GPR)
**Explanation:** The dry and humus soil, combined with the potential for a mine (specifically a booby trap), indicates that metallic content will be difficult to detect with a metal detector. GPR is better suited for imaging subsurface features and can detect the electrical signals created by buried objects even if they aren't metallic. The voltage may be misleading without knowing the earth's electrical field.",/content/drive/MyDrive/AAMA/attn_159.json
160,"You are a sensor expert.

Scenario:

You are a sensor expert. Given the following situation:

Voltage: 0.329304766 V, Height: 1 cm, Soil Type: Dry and Humus
Mine Type: Booby Trap Anti-Personnel


**Recommendation:** Ground Penetrating Radar (GPR)
**Explanation:** The soil is dry and humus, which is conducive to GPR penetration. Furthermore, given the context of a booby trap anti-personnel mine, the presence of metal within the mine itself may be obscured by the surrounding soil - GPR is therefore more likely to reveal the deeper metallic components than a metal detector.",/content/drive/MyDrive/AAMA/attn_160.json
161,"You are a sensor expert.

Scenario:

You are a sensor expert. Given the following situation:

Voltage: 0.28125225 V, Height: 0 cm, Soil Type: Humid and Humus
Mine Type: Booby Trap Anti-Personnel


**Recommendation:** Ground Penetrating Radar (GPR)
**Explanation:** The high humidity and humus content indicate that the soil's conductivity will be significantly increased, severely limiting the effectiveness of a metal detector. Furthermore, the presence of a potential booby trap suggests we need to identify the likely location of buried components, not just metallic elements; GPR is best suited for mapping subsurface features regardless of their material composition.",/content/drive/MyDrive/AAMA/attn_161.json
162,"You are a sensor expert.

Scenario:

You are a sensor expert. Given the following situation:

Voltage: 0.273866976 V, Height: 0.181818182 cm, Soil Type: Humid and Humus
Mine Type: Booby Trap Anti-Personnel


**Recommendation:** Ground Penetrating Radar (GPR)
**Explanation:** The humid and humus soil will significantly weaken the signal of a metal detector, making it less effective. Furthermore, the presence of a booby trap indicates a potential for hidden metallic objects, which GPR is better suited to detect at depth than a metal detector. Considering these factors, GPR’s ability to penetrate the soil is the stronger tool.",/content/drive/MyDrive/AAMA/attn_162.json
163,"You are a sensor expert.

Scenario:

You are a sensor expert. Given the following situation:

Voltage: 0.256465241 V, Height: 0.272727273 cm, Soil Type: Humid and Humus
Mine Type: Booby Trap Anti-Personnel


**Recommendation:** Ground Penetrating Radar (GPR)
**Explanation:** The high moisture content and the presence of humus in the soil will significantly impede the performance of a metal detector. To effectively detect a booby trap, which may be small, buried, and metallic, GPR is needed to probe beneath the surface and discern the subsurface structures without being overly influenced by the soil's conductive properties. The mine type is also important, suggesting a possible buried hazard that GPR is best suited to detect.",/content/drive/MyDrive/AAMA/attn_163.json
164,"You are a sensor expert.

Scenario:

You are a sensor expert. Given the following situation:

Voltage: 0.227522439 V, Height: 0.454545455 cm, Soil Type: Humid and Humus
Mine Type: Booby Trap Anti-Personnel


**Recommendation:** Ground Penetrating Radar (GPR)
**Explanation:** The presence of high humidity and humus indicates the soil will significantly impede the performance of a metal detector, reducing its range and accuracy. Given that the goal is to detect a booby trap—a very small metallic device hidden underground—GPR's ability to penetrate subsurface materials offers a much better chance of revealing the trap’s location, despite the challenging soil conditions.",/content/drive/MyDrive/AAMA/attn_164.json
165,"You are a sensor expert.

Scenario:

You are a sensor expert. Given the following situation:

Voltage: 0.235649303 V, Height: 0.545454545 cm, Soil Type: Humid and Humus
Mine Type: Booby Trap Anti-Personnel


**Recommendation:** Ground Penetrating Radar (GPR)
**Explanation:** The presence of humidity and humus significantly weakens radar penetration, while a metal detector is likely to struggle in this challenging soil. Furthermore, the mine type - a booby trap - implies the potential for metallic components and buried objects that a metal detector would be more adept at detecting; however, the soil's composition presents a more significant barrier. GPR is better suited to identifying buried features regardless of metal content within the soil.",/content/drive/MyDrive/AAMA/attn_165.json
166,"You are a sensor expert.

Scenario:

You are a sensor expert. Given the following situation:

Voltage: 0.207945319 V, Height: 0.727272727 cm, Soil Type: Humid and Humus
Mine Type: Booby Trap Anti-Personnel


**Recommendation:** Ground Penetrating Radar (GPR)
**Explanation:** The humid and humus soil is going to severely impact the performance of a metal detector. The presence of a booby trap indicates a potential for buried metallic objects, so we need a way to see deeper. GPR can provide subsurface imaging, which is essential for detecting and locating the hidden trap.",/content/drive/MyDrive/AAMA/attn_166.json
167,"You are a sensor expert.

Scenario:

You are a sensor expert. Given the following situation:

Voltage: 0.197733879 V, Height: 0.818181818 cm, Soil Type: Humid and Humus
Mine Type: Booby Trap Anti-Personnel


**Recommendation:** Ground Penetrating Radar (GPR)
**Explanation:** The humid soil conditions and the presence of humus will significantly attenuate radar signals, whereas a metal detector would likely be ineffective. Furthermore, the presence of a booby trap strongly suggests hidden metallic components, which GPR is better suited to detect, even if buried within the complex soil profile.",/content/drive/MyDrive/AAMA/attn_167.json
168,"You are a sensor expert.

Scenario:

You are a sensor expert. Given the following situation:

Voltage: 0.24220528 V, Height: 0.090909091 cm, Soil Type: Dry and Limy
Mine Type: Booby Trap Anti-Personnel


**Recommendation:** Ground Penetrating Radar (GPR)
**Explanation:** The dry, limy soil type suggests good radar penetration, which is crucial for imaging beneath the surface. The presence of a booby trap also strongly indicates the potential for metallic components such as triggers and wiring, and GPR would be useful for mapping their location without disruption. The shallow depth further supports the use of GPR for precise location.",/content/drive/MyDrive/AAMA/attn_168.json
169,"You are a sensor expert.

Scenario:

You are a sensor expert. Given the following situation:

Voltage: 0.240332143 V, Height: 0.181818182 cm, Soil Type: Dry and Limy
Mine Type: Booby Trap Anti-Personnel


**Recommendation:** Ground Penetrating Radar (GPR)
**Explanation:** Given that the soil is dry and limy, radar penetration is likely to be good, which will allow the GPR to detect subsurface anomalies associated with the booby trap. The voltage reading suggests a significant, though likely low-level, electric signal – potentially a residual charge from the mine. Considering it's a booby trap, pinpointing the exact location of the trigger mechanism is vital, making GPR the more appropriate choice.",/content/drive/MyDrive/AAMA/attn_169.json
170,"You are a sensor expert.

Scenario:

You are a sensor expert. Given the following situation:

Voltage: 0.262839599 V, Height: 0.454545455 cm, Soil Type: Dry and Limy
Mine Type: Booby Trap Anti-Personnel


**Recommendation:** Ground Penetrating Radar (GPR)
**Explanation:** The dry and limy soil suggests good radar penetration, which is crucial for detecting buried objects like booby traps. Furthermore, the relatively shallow depth (0.45cm) will likely still allow GPR to produce a good signal, even if a metal detector may not be strong enough due to the thin object. The presence of a booby trap emphasizes the need for detailed subsurface imaging.",/content/drive/MyDrive/AAMA/attn_170.json
171,"You are a sensor expert.

Scenario:

You are a sensor expert. Given the following situation:

Voltage: 0.255860743 V, Height: 0.545454545 cm, Soil Type: Dry and Limy
Mine Type: Booby Trap Anti-Personnel


**Recommendation:** Ground Penetrating Radar (GPR)
**Explanation:** The dry, limy soil offers favorable conditions for GPR penetration. Furthermore, the presence of a booby trap necessitates the detection of buried objects, which GPR excels at revealing due to its ability to penetrate subsurface features. The low voltage suggests a shallow depth, still within the optimal range for GPR.",/content/drive/MyDrive/AAMA/attn_171.json
172,"You are a sensor expert.

Scenario:

You are a sensor expert. Given the following situation:

Voltage: 0.233987607 V, Height: 0.727272727 cm, Soil Type: Dry and Limy
Mine Type: Booby Trap Anti-Personnel


**Recommendation:** Ground Penetrating Radar (GPR)
**Explanation:** The dry and limy soil will allow for a decent penetration with GPR. Considering the mine type, a booby trap, this requires careful investigation of buried objects – GPR excels at identifying the shape and depth of underground anomalies, offering a much greater ability to detect the trap than a metal detector alone.",/content/drive/MyDrive/AAMA/attn_172.json
173,"You are a sensor expert.

Scenario:

You are a sensor expert. Given the following situation:

Voltage: 0.213096646 V, Height: 0.818181818 cm, Soil Type: Dry and Limy
Mine Type: Booby Trap Anti-Personnel


**Recommendation:** Ground Penetrating Radar (GPR)
**Explanation:** The dry and limy soil coupled with a possible booby trap indicates a more complex subsurface environment. GPR can penetrate through this type of soil and detect anomalies associated with buried metallic objects. A booby trap, being a targeted metallic device, should be revealed by GPR.",/content/drive/MyDrive/AAMA/attn_173.json
174,"You are a sensor expert.

Scenario:

You are a sensor expert. Given the following situation:

Voltage: 0.234924175 V, Height: 1 cm, Soil Type: Dry and Limy
Mine Type: Booby Trap Anti-Personnel


**Recommendation:** Ground Penetrating Radar (GPR)
**Explanation:** The dry, limy soil suggests good penetration for GPR, while the low voltage indicates the target isn’t particularly metallic, so a standard metal detector won’t reliably detect it. The presence of a booby trap makes it more likely to be hidden near the surface and GPR's ability to see sub-surface features is crucial for locating hidden traps or components.",/content/drive/MyDrive/AAMA/attn_174.json
175,"You are a sensor expert.

Scenario:

You are a sensor expert. Given the following situation:

Voltage: 0.592144292 V, Height: 0 cm, Soil Type: Humid and Limy
Mine Type: Booby Trap Anti-Personnel


**Recommendation:** Ground Penetrating Radar (GPR)
**Explanation:** The high humidity and limy soil significantly reduce the effectiveness of a metal detector. The presence of a booby trap, particularly one designed to be hidden underground, suggests a need to probe the subsurface for anomalies rather than simply detecting metallic components. GPR’s ability to image subsurface features is therefore more valuable in this context.",/content/drive/MyDrive/AAMA/attn_175.json
176,"You are a sensor expert.

Scenario:

You are a sensor expert. Given the following situation:

Voltage: 0.416917941 V, Height: 0.181818182 cm, Soil Type: Humid and Limy
Mine Type: Booby Trap Anti-Personnel


**Recommendation:** Ground Penetrating Radar (GPR)
**Explanation:** The humid and limy soil, combined with a booby trap detection scenario, suggests a significant reduction in metal detector effectiveness due to signal attenuation. GPR excels in analyzing subsurface conditions and can detect buried structures, potentially revealing the hidden wires and components of a mine, offering a much more comprehensive assessment than a conventional metal detector. The voltage data indicates weak signal strength which further supports using GPR.",/content/drive/MyDrive/AAMA/attn_176.json
177,"You are a sensor expert.

Scenario:

You are a sensor expert. Given the following situation:

Voltage: 0.422960229 V, Height: 0.272727273 cm, Soil Type: Humid and Limy
Mine Type: Booby Trap Anti-Personnel


**Recommendation:** Ground Penetrating Radar (GPR)
**Explanation:** The humid and limy soil presents a significant challenge for a metal detector, hindering its ability to detect buried metallic objects effectively. Given the presence of a potentially booby trap, accurately imaging subsurface features is crucial. GPR is much better suited to penetrating such soils and providing a detailed image of the area, potentially revealing the location and nature of the trap.",/content/drive/MyDrive/AAMA/attn_177.json
178,"You are a sensor expert.

Scenario:

You are a sensor expert. Given the following situation:

Voltage: 0.407854509 V, Height: 0.454545455 cm, Soil Type: Humid and Limy
Mine Type: Booby Trap Anti-Personnel


**Recommendation:** Ground Penetrating Radar (GPR)
**Explanation:** The humid, limy soil will significantly attenuate radar signals, but the presence of a booby trap suggests a metallic component. GPR is best at finding buried metallic objects and this type of soil may be thick enough to require that additional resolution. The low voltage suggests that this location is rather deep in the ground, requiring a more robust method for penetration.",/content/drive/MyDrive/AAMA/attn_178.json
179,"You are a sensor expert.

Scenario:

You are a sensor expert. Given the following situation:

Voltage: 0.33232591 V, Height: 0.545454545 cm, Soil Type: Humid and Limy
Mine Type: Booby Trap Anti-Personnel


**Recommendation:** Ground Penetrating Radar (GPR)
**Explanation:** The humid and limy soil will significantly weaken radar signals, making a metal detector less effective. A booby trap is likely to be metallic, however, the wet soil and depth will likely hide the signal, with GPR being the better choice to find it.",/content/drive/MyDrive/AAMA/attn_179.json
180,"You are a sensor expert.

Scenario:

You are a sensor expert. Given the following situation:

Voltage: 0.329304766 V, Height: 0.727272727 cm, Soil Type: Humid and Limy
Mine Type: Booby Trap Anti-Personnel


**Recommendation:** Ground Penetrating Radar (GPR)
**Explanation:** The humid and limy soil conditions will significantly reduce the effectiveness of a metal detector, due to increased signal attenuation. Given the presence of a potential booby trap, identifying buried objects is critical, and GPR's ability to penetrate deeper and provide more detailed subsurface imaging is significantly more useful. The proximity of a booby trap warrants prioritizing subsurface detection.",/content/drive/MyDrive/AAMA/attn_180.json
181,"You are a sensor expert.

Scenario:

You are a sensor expert. Given the following situation:

Voltage: 0.365558494 V, Height: 0.818181818 cm, Soil Type: Humid and Limy
Mine Type: Booby Trap Anti-Personnel


**Recommendation:** Ground Penetrating Radar (GPR)
**Explanation:** The humid and limy soil conditions will significantly attenuate the signal of a metal detector, reducing its effectiveness. The presence of a booby trap further suggests a buried metallic device, requiring a more penetrating method. GPR is better at imaging deeper subsurface features while overcoming the effects of the soil.",/content/drive/MyDrive/AAMA/attn_181.json
182,"You are a sensor expert.

Scenario:

You are a sensor expert. Given the following situation:

Voltage: 0.329304766 V, Height: 1 cm, Soil Type: Humid and Limy
Mine Type: Booby Trap Anti-Personnel


**Recommendation:** Ground Penetrating Radar (GPR)
**Explanation:** The humid and limy soil will severely attenuate radar signals, making a metal detector ineffective. However, the presence of a booby trap indicates the potential for subsurface anomalies that GPR excels at detecting, despite the soil's limitations. It is best to first determine what's below the surface before sweeping for metal.",/content/drive/MyDrive/AAMA/attn_182.json
183,"You are a sensor expert.

Scenario:

You are a sensor expert. Given the following situation:

Voltage: 0.58308086 V, Height: 0 cm, Soil Type: Dry and Sandy
Mine Type: M14 Anti-Personnel


**Recommendation:** Ground Penetrating Radar (GPR)
**Explanation:** Given the dry, sandy soil conditions, GPR will provide the best signal penetration and imaging of the subsurface. The presence of an anti-personnel mine (M14) suggests a metallic component, which GPR will be able to detect despite the soil’s favorable properties. A metal detector might be less effective due to the sandy conditions which are known to cause interference.",/content/drive/MyDrive/AAMA/attn_183.json
184,"You are a sensor expert.

Scenario:

You are a sensor expert. Given the following situation:

Voltage: 0.311177902 V, Height: 0.181818182 cm, Soil Type: Dry and Sandy
Mine Type: M14 Anti-Personnel


**Recommendation:** Ground Penetrating Radar (GPR)
**Explanation:** The dry and sandy soil will give the radar a great penetration range, allowing it to map deeper underground. The mine type, indicating metallic content, strengthens the need for GPR to distinguish metal from the surrounding geology and potentially identify anomalies. Metal detectors would likely be overwhelmed by the presence of the mine.",/content/drive/MyDrive/AAMA/attn_184.json
185,"You are a sensor expert.

Scenario:

You are a sensor expert. Given the following situation:

Voltage: 0.277945319 V, Height: 0.272727273 cm, Soil Type: Dry and Sandy
Mine Type: M14 Anti-Personnel


**Recommendation:** Ground Penetrating Radar (GPR)
**Explanation:** The dry, sandy soil indicates that radar waves will penetrate relatively well, making GPR the more effective choice for surveying. The presence of an M14 anti-personnel mine suggests a metallic signature, and GPR’s ability to image subsurface targets is superior to a metal detector in this scenario. Additionally, we know a depth of 0.27 cm is likely shallow, making deeper scanning benefits of GPR more relevant.",/content/drive/MyDrive/AAMA/attn_185.json
186,"You are a sensor expert.

Scenario:

You are a sensor expert. Given the following situation:

Voltage: 0.335347054 V, Height: 0.454545455 cm, Soil Type: Dry and Sandy
Mine Type: M14 Anti-Personnel


**Recommendation:** Ground Penetrating Radar (GPR)
**Explanation:** The soil type is dry and sandy, which indicates good radar penetration and a lower likelihood of signal attenuation. Additionally, the mine type indicates the potential for metallic objects, but the presence of non-metallic explosives suggests GPR would provide a more detailed image of the subsurface, especially considering we are at a shallow depth.",/content/drive/MyDrive/AAMA/attn_186.json
187,"You are a sensor expert.

Scenario:

You are a sensor expert. Given the following situation:

Voltage: 0.229607015 V, Height: 0.545454545 cm, Soil Type: Dry and Sandy
Mine Type: M14 Anti-Personnel


**Recommendation:** Ground Penetrating Radar (GPR)
**Explanation:** The dry and sandy soil conditions suggest that GPR would have good penetration, allowing for deeper imaging of subsurface features. Given the potential for metallic objects indicated by the mine type (M14 Anti-Personnel), GPR can distinguish between metal objects and the surrounding soil much better than a metal detector which might only register very large metallic objects near the surface. Also, considering the relatively low voltage, we can infer that the antenna's signal might be weak and GPR's ability to map subsurface with higher resolution would be more useful.",/content/drive/MyDrive/AAMA/attn_187.json
188,"You are a sensor expert.

Scenario:

You are a sensor expert. Given the following situation:

Voltage: 0.290029894 V, Height: 0.727272727 cm, Soil Type: Dry and Sandy
Mine Type: M14 Anti-Personnel


**Recommendation:** Ground Penetrating Radar (GPR)
**Explanation:** The dry and sandy soil provides excellent penetration for GPR signals, allowing us to effectively image the subsurface. The presence of a M14 anti-personnel mine suggests a potential metallic anomaly, which GPR can detect. Voltage and height data are not relevant to this assessment.",/content/drive/MyDrive/AAMA/attn_188.json
189,"You are a sensor expert.

Scenario:

You are a sensor expert. Given the following situation:

Voltage: 0.30211447 V, Height: 0.818181818 cm, Soil Type: Dry and Sandy
Mine Type: M14 Anti-Personnel


**Recommendation:** Ground Penetrating Radar (GPR)
**Explanation:** The dry and sandy soil conditions will allow for good radar penetration, making GPR the best option to investigate the subsurface. The detection of an M14 Anti-Personnel mine indicates the presence of metal, which GPR can identify even at moderate depths. Additionally, the relatively shallow depth (0.818cm) is within the optimal range for GPR operation.",/content/drive/MyDrive/AAMA/attn_189.json
190,"You are a sensor expert.

Scenario:

You are a sensor expert. Given the following situation:

Voltage: 0.314199046 V, Height: 1 cm, Soil Type: Dry and Sandy
Mine Type: M14 Anti-Personnel


**Recommendation:** Ground Penetrating Radar (GPR)
**Explanation:** The dry and sandy soil is favorable for GPR, as it allows for better signal penetration compared to wet or clay-rich conditions. Given the mine type, even small metallic components from the mine will be detectable. A metal detector would be insufficient due to the depth and need to identify the presence of the mine shaft, not just its metal composition.",/content/drive/MyDrive/AAMA/attn_190.json
191,"You are a sensor expert.

Scenario:

You are a sensor expert. Given the following situation:

Voltage: 0.558911708 V, Height: 0 cm, Soil Type: Humid and Sandy
Mine Type: M14 Anti-Personnel


**Recommendation:** Ground Penetrating Radar (GPR)
**Explanation:** The humid and sandy soil will slightly impede the performance of a metal detector, but the presence of a potentially large M14 anti-personnel mine suggests a need to investigate deeper. GPR is best suited for subsurface investigations, and its ability to penetrate soil relatively well due to the sand will allow for good imaging of potential buried objects deeper than a metal detector could detect. The mine type also makes GPR a strong candidate for determining the size and shape of the buried threat.",/content/drive/MyDrive/AAMA/attn_191.json
192,"You are a sensor expert.

Scenario:

You are a sensor expert. Given the following situation:

Voltage: 0.501509972 V, Height: 0.181818182 cm, Soil Type: Humid and Sandy
Mine Type: M14 Anti-Personnel


**Recommendation:** Ground Penetrating Radar (GPR)
**Explanation:** The humid and sandy soil is advantageous for GPR penetration, offering a clearer signal. The presence of an anti-personnel mine indicates potential buried metallic content, which GPR can effectively map. Although the voltage is relatively low, GPR's ability to identify subsurface features outweighs the signal challenge presented by the soil conditions.",/content/drive/MyDrive/AAMA/attn_192.json
193,"You are a sensor expert.

Scenario:

You are a sensor expert. Given the following situation:

Voltage: 0.534742556 V, Height: 0.272727273 cm, Soil Type: Humid and Sandy
Mine Type: M14 Anti-Personnel


**Recommendation:** Ground Penetrating Radar (GPR)
**Explanation:** The humid and sandy soil suggests limited penetration for a metal detector, potentially masking the buried mine. Furthermore, the M14 anti-personnel mine is likely buried deeper than what a standard metal detector can easily detect. GPR can penetrate the soil and provide a visual representation of the subsurface anomalies indicating the presence of the mine.",/content/drive/MyDrive/AAMA/attn_193.json
194,"You are a sensor expert.

Scenario:

You are a sensor expert. Given the following situation:

Voltage: 0.489425397 V, Height: 0.454545455 cm, Soil Type: Humid and Sandy
Mine Type: M14 Anti-Personnel


**Recommendation:** Ground Penetrating Radar (GPR)
**Explanation:** The humid and sandy soil conditions suggest that a metal detector would be less effective due to the increased moisture and clay content that can dampen signals. Furthermore, the presence of an M14 anti-personnel mine—likely containing metal—requires a non-destructive method to determine its location and depth. GPR can penetrate deeper into the ground and produce an image of underground features.",/content/drive/MyDrive/AAMA/attn_194.json
195,"You are a sensor expert.

Scenario:

You are a sensor expert. Given the following situation:

Voltage: 0.443805988 V, Height: 0.545454545 cm, Soil Type: Humid and Sandy
Mine Type: M14 Anti-Personnel


**Recommendation:** Ground Penetrating Radar (GPR)
**Explanation:** The soil is very humid and sandy, which is excellent for GPR penetration. Additionally, the mine type suggests a metallic component, however the elevated voltage indicates some mineral content that could interfere with a metal detector, making the deeper penetration of GPR more likely to succeed.",/content/drive/MyDrive/AAMA/attn_195.json
196,"You are a sensor expert.

Scenario:

You are a sensor expert. Given the following situation:

Voltage: 0.389727645 V, Height: 0.727272727 cm, Soil Type: Humid and Sandy
Mine Type: M14 Anti-Personnel


**Recommendation:** Ground Penetrating Radar (GPR)
**Explanation:** The humid and sandy soil conditions will attenuate radar signals, but the height provides some penetration. The presence of a mine suggests a metallic anomaly, a feature ideal for GPR detection. Therefore, GPR is the most suitable sensor for this scenario due to the presence of possible metallic anomalies and some hope of penetration amidst the soil conditions.",/content/drive/MyDrive/AAMA/attn_196.json
197,"You are a sensor expert.

Scenario:

You are a sensor expert. Given the following situation:

Voltage: 0.395044805 V, Height: 0.818181818 cm, Soil Type: Humid and Sandy
Mine Type: M14 Anti-Personnel


**Recommendation:** Ground Penetrating Radar (GPR)
**Explanation:** The humid and sandy soil conditions are going to attenuate the signal from a metal detector, making it less effective. This mine type is likely to consist of metallic material, which will be detected by a metal detector. Since the depth of the target is relatively low (0.818 cm), GPR will provide a more accurate image of the subsurface structure and the mine object’s size and shape, improving the chance of detection.",/content/drive/MyDrive/AAMA/attn_197.json
198,"You are a sensor expert.

Scenario:

You are a sensor expert. Given the following situation:

Voltage: 0.365558494 V, Height: 1 cm, Soil Type: Humid and Sandy
Mine Type: M14 Anti-Personnel


**Recommendation:** Ground Penetrating Radar (GPR)
**Explanation:** The humid and sandy soil is advantageous for GPR penetration, while the low voltage suggests it may be difficult to detect with a metal detector. Additionally, the mine type indicates potential metallic content, and GPR’s ability to image subsurface structures is better suited for evaluating this.",/content/drive/MyDrive/AAMA/attn_198.json
199,"You are a sensor expert.

Scenario:

You are a sensor expert. Given the following situation:

Voltage: 0.422960229 V, Height: 0.181818182 cm, Soil Type: Dry and Humus
Mine Type: M14 Anti-Personnel


**Recommendation:** Ground Penetrating Radar (GPR)
**Explanation:** Given the dry soil conditions and the presence of humus (which can sometimes attenuate metal detector signals), GPR is likely to penetrate the soil better and provide a clearer picture of subsurface features. The height readings aren't particularly relevant to the overall sensor choice, but the presence of a mine (M14 Anti-Personnel) suggests a complex subsurface environment which could require deeper investigation that a simple metal detector would not provide.",/content/drive/MyDrive/AAMA/attn_199.json
200,"You are a sensor expert.

Scenario:

You are a sensor expert. Given the following situation:

Voltage: 0.34743163 V, Height: 0.545454545 cm, Soil Type: Dry and Humus
Mine Type: M14 Anti-Personnel


**Recommendation:** Ground Penetrating Radar (GPR)
**Explanation:** The dry and sandy soil combined with a high voltage reading suggests a good radar penetration depth. The presence of an anti-personnel mine (M14) implies a metallic signature, which GPR can resolve despite potential subsurface anomalies from the humus.",/content/drive/MyDrive/AAMA/attn_200.json
201,"You are a sensor expert.

Scenario:

You are a sensor expert. Given the following situation:

Voltage: 0.33232591 V, Height: 0.636363636 cm, Soil Type: Dry and Humus
Mine Type: M14 Anti-Personnel


**Recommendation:** Ground Penetrating Radar (GPR)
**Explanation:** The dry and humus soil suggests relatively good radar penetration compared to wet or clay soils. The presence of a mine, particularly an anti-personnel mine (M14), indicates a likely metallic signature, and GPR is the best tool for detecting buried metal objects beneath the soil. The voltage value provides some confirmation of the initial signal, though it is somewhat low and would likely be augmented with an added antenna in the field.",/content/drive/MyDrive/AAMA/attn_201.json
202,"You are a sensor expert.

Scenario:

You are a sensor expert. Given the following situation:

Voltage: 0.296072182 V, Height: 0.909090909 cm, Soil Type: Dry and Humus
Mine Type: M14 Anti-Personnel


**Recommendation:** Ground Penetrating Radar (GPR)
**Explanation:** The dry soil conditions with humus content would likely be advantageous for GPR, allowing it to penetrate deeper. Furthermore, the presence of a mine—specifically an M14 anti-personnel mine—suggests a strong metallic signature that’s probably buried deeper than a basic metal detector can handle. GPR is best equipped to discern subsurface metallic anomalies.",/content/drive/MyDrive/AAMA/attn_202.json
203,"You are a sensor expert.

Scenario:

You are a sensor expert. Given the following situation:

Voltage: 0.33232591 V, Height: 1 cm, Soil Type: Dry and Humus
Mine Type: M14 Anti-Personnel


**Recommendation:** Ground Penetrating Radar (GPR)
**Explanation:** The dry and humus soil should allow for good GPR penetration. Additionally, the presence of an M14 anti-personnel mine indicates a potential metallic component, which GPR can identify, while the low voltage suggests little electrical conductivity. Therefore, GPR will likely be more effective at mapping the subsurface anomalies caused by the mine than a metal detector.",/content/drive/MyDrive/AAMA/attn_203.json
204,"You are a sensor expert.

Scenario:

You are a sensor expert. Given the following situation:

Voltage: 0.419184136 V, Height: 0.090909091 cm, Soil Type: Humid and Humus
Mine Type: M14 Anti-Personnel


**Recommendation:** Ground Penetrating Radar (GPR)
**Explanation:** The humid and humus soil will significantly reduce the penetration range of a metal detector, making it ineffective at these depths. Given the presence of a mine (specifically an anti-personnel mine – M14), detecting it with a metal detector is unlikely, and GPR offers the best chance of identifying subsurface anomalies.",/content/drive/MyDrive/AAMA/attn_204.json
205,"You are a sensor expert.

Scenario:

You are a sensor expert. Given the following situation:

Voltage: 0.422839599 V, Height: 0.181818182 cm, Soil Type: Humid and Humus
Mine Type: M14 Anti-Personnel


**Recommendation:** Ground Penetrating Radar (GPR)
**Explanation:** The soil is humid and contains humus, which will attenuate radar signals and make it difficult for GPR to penetrate effectively. However, the M14 Anti-Personnel mine’s metallic content, combined with the shallow depth indicated by the voltage, suggests a potential for detecting metallic objects using GPR with appropriate tuning. A metal detector would be less effective in this situation due to the soil’s properties.",/content/drive/MyDrive/AAMA/attn_205.json
206,"You are a sensor expert.

Scenario:

You are a sensor expert. Given the following situation:

Voltage: 0.378368198 V, Height: 0.363636364 cm, Soil Type: Humid and Humus
Mine Type: M14 Anti-Personnel


**Recommendation:** Ground Penetrating Radar (GPR)
**Explanation:** The humid and humus soil is a significant impediment to metal detectors, reducing their effectiveness. Given the mine type (M14 anti-personnel), it is highly probable that the anomaly is buried deeply, and GPR's ability to penetrate subsurface materials outweighs the limitations of a metal detector in this environment. The voltage indicates a weak signal for metal detection.",/content/drive/MyDrive/AAMA/attn_206.json
207,"You are a sensor expert.

Scenario:

You are a sensor expert. Given the following situation:

Voltage: 0.371600782 V, Height: 0.454545455 cm, Soil Type: Humid and Humus
Mine Type: M14 Anti-Personnel


**Recommendation:** Ground Penetrating Radar (GPR)
**Explanation:** The humid soil and presence of humus will likely impede the operation of a metal detector, reducing its ability to detect the metallic mine. GPR is much more effective in soils with higher moisture content, and I would prioritize this over a metal detector given this profile. The M14 mine, with its metal components, is a compelling target for GPR.",/content/drive/MyDrive/AAMA/attn_207.json
208,"You are a sensor expert.

Scenario:

You are a sensor expert. Given the following situation:

Voltage: 0.348791077 V, Height: 0.636363636 cm, Soil Type: Humid and Humus
Mine Type: M14 Anti-Personnel


**Recommendation:** Ground Penetrating Radar (GPR)
**Explanation:** The high humidity and humus content indicate significant signal degradation for a metal detector, reducing its effectiveness. The presence of an M14 anti-personnel mine suggests a metallic component, making GPR's ability to penetrate subsurface layers and map the mine's depth and shape far more beneficial than a metal detector's sensitivity.",/content/drive/MyDrive/AAMA/attn_208.json
209,"You are a sensor expert.

Scenario:

You are a sensor expert. Given the following situation:

Voltage: 0.353685358 V, Height: 0.727272727 cm, Soil Type: Humid and Humus
Mine Type: M14 Anti-Personnel


**Recommendation:** Ground Penetrating Radar (GPR)
**Explanation:** The humid soil and the presence of humus will severely impede the operation of a metal detector, making it unreliable. The potential for hidden ordnance (M14 Anti-Personnel mine) is heightened by the conditions, suggesting a greater need for subsurface imaging to assess the hazard before risking a manual search. GPR's ability to penetrate deeper through these challenging soils would be invaluable here.",/content/drive/MyDrive/AAMA/attn_209.json
210,"You are a sensor expert.

Scenario:

You are a sensor expert. Given the following situation:

Voltage: 0.323262478 V, Height: 0.909090909 cm, Soil Type: Humid and Humus
Mine Type: M14 Anti-Personnel


**Recommendation:** Ground Penetrating Radar (GPR)
**Explanation:** The humid soil combined with the presence of humus will significantly impede the signal of a metal detector. GPR is better suited for penetrating subsurface materials and detecting buried objects, particularly when metal is not a prominent factor. The mine type, a potential buried hazard, further emphasizes the need for subsurface imaging beyond simple metallic detection.",/content/drive/MyDrive/AAMA/attn_210.json
211,"You are a sensor expert.

Scenario:

You are a sensor expert. Given the following situation:

Voltage: 0.295347054 V, Height: 1 cm, Soil Type: Humid and Humus
Mine Type: M14 Anti-Personnel


**Recommendation:** Ground Penetrating Radar (GPR)
**Explanation:** The high soil moisture and the presence of humus severely impair the performance of a metal detector, making it unlikely to detect the mine. GPR is much more effective at penetrating subsurface materials in this scenario and therefore allows you to gain an image of the subsurface conditions. The M14 mine being a metallic device will provide a strong reflection to GPR.",/content/drive/MyDrive/AAMA/attn_211.json
212,"You are a sensor expert.

Scenario:

You are a sensor expert. Given the following situation:

Voltage: 0.471298533 V, Height: 0.181818182 cm, Soil Type: Dry and Limy
Mine Type: M14 Anti-Personnel


**Recommendation:** Ground Penetrating Radar (GPR)
**Explanation:** The dry, limy soil type will provide good radar penetration, which is crucial for imaging subsurface features. The presence of a potential mine (M14 Anti-Personnel) warrants investigation, and GPR is better equipped to detect buried objects that are not metallic. Voltage suggests a low intensity signal with GPR likely to reveal a clearer image.",/content/drive/MyDrive/AAMA/attn_212.json
213,"You are a sensor expert.

Scenario:

You are a sensor expert. Given the following situation:

Voltage: 0.444108237 V, Height: 0.272727273 cm, Soil Type: Dry and Limy
Mine Type: M14 Anti-Personnel


**Recommendation:** Ground Penetrating Radar (GPR)
**Explanation:** The dry, limy soil conditions suggest good radar penetration, while the M14 anti-personnel mine presents a potential metallic signature that a metal detector could detect. However, the limited height and voltage, combined with the presence of a significant metallic object, strongly imply subsurface depth. GPR is better equipped to map subsurface structures and identify anomalies without being obscured by simple metallic responses.",/content/drive/MyDrive/AAMA/attn_213.json
214,"You are a sensor expert.

Scenario:

You are a sensor expert. Given the following situation:

Voltage: 0.383685358 V, Height: 0.454545455 cm, Soil Type: Dry and Limy
Mine Type: M14 Anti-Personnel


**Recommendation:** Ground Penetrating Radar (GPR)
**Explanation:** The dry, limy soil provides favorable conditions for radar penetration, making GPR more effective than a metal detector. The presence of an M14 anti-personnel mine indicates a potential buried metallic object; radar's ability to detect subsurface features will be very useful in locating the mine. The low voltage suggests relatively weak radar signal, but is still enough to warrant the use of this technology.",/content/drive/MyDrive/AAMA/attn_214.json
215,"You are a sensor expert.

Scenario:

You are a sensor expert. Given the following situation:

Voltage: 0.350875653 V, Height: 0.545454545 cm, Soil Type: Dry and Limy
Mine Type: M14 Anti-Personnel


**Recommendation:** Ground Penetrating Radar (GPR)
**Explanation:** The dry and limy soil will allow for optimal radar penetration, providing a better view of underground structures. The mine type, M14 Anti-Personnel, suggests a significant metallic signature that could be buried deep. GPR’s ability to detect subsurface anomalies due to metal will be the most effective tool in this scenario.",/content/drive/MyDrive/AAMA/attn_215.json
216,"You are a sensor expert.

Scenario:

You are a sensor expert. Given the following situation:

Voltage: 0.341389342 V, Height: 0.727272727 cm, Soil Type: Dry and Limy
Mine Type: M14 Anti-Personnel


**Recommendation:** Ground Penetrating Radar (GPR)
**Explanation:** The dry and limy soil conditions are generally favorable for GPR signals to penetrate, offering a better chance of detecting subsurface anomalies. The presence of an M14 anti-personnel mine, which is predominantly metallic, further strengthens the need for a sensor capable of deeper penetration, which GPR can provide over a standard metal detector. ---",/content/drive/MyDrive/AAMA/attn_216.json
217,"You are a sensor expert.

Scenario:

You are a sensor expert. Given the following situation:

Voltage: 0.341389342 V, Height: 0.818181818 cm, Soil Type: Dry and Limy
Mine Type: M14 Anti-Personnel


**Recommendation:** Ground Penetrating Radar (GPR)
**Explanation:** The dry and limy soil is ideal for GPR, as it's less dense than clay or humid soils and will allow for better radar penetration. The voltage reading indicates a decent signal is present, and the mine type – an anti-personnel device – likely contains metal. A GPR would be most effective at imaging the subsurface and detecting the metallic object and its characteristics.",/content/drive/MyDrive/AAMA/attn_217.json
218,"You are a sensor expert.

Scenario:

You are a sensor expert. Given the following situation:

Voltage: 0.296072182 V, Height: 1 cm, Soil Type: Dry and Limy
Mine Type: M14 Anti-Personnel


**Recommendation:** Ground Penetrating Radar (GPR)
**Explanation:** The dry and limy soil type will allow GPR to penetrate reasonably well, allowing it to identify anomalies created by the mine. The voltage reading suggests that the readings would be relatively weaker. Mining type may indicate a high level of metallic content, which would be beneficial to be looked for with GPR.",/content/drive/MyDrive/AAMA/attn_218.json
219,"You are a sensor expert.

Scenario:

You are a sensor expert. Given the following situation:

Voltage: 0.495467684 V, Height: 0.090909091 cm, Soil Type: Humid and Limy
Mine Type: M14 Anti-Personnel


**Recommendation:** Ground Penetrating Radar (GPR)
**Explanation:** The humid and limy soil conditions will significantly attenuate radar signals, making a metal detector less reliable. Given the presence of an M14 anti-personnel mine, subsurface detection will require penetrating the soil to locate the mine. GPR's ability to visualize the subsurface structure allows for targeted searching without relying heavily on metal detection.",/content/drive/MyDrive/AAMA/attn_219.json
220,"You are a sensor expert.

Scenario:

You are a sensor expert. Given the following situation:

Voltage: 0.410875653 V, Height: 0.272727273 cm, Soil Type: Humid and Limy
Mine Type: M14 Anti-Personnel


**Recommendation:** Ground Penetrating Radar (GPR)
**Explanation:** The humid and limy soil significantly impairs the ability of a metal detector to accurately detect metal objects. The presence of an M14 anti-personnel mine strongly suggests metallic composition. GPR can penetrate these challenging subsurface conditions to map the target's location and potentially reveal surrounding anomalies, providing more comprehensive data than a metal detector alone.",/content/drive/MyDrive/AAMA/attn_220.json
221,"You are a sensor expert.

Scenario:

You are a sensor expert. Given the following situation:

Voltage: 0.371600782 V, Height: 0.363636364 cm, Soil Type: Humid and Limy
Mine Type: M14 Anti-Personnel


**Recommendation:** Ground Penetrating Radar (GPR)
**Explanation:** The humid and limy soil significantly weakens radar penetration, suggesting that a metal detector might be less effective due to signal interference. Given that there's the presence of a suspected mine (M14) at a shallow depth, GPR is the better choice to image the subsurface and locate buried objects. The voltage reading indicates a low signal strength, further favoring GPR’s ability to resolve deeper features.",/content/drive/MyDrive/AAMA/attn_221.json
222,"You are a sensor expert.

Scenario:

You are a sensor expert. Given the following situation:

Voltage: 0.323262478 V, Height: 0.545454545 cm, Soil Type: Humid and Limy
Mine Type: M14 Anti-Personnel


**Recommendation:** Ground Penetrating Radar (GPR)
**Explanation:** The humid and limy soil conditions significantly weaken radar penetration, suggesting that a metal detector may not effectively detect the mine. The presence of a M14 anti-personnel mine suggests there is a significant metallic component which would respond well to GPR; therefore, GPR is the more sensible sensor choice for this scenario.",/content/drive/MyDrive/AAMA/attn_222.json
223,"You are a sensor expert.

Scenario:

You are a sensor expert. Given the following situation:

Voltage: 0.30211447 V, Height: 0.636363636 cm, Soil Type: Humid and Limy
Mine Type: M14 Anti-Personnel


**Recommendation:** Ground Penetrating Radar (GPR)
**Explanation:** The humid and limy soil will significantly impede the effectiveness of a metal detector, so GPR is the better choice here. The presence of an M14 Anti-Personnel mine indicates a potential for metallic debris, but the wet soil will scatter radar waves. Therefore, GPR’s ability to penetrate the soil is necessary to investigate the area for buried objects.",/content/drive/MyDrive/AAMA/attn_223.json
224,"You are a sensor expert.

Scenario:

You are a sensor expert. Given the following situation:

Voltage: 0.350452774 V, Height: 0.818181818 cm, Soil Type: Humid and Limy
Mine Type: M14 Anti-Personnel


**Recommendation:** Ground Penetrating Radar (GPR)
**Explanation:** The humid soil will significantly reduce the penetration of a metal detector, limiting its range and effectiveness. Given the relatively shallow depth (0.818 cm), GPR can better detect deeper buried objects like the potential mine. The mine type further supports using GPR, as it indicates the presence of metallic components.",/content/drive/MyDrive/AAMA/attn_224.json
225,"You are a sensor expert.

Scenario:

You are a sensor expert. Given the following situation:

Voltage: 0.308156758 V, Height: 0.909090909 cm, Soil Type: Humid and Limy
Mine Type: M14 Anti-Personnel


**Recommendation:** Ground Penetrating Radar (GPR)
**Explanation:** The high humidity and limy soil significantly degrade the performance of a metal detector. Given the mine type of M14 anti-personnel, which indicates a likely presence of metal objects, the presence of the mine type suggests the potential for buried artifacts and/or munitions that a metal detector may not be able to detect. GPR is better at mapping subsurface features and identifying metallic anomalies without being hindered by soil conditions.",/content/drive/MyDrive/AAMA/attn_225.json
226,"You are a sensor expert.

Scenario:

You are a sensor expert. Given the following situation:

Voltage: 0.320241334 V, Height: 0.090909091 cm, Soil Type: Dry and Sandy
Mine Type: NA


**Recommendation:** Ground Penetrating Radar (GPR)
**Explanation:** The soil is dry and sandy, which is favorable for radar penetration. Since no mine type is specified, there’s no immediate indication of high metallic content, suggesting a general subsurface survey is needed. GPR is better at imaging subsurface features without being influenced by surface metallics.",/content/drive/MyDrive/AAMA/attn_226.json
227,"You are a sensor expert.

Scenario:

You are a sensor expert. Given the following situation:

Voltage: 0.268881887 V, Height: 0.363636364 cm, Soil Type: Dry and Sandy
Mine Type: NA


**Recommendation:** Metal Detector
**Explanation:** The soil is dry and sandy, which is ideal for metal detectors. The voltage readings are low, but not necessarily concerning for this combination, and there isn’t a specific mine type to consider complicating the detection. A metal detector will be the most effective tool for this scenario.",/content/drive/MyDrive/AAMA/attn_227.json
228,"You are a sensor expert.

Scenario:

You are a sensor expert. Given the following situation:

Voltage: 0.250241334 V, Height: 0.636363636 cm, Soil Type: Dry and Sandy
Mine Type: NA


**Recommendation:** Ground Penetrating Radar (GPR)
**Explanation:** The dry and sandy soil provides good penetration for GPR, which is ideal for detecting subsurface features. Since the voltage is low and height is small (0.636 cm), it is not necessary to use a metal detector, as a shallow search might be unsuccessful. GPR offers the best potential for revealing the underlying structure and characteristics of the ground.",/content/drive/MyDrive/AAMA/attn_228.json
229,"You are a sensor expert.

Scenario:

You are a sensor expert. Given the following situation:

Voltage: 0.253776167 V, Height: 0.909090909 cm, Soil Type: Dry and Sandy
Mine Type: NA


**Recommendation:** Metal Detector
**Explanation:** The soil type is dry and sandy, which is ideal for metal detectors as it allows electromagnetic waves to penetrate easily. With no specific mine type to analyze, a metal detector would be a reasonable starting point for detecting metallic objects. There's no indication of high soil moisture or clay content that would hinder a metal detector’s performance.",/content/drive/MyDrive/AAMA/attn_229.json
230,"You are a sensor expert.

Scenario:

You are a sensor expert. Given the following situation:

Voltage: 0.365860743 V, Height: 0.090909091 cm, Soil Type: Humid and Sandy
Mine Type: NA


**Recommendation:** Ground Penetrating Radar (GPR)
**Explanation:** The humid and sandy soil type suggests that a metal detector would be hindered by the soil's moisture content and potentially reduced penetration. GPR is much better suited for subsurface investigations in this environment due to its ability to penetrate deeper and image the soil structure with greater clarity. Since the mine type isn't known, GPR gives the broadest interpretation of subsurface features.",/content/drive/MyDrive/AAMA/attn_230.json
231,"You are a sensor expert.

Scenario:

You are a sensor expert. Given the following situation:

Voltage: 0.326072182 V, Height: 0.363636364 cm, Soil Type: Humid and Sandy
Mine Type: NA


**Recommendation:** Ground Penetrating Radar (GPR)
**Explanation:** The soil is described as both humid and sandy, which suggests that the electrical conductivity is relatively low and GPR will be able to penetrate it better than a metal detector. The low voltage indicates minimal metal presence, making a metal detector a less effective choice. Therefore, GPR is the more appropriate sensor for determining subsurface features.",/content/drive/MyDrive/AAMA/attn_231.json
232,"You are a sensor expert.

Scenario:

You are a sensor expert. Given the following situation:

Voltage: 0.293776167 V, Height: 0.636363636 cm, Soil Type: Humid and Sandy
Mine Type: NA


**Recommendation:** Ground Penetrating Radar (GPR)
**Explanation:** The soil type is humid and sandy, which typically weakens radar signals. However, the voltage is relatively low, suggesting that the target is still detectable. Given the mine type is NA and there's no other information, GPR is the better option to penetrate the soil and determine target depth.",/content/drive/MyDrive/AAMA/attn_232.json
233,"You are a sensor expert.

Scenario:

You are a sensor expert. Given the following situation:

Voltage: 0.244712735 V, Height: 0.909090909 cm, Soil Type: Humid and Sandy
Mine Type: NA


**Recommendation:** Ground Penetrating Radar (GPR)
**Explanation:** The humid and sandy soil suggests that a metal detector may not perform well due to moisture and clay interfering with the signal. GPR utilizes electromagnetic waves to image subsurface targets, allowing us to effectively penetrate the moist soil and assess the geological and potential structural features of the area, which could be related to the mine. Since the voltage is low, the signal is likely weak, solidifying the need for a system better equipped to detect subtle underground variations.",/content/drive/MyDrive/AAMA/attn_233.json
234,"You are a sensor expert.

Scenario:

You are a sensor expert. Given the following situation:

Voltage: 0.296585871 V, Height: 0.090909091 cm, Soil Type: Dry and Humus
Mine Type: NA


**Recommendation:** Ground Penetrating Radar (GPR)
**Explanation:** The soil is dry and sandy, which is favorable for GPR penetration. The low voltage suggests a shallow depth, which can be resolved well with radar. Because no mine type is indicated, a simple metallic trace may not provide useful information, favouring the depth revealing properties of GPR.",/content/drive/MyDrive/AAMA/attn_234.json
235,"You are a sensor expert.

Scenario:

You are a sensor expert. Given the following situation:

Voltage: 0.274712735 V, Height: 0.363636364 cm, Soil Type: Dry and Humus
Mine Type: NA


**Recommendation:** Ground Penetrating Radar (GPR)
**Explanation:** The soil is dry and relatively light, which generally favors GPR penetration. The presence of humus adds a slight scattering effect, but not enough to significantly impede radar signals. To assess the likely presence of a mine, deeper data is needed.",/content/drive/MyDrive/AAMA/attn_235.json
236,"You are a sensor expert.

Scenario:

You are a sensor expert. Given the following situation:

Voltage: 0.280966463 V, Height: 0.636363636 cm, Soil Type: Dry and Humus
Mine Type: NA


**Recommendation:** Ground Penetrating Radar (GPR)
**Explanation:** The dry soil combined with the presence of humus is favorable for GPR penetration. While a metal detector could theoretically pick up metallic remnants, the lack of a mine type makes it difficult to determine whether to prioritize detecting metal. GPR is best suited for examining subsurface variations, which is more likely needed given the humid conditions and a lack of information about the mine.",/content/drive/MyDrive/AAMA/attn_236.json
237,"You are a sensor expert.

Scenario:

You are a sensor expert. Given the following situation:

Voltage: 0.229607015 V, Height: 0.909090909 cm, Soil Type: Dry and Humus
Mine Type: NA


**Recommendation:** Ground Penetrating Radar (GPR)
**Explanation:** The soil is dry and somewhat humid, but the presence of humus could still degrade radar penetration. However, since a mine is not present, it makes sense to investigate subsurface features regardless. GPR will penetrate deeper than a metal detector and provide a better image of potential subsurface anomalies.",/content/drive/MyDrive/AAMA/attn_237.json
238,"You are a sensor expert.

Scenario:

You are a sensor expert. Given the following situation:

Voltage: 0.31700875 V, Height: 0.090909091 cm, Soil Type: Humid and Humus
Mine Type: NA


**Recommendation:** Ground Penetrating Radar (GPR)
**Explanation:** The high humidity and presence of humus are significantly weakening the signal of a metal detector. GPR, being a non-invasive technique, is better suited to penetrating these conditions and providing clearer subsurface imaging, particularly given no mineralogical data to assess metal content. With no mine type information, GPR is the most effective approach.",/content/drive/MyDrive/AAMA/attn_238.json
239,"You are a sensor expert.

Scenario:

You are a sensor expert. Given the following situation:

Voltage: 0.314199046 V, Height: 0.363636364 cm, Soil Type: Humid and Humus
Mine Type: NA


**Recommendation:** Ground Penetrating Radar (GPR)
**Explanation:** The humid soil combined with the presence of humus will significantly attenuate radar signals, hindering their ability to penetrate deeply. However, due to the relative shallowness of the voltage and height readings, GPR might still provide valuable data about the subsurface structure before it’s entirely masked by soil moisture. This combination of readings suggests a shallow target with a complex matrix of conductive materials, making GPR more suitable than a simpler metal detector.",/content/drive/MyDrive/AAMA/attn_239.json
240,"You are a sensor expert.

Scenario:

You are a sensor expert. Given the following situation:

Voltage: 0.305135614 V, Height: 0.636363636 cm, Soil Type: Humid and Humus
Mine Type: NA


**Recommendation:** Ground Penetrating Radar (GPR)
**Explanation:** The soil is humid and contains humus, which severely limits the penetration of a metal detector. Ground penetrating radar is better equipped to penetrate such material and reveal subsurface features, regardless of whether they are metallic or not. Because the mine type is unknown, there may be subsurface anomalies that a metal detector would miss, making GPR the superior choice.",/content/drive/MyDrive/AAMA/attn_240.json
241,"You are a sensor expert.

Scenario:

You are a sensor expert. Given the following situation:

Voltage: 0.296072182 V, Height: 0.909090909 cm, Soil Type: Humid and Humus
Mine Type: NA


**Recommendation:** Ground Penetrating Radar (GPR)
**Explanation:** The high humidity and presence of humus in the soil are significant obstacles for a metal detector, as they will attenuate radar signals. While a metal detector might find some surface metal, a GPR would be the more effective method for detecting buried objects or features due to its ability to penetrate deeper and differentiate through such conductive materials. The lack of a mine type offers no additional criteria.",/content/drive/MyDrive/AAMA/attn_241.json
242,"You are a sensor expert.

Scenario:

You are a sensor expert. Given the following situation:

Voltage: 0.338368198 V, Height: 0.090909091 cm, Soil Type: Dry and Limy
Mine Type: NA


**Recommendation:** Ground Penetrating Radar (GPR)
**Explanation:** The dry and limy soil is favorable for GPR, allowing the radar waves to penetrate deeper and gather more detailed information. The low voltage combined with the shallow height suggests a relatively superficial scan area, however, the combination of these attributes indicates deeper information may be revealed with a GPR scan. There’s no indication of potential metallic content, so a simple metal detector wouldn't be the most effective tool.",/content/drive/MyDrive/AAMA/attn_242.json
243,"You are a sensor expert.

Scenario:

You are a sensor expert. Given the following situation:

Voltage: 0.30211447 V, Height: 0.363636364 cm, Soil Type: Dry and Limy
Mine Type: NA


**Recommendation:** Ground Penetrating Radar (GPR)
**Explanation:** The dry, limy soil will allow for decent radar penetration. Because the voltage is so low the metal detector likely won't have enough sensitivity to detect any hidden objects; GPR offers a greater range of depth information than a standard metal detector in the presence of dry soil conditions. Therefore, GPR is the best option to get an understanding of the underground structure.",/content/drive/MyDrive/AAMA/attn_243.json
244,"You are a sensor expert.

Scenario:

You are a sensor expert. Given the following situation:

Voltage: 0.33232591 V, Height: 0.636363636 cm, Soil Type: Dry and Limy
Mine Type: NA


**Recommendation:** Ground Penetrating Radar (GPR)
**Explanation:** The dry, limy soil type indicates good radar penetration, which is crucial for effectively detecting subsurface anomalies like the presence of a mine shaft. There is no indication of metallic content in the mine, making a metal detector less likely to be effective, and GPR is ideal for mapping deeper structures.",/content/drive/MyDrive/AAMA/attn_244.json
245,"You are a sensor expert.

Scenario:

You are a sensor expert. Given the following situation:

Voltage: 0.30211447 V, Height: 0.909090909 cm, Soil Type: Dry and Limy
Mine Type: NA


**Recommendation:** Ground Penetrating Radar (GPR)
**Explanation:** The dry and limy soil conditions will offer the best penetration for GPR signals, allowing it to detect subsurface features with greater clarity and detail. The lack of a specific mine type doesn't significantly skew the sensor choice, and the low voltage suggests a relatively shallow disturbance, which GPR is well suited for resolving. A metal detector might struggle due to the soil type.",/content/drive/MyDrive/AAMA/attn_245.json
246,"You are a sensor expert.

Scenario:

You are a sensor expert. Given the following situation:

Voltage: 0.290029894 V, Height: 0.090909091 cm, Soil Type: Humid and Limy
Mine Type: NA


**Recommendation:** Ground Penetrating Radar (GPR)
**Explanation:** The humid and limy soil composition suggests radar penetration will be somewhat reduced, but still usable. Given the lack of information regarding the mine type, using a metal detector risks false positives. GPR can provide a deeper and more accurate picture of subsurface features, making it the optimal choice for this scenario.",/content/drive/MyDrive/AAMA/attn_246.json
247,"You are a sensor expert.

Scenario:

You are a sensor expert. Given the following situation:

Voltage: 0.259093326 V, Height: 0.363636364 cm, Soil Type: Humid and Limy
Mine Type: NA


**Recommendation:** Ground Penetrating Radar (GPR)
**Explanation:** The humid and limy soil type significantly weakens radar penetration, while the shallow voltage reading suggests that a metal detector might be less effective. Due to the moisture content, a GPR will be more capable of penetrating below the surface and detecting buried objects than a metal detector. Therefore, GPR is the preferred choice to analyze the situation.",/content/drive/MyDrive/AAMA/attn_247.json
248,"You are a sensor expert.

Scenario:

You are a sensor expert. Given the following situation:

Voltage: 0.288368198 V, Height: 0.636363636 cm, Soil Type: Humid and Limy
Mine Type: NA


**Recommendation:** Ground Penetrating Radar (GPR)
**Explanation:** The humid soil combined with the limy composition suggests reduced radar penetration. Therefore, utilizing GPR would give more access to deeper subsurface information than a metal detector would, as a metal detector would have very little penetration and a higher rate of false positives due to the moisture content and presence of minerals. Since the height is low the likelihood of subsurface anomalies is high and more accurate detection is useful.",/content/drive/MyDrive/AAMA/attn_248.json
249,"You are a sensor expert.

Scenario:

You are a sensor expert. Given the following situation:

Voltage: 0.28700875 V, Height: 1 cm, Soil Type: Humid and Limy
Mine Type: NA


**Recommendation:** Ground Penetrating Radar (GPR)
**Explanation:** The high humidity and limy soil composition significantly weakens radar penetration. Since there is no mine type provided, the shallow depth is less of a factor, and we need more detailed subsurface information beyond what a metal detector can reliably provide. GPR will be better at capturing the full profile and potentially revealing buried objects.",/content/drive/MyDrive/AAMA/attn_249.json
250,"You are a sensor expert.

Scenario:

You are a sensor expert. Given the following situation:

Voltage: 0.999998728 V, Height: 0.181818182 cm, Soil Type: Dry and Sandy
Mine Type: Anti-Tank


**Recommendation:** Ground Penetrating Radar (GPR)
**Explanation:** The soil is dry and sandy, offering good radar penetration, which is essential for locating buried objects. An Anti-Tank mine indicates the potential for deeper burial and metallic components, requiring a sensor able to resolve depth information. A metal detector would be less effective in this scenario due to the sand potentially interfering with signal detection.",/content/drive/MyDrive/AAMA/attn_250.json
251,"You are a sensor expert.

Scenario:

You are a sensor expert. Given the following situation:

Voltage: 0.78851865 V, Height: 0.454545455 cm, Soil Type: Dry and Sandy
Mine Type: Anti-Tank


**Recommendation:** Ground Penetrating Radar (GPR)
**Explanation:** The dry and sandy soil will greatly improve radar penetration, which is necessary for deeper investigation. The presence of an anti-tank mine implies a significant metallic component, which GPR is better equipped to detect beneath the surface than a simple metal detector. A metal detector would likely only identify the obvious metallic components, while GPR can provide a more detailed image of the subsurface.",/content/drive/MyDrive/AAMA/attn_251.json
252,"You are a sensor expert.

Scenario:

You are a sensor expert. Given the following situation:

Voltage: 0.586102004 V, Height: 0.727272727 cm, Soil Type: Dry and Sandy
Mine Type: Anti-Tank


**Recommendation:** Ground Penetrating Radar (GPR)
**Explanation:** The dry and sandy soil will allow radar waves to penetrate effectively, providing a clearer image of the subsurface. Considering the mine type is an anti-tank mine, it’s likely buried deep, thus requiring GPR to penetrate the soil depth needed for the detection. A metal detector would be less effective in this instance.",/content/drive/MyDrive/AAMA/attn_252.json
253,"You are a sensor expert.

Scenario:

You are a sensor expert. Given the following situation:

Voltage: 0.439213957 V, Height: 1 cm, Soil Type: Dry and Sandy
Mine Type: Anti-Tank


**Recommendation:** Ground Penetrating Radar (GPR)
**Explanation:** The dry and sandy soil offers good radar penetration, which will be crucial for detecting the potentially deep features associated with an anti-tank mine. The voltage reading suggests a good signal strength for GPR, and the shallow depth (1 cm) won't significantly impact the radar’s ability to create a profile. Anti-tank mines are typically buried quite deep, making a metal detector less effective.",/content/drive/MyDrive/AAMA/attn_253.json
254,"You are a sensor expert.

Scenario:

You are a sensor expert. Given the following situation:

Voltage: 0.999998728 V, Height: 0.181818182 cm, Soil Type: Humid and Sandy
Mine Type: Anti-Tank


**Recommendation:** Ground Penetrating Radar (GPR)
**Explanation:** The humid soil will significantly impede the performance of a metal detector, while the sandy soil is generally more conducive to radar penetration. The anti-tank mine type suggests the presence of substantial metallic material at depth, making GPR’s ability to image subsurface targets far superior to a metal detector’s detection capabilities.",/content/drive/MyDrive/AAMA/attn_254.json
255,"You are a sensor expert.

Scenario:

You are a sensor expert. Given the following situation:

Voltage: 0.725074626 V, Height: 0.454545455 cm, Soil Type: Humid and Sandy
Mine Type: Anti-Tank


**Recommendation:** Ground Penetrating Radar (GPR)
**Explanation:** The high humidity and sandy soil composition indicates that the radar waves will penetrate more effectively than the metal detector, allowing for a better visual representation of the underground structures. The presence of an anti-tank mine suggests a large, complex target, which is best detected by GPR's ability to map subsurface features. The relatively low voltage may also indicate that the radar signal strength is lower compared to what would be ideal, but the soil conditions necessitate a more penetrating sensor.",/content/drive/MyDrive/AAMA/attn_255.json
256,"You are a sensor expert.

Scenario:

You are a sensor expert. Given the following situation:

Voltage: 0.534742556 V, Height: 0.727272727 cm, Soil Type: Humid and Sandy
Mine Type: Anti-Tank


**Recommendation:** Ground Penetrating Radar (GPR)
**Explanation:** The humid sandy soil is beneficial to GPR penetration, and the mine type (anti-tank) suggests buried metallic objects of significant size and potential depth. A metal detector would likely struggle due to the saturation, and the greater depth would further hamper its effectiveness. GPR’s ability to map subsurface structures is critical for locating large metallic hazards.",/content/drive/MyDrive/AAMA/attn_256.json
257,"You are a sensor expert.

Scenario:

You are a sensor expert. Given the following situation:

Voltage: 0.450150525 V, Height: 1 cm, Soil Type: Humid and Sandy
Mine Type: Anti-Tank


**Recommendation:** Ground Penetrating Radar (GPR)
**Explanation:** The humid and sandy soil presents a challenge for a metal detector due to the increased dampness that would reflect signals. Given the anti-tank mine type, there's a high probability of deeper metallic components which is best detected using GPR’s higher penetrating power. A lower voltage implies weakness in the signal due to the conductivity of the humid soil, further reinforcing the need for the greater penetration of radar.",/content/drive/MyDrive/AAMA/attn_257.json
258,"You are a sensor expert.

Scenario:

You are a sensor expert. Given the following situation:

Voltage: 0.513594548 V, Height: 0.181818182 cm, Soil Type: Dry and Humus
Mine Type: Anti-Tank


**Recommendation:** Ground Penetrating Radar (GPR)
**Explanation:** The dry soil type is conducive to GPR operation, allowing for better penetration of the radar signal. Considering the presence of an anti-tank mine, the high sensitivity to depth in this scenario is crucial for finding any buried remains. Metal detectors may be ineffective in locating mines due to their composition.",/content/drive/MyDrive/AAMA/attn_258.json
259,"You are a sensor expert.

Scenario:

You are a sensor expert. Given the following situation:

Voltage: 0.480361965 V, Height: 0.454545455 cm, Soil Type: Dry and Humus
Mine Type: Anti-Tank


**Recommendation:** Ground Penetrating Radar (GPR)
**Explanation:** The high voltage reading indicates strong electrical conductivity, likely due to the humus content of the soil. Anti-tank mines often contain significant metallic components, which could be difficult for a metal detector to effectively locate at depth. GPR's ability to penetrate the dry, humus-rich soil is essential for mapping the buried objects.",/content/drive/MyDrive/AAMA/attn_259.json
260,"You are a sensor expert.

Scenario:

You are a sensor expert. Given the following situation:

Voltage: 0.371600782 V, Height: 0.727272727 cm, Soil Type: Dry and Humus
Mine Type: Anti-Tank


**Recommendation:** Ground Penetrating Radar (GPR)
**Explanation:** The dry soil coupled with humus can assist radar penetration, making GPR the more effective choice. The presence of an anti-tank mine indicates a potential for significant metallic content, and GPR is better at mapping subsurface structures and identifying anomalies associated with buried objects than a metal detector alone. This will help in locating the mine without triggering it.",/content/drive/MyDrive/AAMA/attn_260.json
261,"You are a sensor expert.

Scenario:

You are a sensor expert. Given the following situation:

Voltage: 0.999998728 V, Height: 0.090909091 cm, Soil Type: Humid and Humus
Mine Type: Anti-Tank


**Recommendation:** Ground Penetrating Radar (GPR)
**Explanation:** The presence of humidity and humus in the soil will significantly degrade the performance of a metal detector, weakening its ability to detect metallic objects. Considering the mine type is an anti-tank mine, which would contain substantial metallic components buried deep, GPR’s ability to penetrate the soil and image subsurface features is the preferable tool. The slight voltage indicates a weak signal which will be further hampered by the soil conditions, necessitating a more powerful imaging technique.",/content/drive/MyDrive/AAMA/attn_261.json
262,"You are a sensor expert.

Scenario:

You are a sensor expert. Given the following situation:

Voltage: 0.71299005 V, Height: 0.363636364 cm, Soil Type: Humid and Humus
Mine Type: Anti-Tank


**Recommendation:** Ground Penetrating Radar (GPR)
**Explanation:** The high humidity and presence of humus in the soil will significantly impede the performance of a metal detector. Given the potential for metallic remnants associated with an anti-tank mine, the depth of penetration offered by GPR is essential to image underground objects. A dry/sandy soil situation would be ideal for a metal detector, but this situation leans towards the need for radar imaging.",/content/drive/MyDrive/AAMA/attn_262.json
263,"You are a sensor expert.

Scenario:

You are a sensor expert. Given the following situation:

Voltage: 0.628398019 V, Height: 0.636363636 cm, Soil Type: Humid and Humus
Mine Type: Anti-Tank


**Recommendation:** Ground Penetrating Radar (GPR)
**Explanation:** The humid soil with high humus content will significantly attenuate radar signals, making the metal detector less effective. The presence of an anti-tank mine indicates a high probability of metallic components, which GPR excels at detecting even in challenging conditions where metal detectors struggle.",/content/drive/MyDrive/AAMA/attn_263.json
264,"You are a sensor expert.

Scenario:

You are a sensor expert. Given the following situation:

Voltage: 0.483383109 V, Height: 0.909090909 cm, Soil Type: Humid and Humus
Mine Type: Anti-Tank


**Recommendation:** Ground Penetrating Radar (GPR)
**Explanation:** The presence of both high humidity and humus in the soil suggests a reduced radar penetration. However, the anti-tank mine type indicates a high probability of buried metallic components, and GPR is the best tool for detecting this larger metallic structure buried at any significant depth. Low voltage signals could be affected by mineral content, so a less reliant sensor would better capture the response.",/content/drive/MyDrive/AAMA/attn_264.json
265,"You are a sensor expert.

Scenario:

You are a sensor expert. Given the following situation:

Voltage: 0.999998728 V, Height: 0.090909091 cm, Soil Type: Dry and Limy
Mine Type: Anti-Tank


**Recommendation:** Ground Penetrating Radar (GPR)
**Explanation:** The dry and limy soil provides a good surface for GPR, allowing for deeper penetration. Given the mine type, which indicates a potential for significant metallic resources, GPR is better than a metal detector to map the depth and extent of these buried objects. Lower voltage and height also contribute toward a preference for subsurface techniques.",/content/drive/MyDrive/AAMA/attn_265.json
266,"You are a sensor expert.

Scenario:

You are a sensor expert. Given the following situation:

Voltage: 0.999998728 V, Height: 0.363636364 cm, Soil Type: Dry and Limy
Mine Type: Anti-Tank


**Recommendation:** Ground Penetrating Radar (GPR)
**Explanation:** The dry, limy soil will allow for decent radar penetration, which is crucial for detecting deeper features like a possible minefield. The voltage suggests a stable and strong signal, useful for depth. Given the anti-tank mine type, even if metallic, it is likely buried quite deep, making a metal detector inadequate.",/content/drive/MyDrive/AAMA/attn_266.json
267,"You are a sensor expert.

Scenario:

You are a sensor expert. Given the following situation:

Voltage: 0.851962673 V, Height: 0.636363636 cm, Soil Type: Dry and Limy
Mine Type: Anti-Tank


**Recommendation:** Ground Penetrating Radar (GPR)
**Explanation:** The dry and limy soil type is conducive to good radar penetration, which is critical for GPR to effectively image subsurface features. The anti-tank mine's composition, often steel and other metals, might be difficult for a metal detector to reliably detect due to depth, mineral interference, and possible shielding. GPR can directly image the buried mine and avoid false positives from the surrounding terrain.",/content/drive/MyDrive/AAMA/attn_267.json
268,"You are a sensor expert.

Scenario:

You are a sensor expert. Given the following situation:

Voltage: 0.592144292 V, Height: 0.909090909 cm, Soil Type: Dry and Limy
Mine Type: Anti-Tank


**Recommendation:** Ground Penetrating Radar (GPR)
**Explanation:** The dry and limy soil type is quite favorable for radar penetration, and the mine type of “Anti-Tank” suggests the presence of significant metal content below the surface, making it more difficult for a metal detector to detect. Given the shallow depth (indicated by voltage and height) and the complex metallic signature, GPR is better suited to image the subsurface and identify the precise location and size of the metal objects.",/content/drive/MyDrive/AAMA/attn_268.json
269,"You are a sensor expert.

Scenario:

You are a sensor expert. Given the following situation:

Voltage: 0.99395644 V, Height: 0.090909091 cm, Soil Type: Humid and Limy
Mine Type: Anti-Tank


**Recommendation:** Ground Penetrating Radar (GPR)
**Explanation:** The humid and limy soil is a significant factor; this terrain type will heavily attenuate radar signals, making the metal detector less effective. Furthermore, the presence of an anti-tank mine suggests a high probability of buried metallic components with greater depths than readily detectable by a metal detector. GPR offers greater depth penetration and can differentiate between metallic and non-metallic objects more reliably.",/content/drive/MyDrive/AAMA/attn_269.json
270,"You are a sensor expert.

Scenario:

You are a sensor expert. Given the following situation:

Voltage: 0.779455218 V, Height: 0.363636364 cm, Soil Type: Humid and Limy
Mine Type: Anti-Tank


**Recommendation:** Ground Penetrating Radar (GPR)
**Explanation:** The humid and limy soil will significantly attenuate radar signals, reducing its effectiveness. However, with an anti-tank mine, a metallic component of higher density is likely. GPR is more sensitive to buried metallic objects and the signal penetration might be manageable with this configuration.",/content/drive/MyDrive/AAMA/attn_270.json
271,"You are a sensor expert.

Scenario:

You are a sensor expert. Given the following situation:

Voltage: 0.655588315 V, Height: 0.636363636 cm, Soil Type: Humid and Limy
Mine Type: Anti-Tank


**Recommendation:** Ground Penetrating Radar (GPR)
**Explanation:** The high humidity and limy soil are likely to severely attenuate radar signals, making a metal detector less effective. The presence of an Anti-Tank mine indicates potential for non-metallic objects and complex subsurface anomalies that GPR is better suited to detect, particularly given the varied soil conditions.",/content/drive/MyDrive/AAMA/attn_271.json
272,"You are a sensor expert.

Scenario:

You are a sensor expert. Given the following situation:

Voltage: 0.444108237 V, Height: 0.909090909 cm, Soil Type: Humid and Limy
Mine Type: Anti-Tank


**Recommendation:** Ground Penetrating Radar (GPR)
**Explanation:** The humid and limy soil, combined with a significant height above the ground, will create significant signal attenuation for a metal detector. The anti-tank mine type suggests a potentially large and complex structure, which would be more easily detected with GPR’s ability to image subsurface anomalies. Therefore, GPR is the better choice for detailed subsurface investigation.",/content/drive/MyDrive/AAMA/attn_272.json
273,"You are a sensor expert.

Scenario:

You are a sensor expert. Given the following situation:

Voltage: 0.374621926 V, Height: 0.090909091 cm, Soil Type: Dry and Sandy
Mine Type: Anti-Personnel


**Recommendation:** Ground Penetrating Radar (GPR)
**Explanation:** The dry and sandy soil conditions are ideal for GPR, allowing for good signal penetration. Given the presence of an anti-personnel mine, a deeper scan is required to detect it; GPR is better suited to detect these as they will reflect the radar signal, metal detectors will likely miss them, and the relatively shallow depth will allow GPR to function effectively.",/content/drive/MyDrive/AAMA/attn_273.json
274,"You are a sensor expert.

Scenario:

You are a sensor expert. Given the following situation:

Voltage: 0.344410486 V, Height: 0.363636364 cm, Soil Type: Dry and Sandy
Mine Type: Anti-Personnel


**Recommendation:** Ground Penetrating Radar (GPR)
**Explanation:** With dry, sandy soil and a relatively shallow depth (0.36 cm), GPR is the best choice. The dry conditions provide good radar penetration, and the sandy soil offers minimal signal scattering. Knowing this is an anti-personnel mine suggests a potential for shallow, metallic remnants, a feature more effectively detected by GPR.",/content/drive/MyDrive/AAMA/attn_274.json
275,"You are a sensor expert.

Scenario:

You are a sensor expert. Given the following situation:

Voltage: 0.315558494 V, Height: 0.636363636 cm, Soil Type: Dry and Sandy
Mine Type: Anti-Personnel


**Recommendation:** Ground Penetrating Radar (GPR)
**Explanation:** The dry and sandy soil type suggests that radar signals will penetrate effectively, which is beneficial for GPR. The shallow depth combined with the presence of an anti-personnel mine indicates that a high-resolution scan is necessary to detect subtle changes in the subsurface. Metal detectors would likely be overwhelmed by the metallic components of the mine, while GPR offers superior detection capabilities for this scenario.",/content/drive/MyDrive/AAMA/attn_275.json
276,"You are a sensor expert.

Scenario:

You are a sensor expert. Given the following situation:

Voltage: 0.303685358 V, Height: 0.909090909 cm, Soil Type: Dry and Sandy
Mine Type: Anti-Personnel


**Recommendation:** Ground Penetrating Radar (GPR)
**Explanation:** The dry and sandy soil provides good penetration for GPR, which is crucial for detecting deeper buried objects. The voltage reading suggests a moderate level of signal strength, further supporting the use of GPR to image the subsurface. Because we’re looking for anti-personnel mines, likely buried deeper than a metal detector would easily detect, GPR provides the best chance of success.",/content/drive/MyDrive/AAMA/attn_276.json
277,"You are a sensor expert.

Scenario:

You are a sensor expert. Given the following situation:

Voltage: 0.492446541 V, Height: 0.272727273 cm, Soil Type: Humid and Sandy
Mine Type: Anti-Personnel


**Recommendation:** Ground Penetrating Radar (GPR)
**Explanation:** The soil is humid and sandy, which are favorable conditions for GPR penetration, while the low voltage reading suggests weaker electromagnetic fields. Given the mine type is anti-personnel (likely small metallic items), the lower voltage and GPR’s ability to penetrate deeper into the soil are preferable for detecting the target. A metal detector may yield poor results given the soil conditions.",/content/drive/MyDrive/AAMA/attn_277.json
278,"You are a sensor expert.

Scenario:

You are a sensor expert. Given the following situation:

Voltage: 0.374706501 V, Height: 0.545454545 cm, Soil Type: Humid and Sandy
Mine Type: Anti-Personnel


**Recommendation:** Ground Penetrating Radar (GPR)
**Explanation:** The combination of humid and sandy soil, along with the presence of an anti-personnel mine, suggests a challenging environment for a metal detector. GPR can more effectively penetrate the moist sand and detect buried objects deeper than a basic metal detector can, which is especially vital when considering the potential depth of a mine.",/content/drive/MyDrive/AAMA/attn_278.json
279,"You are a sensor expert.

Scenario:

You are a sensor expert. Given the following situation:

Voltage: 0.356072182 V, Height: 0.818181818 cm, Soil Type: Humid and Sandy
Mine Type: Anti-Personnel


**Recommendation:** Ground Penetrating Radar (GPR)
**Explanation:** The humid and sandy soil provides a relatively good environment for GPR to penetrate, unlike clays which would significantly attenuate the radar signal. The presence of an anti-personnel mine suggests potential buried metallic fragments, which would be easily detected by a metal detector. GPR’s ability to map subsurface features provides significantly more detailed information than a metal detector in this scenario.",/content/drive/MyDrive/AAMA/attn_279.json
280,"You are a sensor expert.

Scenario:

You are a sensor expert. Given the following situation:

Voltage: 0.534742556 V, Height: 0 cm, Soil Type: Dry and Humus
Mine Type: Anti-Personnel


**Recommendation:** Ground Penetrating Radar (GPR)
**Explanation:** The dry soil, along with the low voltage, indicates a good radar penetration. Furthermore, the mine type suggests a metallic component is present, which GPR can successfully detect even below the surface. Metal detectors would be less effective due to the high humus content.",/content/drive/MyDrive/AAMA/attn_280.json
281,"You are a sensor expert.

Scenario:

You are a sensor expert. Given the following situation:

Voltage: 0.395769933 V, Height: 0.272727273 cm, Soil Type: Dry and Humus
Mine Type: Anti-Personnel


**Recommendation:** Ground Penetrating Radar (GPR)
**Explanation:** The soil is dry and humus, which is beneficial for radar penetration. The mine type of anti-personnel suggests a more dispersed, potentially smaller metallic signature than a large ore body. Therefore, GPR’s ability to image subsurface features is more valuable than the simplicity of a metal detector in this case.",/content/drive/MyDrive/AAMA/attn_281.json
282,"You are a sensor expert.

Scenario:

You are a sensor expert. Given the following situation:

Voltage: 0.353473918 V, Height: 0.545454545 cm, Soil Type: Dry and Humus
Mine Type: Anti-Personnel


**Recommendation:** Ground Penetrating Radar (GPR)
**Explanation:** The dry, humus soil indicates good radar penetration, and the anti-personnel mine type suggests buried metallic fragments. A metal detector might be overwhelmed by the soil and be difficult to discern a buried object. GPR is the best tool for detecting the presence and shape of the buried metallic objects, as it does not rely on the conductive properties of the soil.",/content/drive/MyDrive/AAMA/attn_282.json
283,"You are a sensor expert.

Scenario:

You are a sensor expert. Given the following situation:

Voltage: 0.280966463 V, Height: 0.818181818 cm, Soil Type: Dry and Humus
Mine Type: Anti-Personnel


**Recommendation:** Ground Penetrating Radar (GPR)
**Explanation:** The dry soil conditions and humus content suggest good radar penetration, crucial for detecting subsurface anomalies related to the potential minefield. Considering the presence of an anti-personnel mine, GPR's ability to image deeper into the ground is necessary to locate buried metallic objects, especially given the limited voltage. Metal detectors will likely be less effective at the specified depth, therefore GPR should be the chosen sensor.",/content/drive/MyDrive/AAMA/attn_283.json
284,"You are a sensor expert.

Scenario:

You are a sensor expert. Given the following situation:

Voltage: 0.480361965 V, Height: 0.090909091 cm, Soil Type: Humid and Humus
Mine Type: Anti-Personnel


**Recommendation:** Ground Penetrating Radar (GPR)
**Explanation:** The soil is humid and contains humus, which will significantly attenuate radar signals. However, the voltage is relatively high, suggesting some subsurface conductive material could be present. Given the presence of an anti-personnel mine, even a weak radar signal might reveal anomalies related to the mine’s metallic structure.",/content/drive/MyDrive/AAMA/attn_284.json
285,"You are a sensor expert.

Scenario:

You are a sensor expert. Given the following situation:

Voltage: 0.432023661 V, Height: 0.363636364 cm, Soil Type: Humid and Humus
Mine Type: Anti-Personnel


**Recommendation:** Ground Penetrating Radar (GPR)
**Explanation:** The humid and humus soil conditions will significantly weaken radar signals, making metal detectors less effective. Given the mine type – anti-personnel – it's likely the buried item is metallic. GPR's ability to penetrate through these challenging soil conditions is a much better option for locating the object.",/content/drive/MyDrive/AAMA/attn_285.json
286,"You are a sensor expert.

Scenario:

You are a sensor expert. Given the following situation:

Voltage: 0.271903031 V, Height: 0.636363636 cm, Soil Type: Humid and Humus
Mine Type: Anti-Personnel


**Recommendation:** Ground Penetrating Radar (GPR)
**Explanation:** The humid soil coupled with the presence of humus will significantly attenuate radar signals, reducing its effectiveness. Given the mine type and shallow depth, a metal detector may only pick up larger metallic objects. GPR's ability to penetrate deeper and produce a more detailed subsurface image is better suited to this challenging soil condition and likely buried threat.",/content/drive/MyDrive/AAMA/attn_286.json
287,"You are a sensor expert.

Scenario:

You are a sensor expert. Given the following situation:

Voltage: 0.30211447 V, Height: 0.909090909 cm, Soil Type: Humid and Humus
Mine Type: Anti-Personnel


**Recommendation:** Ground Penetrating Radar (GPR)
**Explanation:** The humid and humus soil, combined with the low voltage, suggests a weak signal for a metal detector. GPR, by sending radio waves into the ground, can penetrate through the moisture and organic material to reveal subsurface anomalies potentially related to the mine’s location and shape, even if metallic content is limited. The anti-personnel mine type suggests a small but potentially disruptive object, and GPR’s ability to image the subsurface is vital.",/content/drive/MyDrive/AAMA/attn_287.json
288,"You are a sensor expert.

Scenario:

You are a sensor expert. Given the following situation:

Voltage: 0.549848276 V, Height: 0.272727273 cm, Soil Type: Dry and Limy
Mine Type: Anti-Personnel


**Recommendation:** Ground Penetrating Radar (GPR)
**Explanation:** The dry and limy soil is favorable for GPR, which can penetrate deeper than a metal detector. The mine type of anti-personnel indicates a potential for buried objects, with likely metal content that can be detected. A metal detector could be inconclusive due to the soil type and buried object depth so GPR would be more useful for a more comprehensive analysis.",/content/drive/MyDrive/AAMA/attn_288.json
289,"You are a sensor expert.

Scenario:

You are a sensor expert. Given the following situation:

Voltage: 0.416917941 V, Height: 0.545454545 cm, Soil Type: Dry and Limy
Mine Type: Anti-Personnel


**Recommendation:** Ground Penetrating Radar (GPR)
**Explanation:** The dry and limy soil type is generally conducive to GPR signal penetration. Furthermore, the presence of an anti-personnel mine suggests the potential for buried metallic objects below the surface. Because the shallow depth (0.545cm), GPR can be advantageous for imaging larger buried structures as compared to a metal detector.",/content/drive/MyDrive/AAMA/attn_289.json
290,"You are a sensor expert.

Scenario:

You are a sensor expert. Given the following situation:

Voltage: 0.380664214 V, Height: 0.818181818 cm, Soil Type: Dry and Limy
Mine Type: Anti-Personnel


**Recommendation:** Ground Penetrating Radar (GPR)
**Explanation:** The soil is dry and limy, which suggests good radar penetration, enabling GPR to effectively penetrate the surface and map subsurface features. The mine type is anti-personnel, which suggests a likely presence of small metallic objects, enhancing the potential of a metal detector. However, the depth is shallow enough that GPR would offer a more detailed and reliable picture of the underground environment than a metal detector.",/content/drive/MyDrive/AAMA/attn_290.json
291,"You are a sensor expert.

Scenario:

You are a sensor expert. Given the following situation:

Voltage: 0.752264922 V, Height: 0.090909091 cm, Soil Type: Humid and Limy
Mine Type: Anti-Personnel


**Recommendation:** Ground Penetrating Radar (GPR)
**Explanation:** The soil is humid and limy, which is known to significantly reduce the effectiveness of metal detectors. Due to the presence of a mine (specifically an anti-personnel mine), detecting the metallic components is not reliable using just a metal detector. GPR is better suited for penetrating through such challenging soil conditions and identifying buried objects, crucial in this potential minefield scenario.",/content/drive/MyDrive/AAMA/attn_291.json
292,"You are a sensor expert.

Scenario:

You are a sensor expert. Given the following situation:

Voltage: 0.52265798 V, Height: 0.363636364 cm, Soil Type: Humid and Limy
Mine Type: Anti-Personnel


**Recommendation:** Ground Penetrating Radar (GPR)
**Explanation:** The humid and limy soil is expected to attenuate radar signals, but the relatively shallow depth (only 0.36 cm) suggests that some radar penetration might still be possible. The presence of an anti-personnel mine is a strong indication that the mine is likely to have a metallic component, which GPR will be more effective at detecting than a metal detector. Therefore, GPR is the more suitable sensor to detect this situation.",/content/drive/MyDrive/AAMA/attn_292.json
293,"You are a sensor expert.

Scenario:

You are a sensor expert. Given the following situation:

Voltage: 0.404833365 V, Height: 0.636363636 cm, Soil Type: Humid and Limy
Mine Type: Anti-Personnel


**Recommendation:** Ground Penetrating Radar (GPR)
**Explanation:** The humid and limy soil is hindering the performance of a metal detector due to increased moisture and mineralization, which affect signal propagation. The presence of an anti-personnel mine suggests buried metallic components, and GPR’s ability to penetrate subsurface materials is superior in such conditions allowing for the detection of targets deeper than a metal detector.",/content/drive/MyDrive/AAMA/attn_293.json
294,"You are a sensor expert.

Scenario:

You are a sensor expert. Given the following situation:

Voltage: 0.311177902 V, Height: 0.909090909 cm, Soil Type: Humid and Limy
Mine Type: Anti-Personnel


**Recommendation:** Ground Penetrating Radar (GPR)
**Explanation:** The humid and limy soil significantly weakens the penetration of a metal detector, making it less effective. GPR will offer superior imaging of subsurface features, even through the challenging soil conditions. Considering it’s an anti-personnel mine, it would be most prudent to ensure full depth survey.",/content/drive/MyDrive/AAMA/attn_294.json
295,"You are a sensor expert.

Scenario:

You are a sensor expert. Given the following situation:

Voltage: 0.471298533 V, Height: 0.181818182 cm, Soil Type: Dry and Sandy
Mine Type: Booby Trap Anti-Personnel


**Recommendation:** Ground Penetrating Radar (GPR)
**Explanation:** The dry and sandy soil composition indicates good radar penetration, allowing for deeper investigation compared to a metal detector. Additionally, the presence of a booby trap suggests the possibility of metallic components, which GPR is better equipped to detect than a metal detector would be. The low voltage suggests that the depth the signal will penetrate into is shallow, therefore GPR is the better tool.",/content/drive/MyDrive/AAMA/attn_295.json
296,"You are a sensor expert.

Scenario:

You are a sensor expert. Given the following situation:

Voltage: 0.380664214 V, Height: 0.454545455 cm, Soil Type: Dry and Sandy
Mine Type: Booby Trap Anti-Personnel


**Recommendation:** Ground Penetrating Radar (GPR)
**Explanation:** The dry and sandy soil provides good penetration for radar, making GPR a superior choice. The presence of a booby trap indicates potential metallic components, and GPR will reveal their location better than a metal detector buried in the sand. A metal detector might be overwhelmed by the surrounding sand and not accurately detect the smaller, hidden metallic triggers of the trap.",/content/drive/MyDrive/AAMA/attn_296.json
297,"You are a sensor expert.

Scenario:

You are a sensor expert. Given the following situation:

Voltage: 0.308156758 V, Height: 0.727272727 cm, Soil Type: Dry and Sandy
Mine Type: Booby Trap Anti-Personnel


**Recommendation:** Ground Penetrating Radar (GPR)
**Explanation:** The dry and sandy soil type is generally favorable for GPR, offering better radar penetration. Additionally, the presence of a booby trap strongly suggests the need for detailed subsurface investigation, far beyond what a metal detector could provide to detect metallic triggers or wiring. A GPR survey will reveal the mine structure without producing a high chance of triggering it.",/content/drive/MyDrive/AAMA/attn_297.json
298,"You are a sensor expert.

Scenario:

You are a sensor expert. Given the following situation:

Voltage: 0.359516206 V, Height: 1 cm, Soil Type: Dry and Sandy
Mine Type: Booby Trap Anti-Personnel


**Recommendation:** Ground Penetrating Radar (GPR)
**Explanation:** The dry and sandy soil is ideal for GPR, providing good radar penetration. Detecting a booby trap, which would likely be small and buried close to the surface, is best accomplished by using a method that can penetrate the soil profile, rather than simply detecting surface metallic signatures. The depth of 1cm is shallow enough that GPR’s ability to see beneath the surface makes it the superior choice.",/content/drive/MyDrive/AAMA/attn_298.json
299,"You are a sensor expert.

Scenario:

You are a sensor expert. Given the following situation:

Voltage: 0.423473918 V, Height: 0.181818182 cm, Soil Type: Humid and Sandy
Mine Type: Booby Trap Anti-Personnel


**Recommendation:** Ground Penetrating Radar (GPR)
**Explanation:** The humid and sandy soil presents a challenging environment for a metal detector due to the increased moisture and potential scattering of radar waves. However, the presence of a booby trap suggests a possible metallic element (trigger mechanism) buried at a shallow depth. GPR is better at penetrating through soil and can provide a more detailed image of subsurface features than a metal detector, which is ideal for detecting buried metallic objects such as the trap mechanism itself.",/content/drive/MyDrive/AAMA/attn_299.json
300,"You are a sensor expert.

Scenario:

You are a sensor expert. Given the following situation:

Voltage: 0.359516206 V, Height: 0.545454545 cm, Soil Type: Humid and Sandy
Mine Type: Booby Trap Anti-Personnel


**Recommendation:** Ground Penetrating Radar (GPR)
**Explanation:** The humid and sandy soil is likely to attenuate radar signals, but given the shallow depth and the potential presence of a booby trap, GPR can still detect subsurface disturbances created by the mine. The low voltage suggests less metal concentration for a metal detector to find, but the booby trap points to a non-metallic signal that would show up in GPR.",/content/drive/MyDrive/AAMA/attn_300.json
301,"You are a sensor expert.

Scenario:

You are a sensor expert. Given the following situation:

Voltage: 0.333685358 V, Height: 0.818181818 cm, Soil Type: Humid and Sandy
Mine Type: Booby Trap Anti-Personnel


**Recommendation:** Ground Penetrating Radar (GPR)
**Explanation:** The humid and sandy soil presents a significant challenge for a metal detector, as moisture and clay can attenuate the signal. Given the presence of a booby trap, there's a high likelihood that it would involve concealed metallic components. GPR is better equipped to penetrate the soil and identify buried objects, even if they aren't metallic, aiding in detecting the hidden trap.",/content/drive/MyDrive/AAMA/attn_301.json
302,"You are a sensor expert.

Scenario:

You are a sensor expert. Given the following situation:

Voltage: 0.513594548 V, Height: 0.090909091 cm, Soil Type: Dry and Humus
Mine Type: Booby Trap Anti-Personnel


**Recommendation:** Ground Penetrating Radar (GPR)
**Explanation:** Given the wet, sandy soil combined with the use of a small diameter tunnel in a potential",/content/drive/MyDrive/AAMA/attn_302.json
303,"You are a sensor expert.

Scenario:

You are a sensor expert. Given the following situation:

Voltage: 0.480361965 V, Height: 0.363636364 cm, Soil Type: Dry and Humus
Mine Type: Booby Trap Anti-Personnel


**Recommendation:** Ground Penetrating Radar (GPR)
**Explanation:** The presence of humus in the dry soil suggests a reduction in radar penetration. However, the low voltage indicates a possible indication of buried metal which may indicate a booby trap. Ground Penetrating Radar will be able to find indications of subsurface objects and structures, which is crucial for detecting a booby trap.",/content/drive/MyDrive/AAMA/attn_303.json
304,"You are a sensor expert.

Scenario:

You are a sensor expert. Given the following situation:

Voltage: 0.371600782 V, Height: 0.636363636 cm, Soil Type: Dry and Humus
Mine Type: Booby Trap Anti-Personnel


**Recommendation:** Ground Penetrating Radar (GPR)
**Explanation:** The dry soil type, combined with the humus content, should provide good radar penetration. Detecting a booby trap, particularly an anti-personnel device, warrants a deeper investigation than can be achieved by a simple metal detector. GPR’s ability to image subsurface features is much more appropriate for this potential hazard.",/content/drive/MyDrive/AAMA/attn_304.json
305,"You are a sensor expert.

Scenario:

You are a sensor expert. Given the following situation:

Voltage: 0.326283622 V, Height: 0.909090909 cm, Soil Type: Dry and Humus
Mine Type: Booby Trap Anti-Personnel


**Recommendation:** Ground Penetrating Radar (GPR)
**Explanation:** The dry, humus soil will allow for decent radar penetration, aiding in detection of subsurface anomalies associated with the mine. The presence of a booby trap further emphasizes the need for non-metallic sensing, as traditional metal detectors may be hindered by the trap's construction. GPR's ability to provide subsurface images makes it more effective at identifying the location of this hazardous device.",/content/drive/MyDrive/AAMA/attn_305.json
306,"You are a sensor expert.

Scenario:

You are a sensor expert. Given the following situation:

Voltage: 0.2717824 V, Height: 0.090909091 cm, Soil Type: Humid and Humus
Mine Type: Booby Trap Anti-Personnel


**Recommendation:** Ground Penetrating Radar (GPR)
**Explanation:** The presence of humid and humus soils will significantly attenuate radar signals, however, the mine type, specifically a booby trap, suggests that something metallic might be present beneath the surface. GPR can penetrate deeper and can reveal the location of the trap and also metallic debris, even through the challenging soil conditions. The low voltage might be a warning signal related to the metallic contents beneath the surface.",/content/drive/MyDrive/AAMA/attn_306.json
307,"You are a sensor expert.

Scenario:

You are a sensor expert. Given the following situation:

Voltage: 0.24199384 V, Height: 0.363636364 cm, Soil Type: Humid and Humus
Mine Type: Booby Trap Anti-Personnel


**Recommendation:** Ground Penetrating Radar (GPR)
**Explanation:** The humid soil and humus present significant challenges for a metal detector, weakening its signal and potentially producing false positives. Given the presence of a suspected booby trap, which would likely be buried and partially obscured, GPR’s ability to penetrate deeper and provide a subsurface image is crucial. Furthermore, the nature of the mine (booby trap) suggests a deliberately hidden object, increasing the likelihood of a more subtle detection requiring more advanced techniques.",/content/drive/MyDrive/AAMA/attn_307.json
308,"You are a sensor expert.

Scenario:

You are a sensor expert. Given the following situation:

Voltage: 0.22700875 V, Height: 0.636363636 cm, Soil Type: Humid and Humus
Mine Type: Booby Trap Anti-Personnel


**Recommendation:** Ground Penetrating Radar (GPR)
**Explanation:** The humid and humus soil significantly impairs the penetration of a metal detector. Also the presence of a booby trap strongly suggests the presence of metal, buried at an undetermined depth, that would be difficult to locate with a passive metal detector, while GPR can more easily detect the presence of a buried metallic object. The voltage readings could be used to further refine the signal, but overall GPR is the more effective option.",/content/drive/MyDrive/AAMA/attn_308.json
309,"You are a sensor expert.

Scenario:

You are a sensor expert. Given the following situation:

Voltage: 0.263776167 V, Height: 0 cm, Soil Type: Dry and Limy
Mine Type: Booby Trap Anti-Personnel


**Recommendation:** Ground Penetrating Radar (GPR)
**Explanation:** The dry and limy soil provides a favorable environment for GPR due to it being more resistant to radar penetration than wet or clay-heavy soils. Given that this is a mine/trap scenario, the goal is to visualize the ground's subsurface structure and potential anomalies associated with the buried device, so GPR's ability to see beneath the surface outweighs the utility of a metal detector.",/content/drive/MyDrive/AAMA/attn_309.json
310,"You are a sensor expert.

Scenario:

You are a sensor expert. Given the following situation:

Voltage: 0.223564727 V, Height: 0.272727273 cm, Soil Type: Dry and Limy
Mine Type: Booby Trap Anti-Personnel


**Recommendation:** Ground Penetrating Radar (GPR)
**Explanation:** The dry, limy soil suggests good radar penetration, which is crucial for identifying underground structures like booby traps. Additionally, the relatively shallow depth and a potential mine type demand a tool that can see through the subsurface with higher resolution than a metal detector. A metal detector may be overwhelmed by the surrounding material.",/content/drive/MyDrive/AAMA/attn_310.json
311,"You are a sensor expert.

Scenario:

You are a sensor expert. Given the following situation:

Voltage: 0.253776167 V, Height: 0.636363636 cm, Soil Type: Dry and Limy
Mine Type: Booby Trap Anti-Personnel


**Recommendation:** Ground Penetrating Radar (GPR)
**Explanation:** The dry and limy soil suggests good radar penetration, making GPR the superior choice for detecting buried objects. Furthermore, the presence of a booby trap indicates the potential for a relatively small, metal object buried beneath the surface. Metal detectors would likely be ineffective due to the depth and soil conditions.",/content/drive/MyDrive/AAMA/attn_311.json
312,"You are a sensor expert.

Scenario:

You are a sensor expert. Given the following situation:

Voltage: 0.209818455 V, Height: 0.909090909 cm, Soil Type: Dry and Limy
Mine Type: Booby Trap Anti-Personnel


**Recommendation:** Ground Penetrating Radar (GPR)
**Explanation:** The dry, limy soil suggests good radar penetration, which is optimal for detecting buried objects. The presence of a booby trap indicates a potential metallic component, but the goal is to locate the device, not just confirm its presence. GPR is more effective for subsurface imaging and provides a better visualization of the trap's location.",/content/drive/MyDrive/AAMA/attn_312.json
313,"You are a sensor expert.

Scenario:

You are a sensor expert. Given the following situation:

Voltage: 0.462235101 V, Height: 0.090909091 cm, Soil Type: Humid and Limy
Mine Type: Booby Trap Anti-Personnel


**Recommendation:** Ground Penetrating Radar (GPR)
**Explanation:** The high humidity and limy soil conditions will significantly reduce the effectiveness of a metal detector, potentially masking subtle metallic signatures. Given the presence of a suspected booby trap, detecting subsurface anomalies is critical. GPR's ability to penetrate the soil and visualize buried objects makes it the superior choice for this scenario.",/content/drive/MyDrive/AAMA/attn_313.json
314,"You are a sensor expert.

Scenario:

You are a sensor expert. Given the following situation:

Voltage: 0.413896797 V, Height: 0.363636364 cm, Soil Type: Humid and Limy
Mine Type: Booby Trap Anti-Personnel


**Recommendation:** Ground Penetrating Radar (GPR)
**Explanation:** The high humidity and limy soil will significantly attenuate radar signals, making a metal detector less effective. However, the presence of a booby trap indicates a specific, potentially metallic, object buried underground. GPR can be used to image the subsurface, providing better visualization of buried objects and potentially revealing the location and depth of the trap relative to the surrounding soil.",/content/drive/MyDrive/AAMA/attn_314.json
315,"You are a sensor expert.

Scenario:

You are a sensor expert. Given the following situation:

Voltage: 0.34743163 V, Height: 0.636363636 cm, Soil Type: Humid and Limy
Mine Type: Booby Trap Anti-Personnel


**Recommendation:** Ground Penetrating Radar (GPR)
**Explanation:** The humid and limy soil, combined with the presence of a booby trap, suggests a potential for significant subsurface distortions and disturbances caused by the mine. GPR can effectively penetrate the saturated soil and image the buried object, whereas a metal detector would likely be hindered by the high moisture content which dampens the signal. Identifying the location of a booby trap is critical, so GPR is the more suitable solution.",/content/drive/MyDrive/AAMA/attn_315.json
316,"You are a sensor expert.

Scenario:

You are a sensor expert. Given the following situation:

Voltage: 0.335347054 V, Height: 0.909090909 cm, Soil Type: Humid and Limy
Mine Type: Booby Trap Anti-Personnel


**Recommendation:** Ground Penetrating Radar (GPR)
**Explanation:** The humid and limy soil is expected to attenuate radar signals, making GPR’s ability to penetrate subsurface anomalies potentially more valuable than a metal detector. Furthermore, the presence of a booby trap suggests a deliberate device likely buried, which is better detected with a radar system that can penetrate the soil rather than relying solely on metallic density.",/content/drive/MyDrive/AAMA/attn_316.json
317,"You are a sensor expert.

Scenario:

You are a sensor expert. Given the following situation:

Voltage: 0.444108237 V, Height: 0.090909091 cm, Soil Type: Dry and Sandy
Mine Type: M14 Anti-Personnel


**Recommendation:** Ground Penetrating Radar (GPR)
**Explanation:** The dry and sandy soil type is favorable for GPR signal penetration, allowing it to effectively map the subsurface. The presence of an M14 Anti-Personnel mine suggests potential metallic content, which can be detected by GPR. While a metal detector might pick up some of the metallic components, GPR can provide a more detailed image of the mine’s location and potentially other subsurface anomalies.",/content/drive/MyDrive/AAMA/attn_317.json
318,"You are a sensor expert.

Scenario:

You are a sensor expert. Given the following situation:

Voltage: 0.296072182 V, Height: 0.363636364 cm, Soil Type: Dry and Sandy
Mine Type: M14 Anti-Personnel


**Recommendation:** Ground Penetrating Radar (GPR)
**Explanation:** The dry and sandy soil composition strongly favors GPR, allowing for better radar penetration. While a metal detector might pick up the metal from the M14 mine, GPR's ability to image the subsurface will give a much broader picture of the mine’s shape, size, and potential anomalies. The voltage of 0.296 suggests a relatively low level of signal attenuation.",/content/drive/MyDrive/AAMA/attn_318.json
319,"You are a sensor expert.

Scenario:

You are a sensor expert. Given the following situation:

Voltage: 0.356495062 V, Height: 0.636363636 cm, Soil Type: Dry and Sandy
Mine Type: M14 Anti-Personnel


**Recommendation:** Ground Penetrating Radar (GPR)
**Explanation:** The dry, sandy soil is ideal for GPR, which can penetrate further than a metal detector. Also, a mine is present - identifying buried objects is much better with radar that provides subsurface information, especially considering this is an anti-personnel mine.",/content/drive/MyDrive/AAMA/attn_319.json
320,"You are a sensor expert.

Scenario:

You are a sensor expert. Given the following situation:

Voltage: 0.320241334 V, Height: 0.909090909 cm, Soil Type: Dry and Sandy
Mine Type: M14 Anti-Personnel


**Recommendation:** Ground Penetrating Radar (GPR)
**Explanation:** The dry and sandy soil provides good radar penetration. The presence of a mine (""M14 Anti-Personnel"") necessitates detecting underground anomalies, which GPR is better suited to uncover than a metal detector. The relatively shallow depth (0.909 cm) is within the effective range of GPR, minimizing signal degradation.",/content/drive/MyDrive/AAMA/attn_320.json
321,"You are a sensor expert.

Scenario:

You are a sensor expert. Given the following situation:

Voltage: 0.540784844 V, Height: 0.090909091 cm, Soil Type: Humid and Sandy
Mine Type: M14 Anti-Personnel


**Recommendation:** Ground Penetrating Radar (GPR)
**Explanation:** The high humidity and sandy soil will significantly hinder the performance of a metal detector, making it an unreliable tool for subsurface detection. The presence of an M14 anti-personnel mine necessitates a higher-resolution imaging technique. GPR’s ability to penetrate sandy soils is better than a metal detector, and it can reveal the mine’s location in the ground.",/content/drive/MyDrive/AAMA/attn_321.json
322,"You are a sensor expert.

Scenario:

You are a sensor expert. Given the following situation:

Voltage: 0.506102004 V, Height: 0.363636364 cm, Soil Type: Humid and Sandy
Mine Type: M14 Anti-Personnel


**Recommendation:** Ground Penetrating Radar (GPR)
**Explanation:** The humid and sandy soil type suggests that a metal detector might be hindered due to interference from moisture, and the anti-personnel mine type indicates the potential for metallic finds. GPR utilizes electromagnetic waves to probe deeper into the subsurface, bypassing soil limitations and providing a more comprehensive image of underground anomalies, including potential mine locations, even through the difficult soil conditions.",/content/drive/MyDrive/AAMA/attn_322.json
323,"You are a sensor expert.

Scenario:

You are a sensor expert. Given the following situation:

Voltage: 0.401812221 V, Height: 0.636363636 cm, Soil Type: Humid and Sandy
Mine Type: M14 Anti-Personnel


**Recommendation:** Ground Penetrating Radar (GPR)
**Explanation:** The soil type is humid and sandy, which suggests that radar waves will penetrate reasonably well, making GPR suitable for imaging the subsurface. The mine type (M14 Anti-Personnel) indicates potential metallic anomalies, and GPR is well-suited for detecting buried metallic objects, even if metal detectors may struggle in this environment. The voltage suggests a good signal for GPR processing.",/content/drive/MyDrive/AAMA/attn_323.json
324,"You are a sensor expert.

Scenario:

You are a sensor expert. Given the following situation:

Voltage: 0.369002517 V, Height: 0.909090909 cm, Soil Type: Humid and Sandy
Mine Type: M14 Anti-Personnel


**Recommendation:** Ground Penetrating Radar (GPR)
**Explanation:** The humid and sandy soil suggests that a metal detector will struggle to penetrate effectively. GPR, being a radar system, is better suited to penetrating moist sandy soils than a metal detector would be. Given the presence of an anti-personnel mine type, GPR is the most logical choice to investigate subterranean features and detect the mine without being hindered by the soil conditions.",/content/drive/MyDrive/AAMA/attn_324.json
325,"You are a sensor expert.

Scenario:

You are a sensor expert. Given the following situation:

Voltage: 0.362839599 V, Height: 0.363636364 cm, Soil Type: Dry and Humus
Mine Type: M14 Anti-Personnel


**Recommendation:** Ground Penetrating Radar (GPR)
**Explanation:** The dry soil and humus composition suggest good radar penetration, which is crucial for distinguishing subsurface features. The presence of an M14 anti-personnel mine indicates a potentially buried metallic object, further justifying the use of GPR to map the object's location and size. The voltage suggests a moderate signal strength, supporting GPR’s capability to navigate such conditions.",/content/drive/MyDrive/AAMA/attn_325.json
326,"You are a sensor expert.

Scenario:

You are a sensor expert. Given the following situation:

Voltage: 0.320241334 V, Height: 0.818181818 cm, Soil Type: Dry and Humus
Mine Type: M14 Anti-Personnel


**Recommendation:** Ground Penetrating Radar (GPR)
**Explanation:** The dry, humus soil combined with the presence of an M14 anti-personnel mine indicates the metal content may be deeply buried, thus requiring a more penetrating sensor like GPR. This data also suggests no metallic signal as an easy indicator, therefore utilizing radar's ability to detect buried objects is more advantageous.",/content/drive/MyDrive/AAMA/attn_326.json
327,"You are a sensor expert.

Scenario:

You are a sensor expert. Given the following situation:

Voltage: 0.446283622 V, Height: 0 cm, Soil Type: Humid and Humus
Mine Type: M14 Anti-Personnel


**Recommendation:** Ground Penetrating Radar (GPR)
**Explanation:** The high soil moisture and humus content are strongly detrimental to metal detector performance, severely limiting its ability to detect buried objects. Furthermore, the presence of an anti-personnel mine indicates a potential for deeper burial, making a metal detector insufficient. GPR can penetrate these subsurface conditions to a greater depth and provide a clearer image of the buried target.",/content/drive/MyDrive/AAMA/attn_327.json
328,"You are a sensor expert.

Scenario:

You are a sensor expert. Given the following situation:

Voltage: 0.391177902 V, Height: 0.272727273 cm, Soil Type: Humid and Humus
Mine Type: M14 Anti-Personnel


**Recommendation:** Ground Penetrating Radar (GPR)
**Explanation:** The humid soil and presence of humus will significantly impede the performance of a metal detector, potentially masking smaller targets. The mine type is the most critical factor; M14 anti-personnel mines typically consist of metal components, so GPR’s ability to penetrate subsurface features, regardless of soil moisture, is vital for detecting the mine's location. Given the soil conditions, using a metal detector would be difficult.",/content/drive/MyDrive/AAMA/attn_328.json
329,"You are a sensor expert.

Scenario:

You are a sensor expert. Given the following situation:

Voltage: 0.378156758 V, Height: 0.545454545 cm, Soil Type: Humid and Humus
Mine Type: M14 Anti-Personnel


**Recommendation:** Ground Penetrating Radar (GPR)
**Explanation:** The combination of a humid soil and high humus content significantly weakens radar penetration, while a metal detector would be less effective due to the dampness and potential interference from organic material. However, the M14 Anti-Personnel mine type implies a substantial metallic component, making GPR a better choice for identifying the buried object’s depth and shape.",/content/drive/MyDrive/AAMA/attn_329.json
330,"You are a sensor expert.

Scenario:

You are a sensor expert. Given the following situation:

Voltage: 0.319939085 V, Height: 0.818181818 cm, Soil Type: Humid and Humus
Mine Type: M14 Anti-Personnel


**Recommendation:** Ground Penetrating Radar (GPR)
**Explanation:** The humid and humus soil, combined with the low voltage readings, indicates a significant reduction in radar penetration. The presence of an M14 anti-personnel mine suggests a potential metallic signature, but this would be masked by the highly conductive soil. GPR is better at imaging subsurface features regardless of soil conditions.",/content/drive/MyDrive/AAMA/attn_330.json
331,"You are a sensor expert.

Scenario:

You are a sensor expert. Given the following situation:

Voltage: 0.519636836 V, Height: 0.090909091 cm, Soil Type: Dry and Limy
Mine Type: M14 Anti-Personnel


**Recommendation:** Ground Penetrating Radar (GPR)
**Explanation:** The dry, limy soil provides a reasonable amount of radar penetration. The presence of an M14 anti-personnel mine strongly suggests metallic content. GPR will allow for a more detailed image of the subsurface and will distinguish between metallic and non-metallic targets, leading to a more comprehensive assessment.",/content/drive/MyDrive/AAMA/attn_331.json
332,"You are a sensor expert.

Scenario:

You are a sensor expert. Given the following situation:

Voltage: 0.398791077 V, Height: 0.363636364 cm, Soil Type: Dry and Limy
Mine Type: M14 Anti-Personnel


**Recommendation:** Ground Penetrating Radar (GPR)
**Explanation:** The dry, limy soil offers good radar penetration, and the presence of an anti-personnel mine suggests a potential metallic signature. Therefore, GPR would be more capable of detecting the mine and providing information about its depth and location below the surface, allowing for a more accurate assessment than a metal detector.",/content/drive/MyDrive/AAMA/attn_332.json
333,"You are a sensor expert.

Scenario:

You are a sensor expert. Given the following situation:

Voltage: 0.34743163 V, Height: 0.636363636 cm, Soil Type: Dry and Limy
Mine Type: M14 Anti-Personnel


**Recommendation:** Ground Penetrating Radar (GPR)
**Explanation:** The low voltage and low height suggest that metal detection may be less effective due to the weak signal penetration. The dry and limy soil, while relatively favorable for metal detection, is still likely to present signal attenuation issues, and the presence of an anti-personnel mine is suspicious. GPR is better equipped to probe deeper and characterize the subsurface, identifying buried objects and anomalies, making it the most suitable choice for this scenario.",/content/drive/MyDrive/AAMA/attn_333.json
334,"You are a sensor expert.

Scenario:

You are a sensor expert. Given the following situation:

Voltage: 0.323262478 V, Height: 0.909090909 cm, Soil Type: Dry and Limy
Mine Type: M14 Anti-Personnel


**Recommendation:** Ground Penetrating Radar (GPR)
**Explanation:** The dry and limy soil is conducive to GPR operation, as it reduces signal degradation. The presence of an M14 anti-personnel mine indicates potential metallic content, and GPR’s ability to resolve buried objects at depth is substantially better than a metal detector.",/content/drive/MyDrive/AAMA/attn_334.json
335,"You are a sensor expert.

Scenario:

You are a sensor expert. Given the following situation:

Voltage: 0.444108237 V, Height: 0.181818182 cm, Soil Type: Humid and Limy
Mine Type: M14 Anti-Personnel


**Recommendation:** Ground Penetrating Radar (GPR)
**Explanation:** The humid and limy soil presents a significant challenge for a metal detector, as it will attenuate the signal. The presence of the M14 anti-personnel mine suggests a metallic target at depth, which the GPR's ability to penetrate subsurface conditions is better suited for detecting.",/content/drive/MyDrive/AAMA/attn_335.json
336,"You are a sensor expert.

Scenario:

You are a sensor expert. Given the following situation:

Voltage: 0.353473918 V, Height: 0.454545455 cm, Soil Type: Humid and Limy
Mine Type: M14 Anti-Personnel


**Recommendation:** Ground Penetrating Radar (GPR)
**Explanation:** The humid and limy soil conditions will significantly hinder the performance of a metal detector, weakening its signal. The mine type (M14 Anti-Personnel) suggests the presence of metal which could still be detected, but GPR's ability to penetrate the soil and image the subsurface offers a much better chance of locating the buried object, providing a detailed map of the area, and mitigating interference.",/content/drive/MyDrive/AAMA/attn_336.json
337,"You are a sensor expert.

Scenario:

You are a sensor expert. Given the following situation:

Voltage: 0.36253735 V, Height: 0.727272727 cm, Soil Type: Humid and Limy
Mine Type: M14 Anti-Personnel


**Recommendation:** Ground Penetrating Radar (GPR)
**Explanation:** The humid and limy soil is a major detriment to metal detection, as it significantly weakens radar signals. The presence of an M14 anti-personnel mine suggests a possible metallic signature, making GPR much more suitable for detecting subsurface anomalies with a higher likelihood of success. The voltage reading and height are just noise and don't affect the choice of sensors.",/content/drive/MyDrive/AAMA/attn_337.json
338,"You are a sensor expert.

Scenario:

You are a sensor expert. Given the following situation:

Voltage: 0.314199046 V, Height: 1 cm, Soil Type: Humid and Limy
Mine Type: M14 Anti-Personnel


**Recommendation:** Ground Penetrating Radar (GPR)
**Explanation:** The humid and limy soil will severely inhibit a metal detector's performance due to the high moisture content and clay-like nature of the soil, reducing the signal that the detector would otherwise pick up. The presence of an anti-personnel mine suggests a potential metallic component, but the soil conditions make a metal detector largely ineffective. GPR, using electromagnetic waves, will be far more successful in penetrating the soil and providing information about subsurface features, regardless of the soil's composition.",/content/drive/MyDrive/AAMA/attn_338.json