full_response,attention_file
"Voltage: 0.338156758, Height (cm): 0.0, Soil Type: Dry and Sandy, Mine Type: nanYou are a sensor expert. Given the following situation:
Recommend the most appropriate type of sensor to detect the target and briefly explain why. Be concise.
Here is the situation: We want to detect the presence of soil moisture on a remote farm. The soil is dry and sandy.
**Recommendation:** Capacitive Soil Moisture Sensor.

**Explanation:** Capacitive sensors are well-suited for detecting",attn/attn_0000.json
"Voltage: 0.320241334, Height (cm): 0.181818182, Soil Type: Dry and Sandy, Mine Type: nanYou are a sensor expert. Given the following situation:
Recommend the most appropriate type of sensor to detect the target and briefly explain why. Be concise.
Situation: The environment is a large, open field with scattered rocks, sparse vegetation, and predominantly sandy soil. The goal is to detect the target object (a small robotic rover) moving across this terrain.
Recommendation: LiDAR (Light Detection and",attn/attn_0001.json
"Voltage: 0.28700875, Height (cm): 0.272727273, Soil Type: Dry and Sandy, Mine Type: nanYou are a sensor expert. Given the following situation:
Recommend the most appropriate type of sensor to detect the target and briefly explain why. Be concise.

Context: The target is a small, buried metallic object.

Recommendation:
Metal detector.

Explanation: Metal detectors are specifically designed to detect the presence of metallic objects, even when they are buried underground.

Grounded.
",attn/attn_0002.json
"Voltage: 0.256283622, Height (cm): 0.454545455, Soil Type: Dry and Sandy, Mine Type: nanYou are a sensor expert. Given the following situation:
Recommend the most appropriate type of sensor to detect the target and briefly explain why. Be concise.
Situation: We want to measure the voltage and soil moisture level of an experimental plant.
I recommend using a **Soil Moisture Sensor** with an analog output. 

**Explanation:** This type of sensor specifically measures the electrical resistance of the soil",attn/attn_0003.json
"Voltage: 0.262839599, Height (cm): 0.545454545, Soil Type: Dry and Sandy, Mine Type: nanYou are a sensor expert. Given the following situation:
Recommend the most appropriate type of sensor to detect the target and briefly explain why. Be concise.
Humidity: Nan
Soil Moisture: Dry and Sandy
Voltage: 0.262839599
Mine Type: nan

The best sensor would be a **Soil Moisture Sensor** to detect dry soil conditions. The",attn/attn_0004.json
"Voltage: 0.240966463, Height (cm): 0.727272727, Soil Type: Dry and Sandy, Mine Type: nanYou are a sensor expert. Given the following situation:
Recommend the most appropriate type of sensor to detect the target and briefly explain why. Be concise.
Sensor Type: Soil Moisture Sensor
Rationale: Soil moisture is a key factor for plant health, and dryness is explicitly identified in the data. A soil moisture sensor directly measures the amount of water in the soil, providing a direct indicator of the need",attn/attn_0005.json
"Voltage: 0.254410486, Height (cm): 0.818181818, Soil Type: Dry and Sandy, Mine Type: nanYou are a sensor expert. Given the following situation:
Recommend the most appropriate type of sensor to detect the target and briefly explain why. Be concise.
**Situation:** A greenhouse needs to monitor soil moisture levels to automate watering. The soil is dry and sandy.
**Sensor Choice:** Capacitive soil moisture sensor.
**Reasoning:** Capacitive sensors are well-suited for detecting soil moisture",attn/attn_0006.json
"Voltage: 0.234924175, Height (cm): 1.0, Soil Type: Dry and Sandy, Mine Type: nanYou are a sensor expert. Given the following situation:
Recommend the most appropriate type of sensor to detect the target and briefly explain why. Be concise.
Situation: A farmer wants to monitor the voltage and moisture level of soil moisture to accurately assess the irrigation needs of their crops.
**Sensor:** Resistive Soil Moisture Sensor
**Reasoning:** Resistive soil moisture sensors are cost-effective and",attn/attn_0007.json
"Voltage: 0.353473918, Height (cm): 0.0, Soil Type: Humid and Sandy, Mine Type: nanYou are a sensor expert. Given the following situation:
Recommend the most appropriate type of sensor to detect the target and briefly explain why. Be concise.
The target is a falling object and we need to detect it.
Solution:
Ultrasonic sensor.
Explanation: Ultrasonic sensors emit high-frequency sound waves and measure the time it takes for them to bounce back, allowing for distance measurement and",attn/attn_0008.json
"Voltage: 0.335347054, Height (cm): 0.181818182, Soil Type: Humid and Sandy, Mine Type: nanYou are a sensor expert. Given the following situation:
Recommend the most appropriate type of sensor to detect the target and briefly explain why. Be concise.

Situation: We need to detect moisture levels in sandy soil for an agricultural application where the simplest, most robust, and cost-effective solution is desired.

Sensor Recommendation:
**Capacitive soil moisture sensor**

Explanation:
Capac",attn/attn_0009.json
"Voltage: 0.335347054, Height (cm): 0.272727273, Soil Type: Humid and Sandy, Mine Type: nanYou are a sensor expert. Given the following situation:
Recommend the most appropriate type of sensor to detect the target and briefly explain why. Be concise.

Sensor Type: Ultrasonic Distance Sensor
Reasoning: Ultrasonic distance sensors are effective at measuring distances to a target without direct contact, making them suitable for detecting objects in soil. Humid and sandy soil conditions are generally not a significant obstacle for these sensors",attn/attn_0010.json
"Voltage: 0.330029894, Height (cm): 0.454545455, Soil Type: Humid and Sandy, Mine Type: nanYou are a sensor expert. Given the following situation:
Recommend the most appropriate type of sensor to detect the target and briefly explain why. Be concise.

Situation: Our goal is to detect the presence of a seed that has been planted in the soil. We need to sense the changes in soil moisture and electrical conductivity that are associated with seed germination and root growth. We need to deploy a number of",attn/attn_0011.json
"Voltage: 0.335347054, Height (cm): 0.545454545, Soil Type: Humid and Sandy, Mine Type: nanYou are a sensor expert. Given the following situation:
Recommend the most appropriate type of sensor to detect the target and briefly explain why. Be concise.
```json
{
 ""Voltage"": 0.335347054,
 ""Height"": 0.545454545,
 ""Soil Type"": ""Humid and Sandy""",attn/attn_0012.json
"Voltage: 0.305135614, Height (cm): 0.727272727, Soil Type: Humid and Sandy, Mine Type: nanYou are a sensor expert. Given the following situation:
Recommend the most appropriate type of sensor to detect the target and briefly explain why. Be concise.

Situation: We need to monitor the voltage of soil moisture and the type of soil as it relates to the humidity. The goal is to create a capacitive soil moisture sensor. The target is soil moisture level.
Considering the principle of operation of capacitive",attn/attn_0013.json
"Voltage: 0.256283622, Height (cm): 0.818181818, Soil Type: Humid and Sandy, Mine Type: nanYou are a sensor expert. Given the following situation:
Recommend the most appropriate type of sensor to detect the target and briefly explain why. Be concise.
**Situation:** We need to monitor moisture levels in a sandy soil, which is currently humid.
**Sensor Recommendation:** Capacitive soil moisture sensor.

**Explanation:** Capacitive sensors are best suited for detecting moisture in sandy soils as they measure",attn/attn_0014.json
"Voltage: 0.235649303, Height (cm): 1.0, Soil Type: Humid and Sandy, Mine Type: nanYou are a sensor expert. Given the following situation:
Recommend the most appropriate type of sensor to detect the target and briefly explain why. Be concise.

Situation: The target is buried in very humid and sandy soil.

Recommended Sensor: Capacitive Soil Moisture Sensor

Explanation: Capacitive soil moisture sensors directly measure the dielectric permittivity of the soil, which is directly affected by the amount of water present",attn/attn_0015.json
"Voltage: 0.315347054, Height (cm): 0.0, Soil Type: Dry and Humus, Mine Type: nanYou are a sensor expert. Given the following situation:
Recommend the most appropriate type of sensor to detect the target and briefly explain why. Be concise.

Situation: We need to monitor soil moisture in a greenhouse environment, where the capacitive soil moisture sensor is being evaluated.

Recommendation:

Capacitive soil moisture sensor.

Explanation: Capacitive sensors are best suited for continuous, long-term",attn/attn_0016.json
"Voltage: 0.283987607, Height (cm): 0.181818182, Soil Type: Dry and Humus, Mine Type: nanYou are a sensor expert. Given the following situation:
Recommend the most appropriate type of sensor to detect the target and briefly explain why. Be concise.
The goal is to measure soil moisture content.
**Recommendation:** Capacitance Sensor
**Explanation:** Capacitance sensors measure the dielectric permittivity of the soil, which changes with water content. Dry soil has lower permittivity than humid soil. They are generally",attn/attn_0017.json
"Voltage: 0.303262478, Height (cm): 0.272727273, Soil Type: Dry and Humus, Mine Type: nanYou are a sensor expert. Given the following situation:
Recommend the most appropriate type of sensor to detect the target and briefly explain why. Be concise.

Situation: Irrigation needs to be adjusted based on the soil moisture level. We need to accurately measure the electrical resistance of the soil.

Recommendation: Resistive Soil Moisture Sensor.
Explanation: Resistive sensors directly measure soil moisture by measuring the change",attn/attn_0018.json
"Voltage: 0.274924175, Height (cm): 0.454545455, Soil Type: Dry and Humus, Mine Type: nanYou are a sensor expert. Given the following situation:
Recommend the most appropriate type of sensor to detect the target and briefly explain why. Be concise.

Situation: We are monitoring soil moisture levels in a small, enclosed greenhouse. The goal is to ensure optimal soil moisture for successful plant growth. We need a capacitive soil moisture sensor.

Reasoning:
Capacitive sensors are generally more reliable",attn/attn_0019.json
"Voltage: 0.260029894, Height (cm): 0.545454545, Soil Type: Dry and Humus, Mine Type: nanYou are a sensor expert. Given the following situation:
Recommend the most appropriate type of sensor to detect the target and briefly explain why. Be concise.
```json
{
""Voltage"": 0.260029894,
""Height"": 0.545454545,
""Soil Type"": ""Dry and Humus""",attn/attn_0020.json
"Voltage: 0.259818455, Height (cm): 0.727272727, Soil Type: Dry and Humus, Mine Type: nanYou are a sensor expert. Given the following situation:
Recommend the most appropriate type of sensor to detect the target and briefly explain why. Be concise.

Situation: Detecting the presence of cranberries in fields, specifically looking for areas with dry and humus-rich soil conditions that promote cranberry growth.

Sensor Recommendation: Capacitive soil moisture sensor.

Explanation: Capacitive soil moisture sensors measure the dielectric permittivity",attn/attn_0021.json
"Voltage: 0.283987607, Height (cm): 0.818181818, Soil Type: Dry and Humus, Mine Type: nanYou are a sensor expert. Given the following situation:
Recommend the most appropriate type of sensor to detect the target and briefly explain why. Be concise.

**Situation:** I want to measure soil moisture and measure the frequency of electrical signals by an underground sensor. The target values are soil moisture and electrical conductivity.

**Sensor Recommendations:**

*   **Capacitive Soil Moisture Sensor:** This sensor",attn/attn_0022.json
"Voltage: 0.265860743, Height (cm): 1.0, Soil Type: Dry and Humus, Mine Type: nanYou are a sensor expert. Given the following situation:
Recommend the most appropriate type of sensor to detect the target and briefly explain why. Be concise.
The target is a plant.
The method of detection is through root growth.
The target is being detected in a dry and humus-rich soil environment.

**Recommendation:**
Soil Moisture Sensor
**Reasoning:**
Soil moisture sensors",attn/attn_0023.json
"Voltage: 0.323051038, Height (cm): 0.0, Soil Type: Humid and Humus, Mine Type: nanYou are a sensor expert. Given the following situation:
Recommend the most appropriate type of sensor to detect the target and briefly explain why. Be concise.
The target is a couple of bumblebees moving through a humid and humus-rich soil environment.

**Recommendation:**
Optical Camera and Thermal Camera.

**Explanation:**
Optical cameras will provide visual confirmation of the bumblebees' presence and movement",attn/attn_0024.json
"Voltage: 0.305135614, Height (cm): 0.181818182, Soil Type: Humid and Humus, Mine Type: nanYou are a sensor expert. Given the following situation:
Recommend the most appropriate type of sensor to detect the target and briefly explain why. Be concise.
Situation: I need to monitor soil conditions for more accurate nutrient delivery in an automated hydroponic system. I need to accurately measure moisture content and soil humidity, but I'g also tracking voltage in the system.
**Recommendation:** Capacitive Soil",attn/attn_0025.json
"Voltage: 0.314199046, Height (cm): 0.272727273, Soil Type: Humid and Humus, Mine Type: nanYou are a sensor expert. Given the following situation:
Recommend the most appropriate type of sensor to detect the target and briefly explain why. Be concise.

Situation: We are conducting experiments to monitor soil moisture levels in a greenhouse. We need to measure the time-varying soil moisture content over a period of several hours.
```json
{
 ""Voltage"": 0.3141",attn/attn_0026.json
"Voltage: 0.30211447, Height (cm): 0.454545455, Soil Type: Humid and Humus, Mine Type: nanYou are a sensor expert. Given the following situation:
Recommend the most appropriate type of sensor to detect the target and briefly explain why. Be concise.

Situation: We need to measure the electrical potential difference between two points in the soil, and estimate soil moisture content based on that potential difference.
Task: Suggest the appropriate sensor.
---
Recommended Sensor: **Electrochemical Potentiometer (",attn/attn_0027.json
"Voltage: 0.323262478, Height (cm): 0.545454545, Soil Type: Humid and Humus, Mine Type: nanYou are a sensor expert. Given the following situation:
Recommend the most appropriate type of sensor to detect the target and briefly explain why. Be concise.
The target is a plant that has started to develop aerial roots, indicating it needs more humidity but also needs to ensure proper drainage to prevent root rot.

Here's the data:

Voltage: 0.323262",attn/attn_0028.json
"Voltage: 0.314199046, Height (cm): 0.727272727, Soil Type: Humid and Humus, Mine Type: nanYou are a sensor expert. Given the following situation:
Recommend the most appropriate type of sensor to detect the target and briefly explain why. Be concise.
The target is a plant, and the data available includes Voltage: 0.314199046, Height (cm): 0.727272727, Soil Type: Humid and",attn/attn_0029.json
"Voltage: 0.323262478, Height (cm): 0.818181818, Soil Type: Humid and Humus, Mine Type: nanYou are a sensor expert. Given the following situation:
Recommend the most appropriate type of sensor to detect the target and briefly explain why. Be concise.

Situation: We need to monitor the moisture content of soil.
Target: Soil Moisture

Situation Feedback: Humid and Humus
Here's my recommendation:

**Sensor:** Capacitive Soil Moisture Sensor

**Reasoning:** Capacitive",attn/attn_0030.json
"Voltage: 0.274199046, Height (cm): 1.0, Soil Type: Humid and Humus, Mine Type: nanYou are a sensor expert. Given the following situation:
Recommend the most appropriate type of sensor to detect the target and briefly explain why. Be concise.

Situation: We need to monitor the electrical properties of soil to assess microbial activity, specifically looking for an electrochemical potential difference that correlates with microbial respiration.

Rationale:
Electrochemical potential difference, or redox potential, is a direct indicator of microbial respiration",attn/attn_0031.json
"Voltage: 0.34743163, Height (cm): 0.0, Soil Type: Dry and Limy, Mine Type: nanYou are a sensor expert. Given the following situation:
Recommend the most appropriate type of sensor to detect the target and briefly explain why. Be concise.

Situation: Monitoring soil moisture levels in a vineyard to optimize irrigation schedules and maximize crop yield.

Recommended Sensor: Capacitance sensor.

Explanation: Capacitance sensors are well-suited for this task because they measure the dielectric permittivity of the soil,",attn/attn_0032.json
"Voltage: 0.341691591, Height (cm): 0.181818182, Soil Type: Dry and Limy, Mine Type: nanYou are a sensor expert. Given the following situation:
Recommend the most appropriate type of sensor to detect the target and briefly explain why. Be concise.
Target: Plant health indicators of a vineyard vineyard.
Sensor Type: Phytochromes were identified as promising indicators for monitoring grapevines. They are known to be sensitive to light quality and intensity and can be used to assess plant health,",attn/attn_0033.json
"Voltage: 0.296072182, Height (cm): 0.272727273, Soil Type: Dry and Limy, Mine Type: nanYou are a sensor expert. Given the following situation:
Recommend the most appropriate type of sensor to detect the target and briefly explain why. Be concise.
**Situation:** We are trying to detect the presence of a nutrient deficiency in plant leaves. Specifically, we can only see the canopy (leaves) of the plants, and we could potentially use a hyperspectral sensor.
**Hyperspectral Data",attn/attn_0034.json
"Voltage: 0.310398761, Height (cm): 0.454545455, Soil Type: Dry and Limy, Mine Type: nanYou are a sensor expert. Given the following situation:
Recommend the most appropriate type of sensor to detect the target and briefly explain why. Be concise.

Situation: We need to monitor soil moisture and electrical conductivity (EC) in a vineyard setting to assess vine health and optimize irrigation. We're expecting a relatively stable climate with seasonal variations influenced by rainfall.

Recommendation:
**EC Sensor (",attn/attn_0035.json
"Voltage: 0.296072182, Height (cm): 0.545454545, Soil Type: Dry and Limy, Mine Type: nanYou are a sensor expert. Given the following situation:
Recommend the most appropriate type of sensor to detect the target and briefly explain why. Be concise.
**Situation:** I need to determine the electrical potential difference between soil particles to measure soil moisture content.
**Options:**
A) Soil Moisture Sensor
B) Temperature Sensor
C) Conductivity Sensor
D) pH Sensor

**Answer:**",attn/attn_0036.json
"Voltage: 0.31743163, Height (cm): 0.727272727, Soil Type: Dry and Limy, Mine Type: nanYou are a sensor expert. Given the following situation:
Recommend the most appropriate type of sensor to detect the target and briefly explain why. Be concise.
Here is the situation:
The agricultural field is experiencing drought conditions, and the soil is dry and limy. The moisture level is low and needs to be monitored with high precision and reliability.
Answer:
Capacitance sensor.
",attn/attn_0037.json
"Voltage: 0.329304766, Height (cm): 0.818181818, Soil Type: Dry and Limy, Mine Type: nanYou are a sensor expert. Given the following situation:
Recommend the most appropriate type of sensor to detect the target and briefly explain why. Be concise.

Situation: A farmer is trying to optimize irrigation based on moisture levels in a field. The farmer wants a sensor that can accurately measure the volumetric water content (VWC) of the soil.

Recommendation:
**Tensiometer**. 

",attn/attn_0038.json
"Voltage: 0.308156758, Height (cm): 1.0, Soil Type: Dry and Limy, Mine Type: nanYou are a sensor expert. Given the following situation:
Recommend the most appropriate type of sensor to detect the target and briefly explain why. Be concise.
Okay, I can do that.

Based on the provided data: Voltage: 0.308156758, Height (cm): 1.0, Soil Type: Dry and Limy, Mine Type:",attn/attn_0039.json
"Voltage: 0.338368198, Height (cm): 0.0, Soil Type: Humid and Limy, Mine Type: nanYou are a sensor expert. Given the following situation:
Recommend the most appropriate type of sensor to detect the target and briefly explain why. Be concise.

Situation: The target is underground, buried under a layer of humus. Humus is decomposing organic material, and the geophysical method being used is ground-penetrating radar (GPR). We are looking for a buried structure (e.g.,",attn/attn_0040.json
"Voltage: 0.295014984, Height (cm): 0.181818182, Soil Type: Humid and Limy, Mine Type: nanYou are a sensor expert. Given the following situation:
Recommend the most appropriate type of sensor to detect the target and briefly explain why. Be concise.

Situation: We need to detect the presence of pine needles on the forest floor.

Recommended Sensor: Near-Infrared (NIR) Spectroscopy Sensor

Explanation: NIR spectroscopy analyzes the light reflected by a material, and pine needles have a unique spectral",attn/attn_0041.json
"Voltage: 0.27199384, Height (cm): 0.272727273, Soil Type: Humid and Limy, Mine Type: nanYou are a sensor expert. Given the following situation:
Recommend the most appropriate type of sensor to detect the target and briefly explain why. Be concise.

Situation: We need to detect moisture level in the soil.
Target: Moisture level in the soil
Sensor Type: Capacitive Soil Moisture Sensor

Explanation:
Capacitive soil moisture sensors work by measuring the dielectric permittivity of the soil,",attn/attn_0042.json
"Voltage: 0.271903031, Height (cm): 0.454545455, Soil Type: Humid and Limy, Mine Type: nanYou are a sensor expert. Given the following situation:
Recommend the most appropriate type of sensor to detect the target and briefly explain why. Be concise.

Situation: A farmer wants to monitor a small, specific area within a field, focusing on the electrical potential differences between two points near a crop root system. The farmer aims to assess the plant's response to changes in the soil's electrical",attn/attn_0043.json
"Voltage: 0.29220528, Height (cm): 0.545454545, Soil Type: Humid and Limy, Mine Type: nanYou are a sensor expert. Given the following situation:
Recommend the most appropriate type of sensor to detect the target and briefly explain why. Be concise.

Situation: I am monitoring a comfrey crop field. Comfrey is a plant known for its medicinal properties and requires specific moisture and soil conditions for optimal growth. We need to monitor the electrical potential of the soil, specifically its voltage, height of",attn/attn_0044.json
"Voltage: 0.285347054, Height (cm): 0.727272727, Soil Type: Humid and Limy, Mine Type: nanYou are a sensor expert. Given the following situation:
Recommend the most appropriate type of sensor to detect the target and briefly explain why. Be concise.
The task is to monitor soil moisture, pH, temperature, and humidity.

Here's the data:
Voltage: 0.285347054
Height: 0.727272",attn/attn_0045.json
"Voltage: 0.30211447, Height (cm): 0.909090909, Soil Type: Humid and Limy, Mine Type: nanYou are a sensor expert. Given the following situation:
Recommend the most appropriate type of sensor to detect the target and briefly explain why. Be concise.
Target: Nutrient-stressed plants, Detecting early signs of nutrient deficiency.
Situation: The sensor should be be capable of measuring leaf color and leaf temperature.
Considering the Relative Visual Difference (RVD) and Leaf Temperature.
**Recommendation:**",attn/attn_0046.json
"Voltage: 0.999998728, Height (cm): 0.0, Soil Type: Dry and Sandy, Mine Type: Anti-TankYou are a sensor expert. Given the following situation:
Recommend the most appropriate type of sensor to detect the target and briefly explain why. Be concise.

Situation: We're surveying a sandy desert environment for anti-tank vehicles, looking for concealed positions.

Recommended Sensor: **Ground Penetrating Radar (GPR)**

Explanation: GPR excels at detecting buried objects and changes in subsurface soil",attn/attn_0047.json
"Voltage: 0.999998728, Height (cm): 0.090909091, Soil Type: Dry and Sandy, Mine Type: Anti-TankYou are a sensor expert. Given the following situation:
Recommend the most appropriate type of sensor to detect the target and briefly explain why. Be concise.
**Situation:**

A military operation needs to detect the presence of an armored vehicle approaching a designated area. The goal is to identify the sensor's ability to distinguish between a standard combat vehicle and a tank.  The terrain is primarily dry and",attn/attn_0048.json
"Voltage: 0.999998728, Height (cm): 0.272727273, Soil Type: Dry and Sandy, Mine Type: Anti-TankYou are a sensor expert. Given the following situation:
Recommend the most appropriate type of sensor to detect the target and briefly explain why. Be concise.
**Situation:** We need to monitor the moisture content of sand used in anti-tank trenches, specifically in a dry and sandy environment.

**Sensor Recommendation:** Resistive Soil Moisture Sensor 

**Explanation:** Resistive soil moisture sensors are cost",attn/attn_0049.json
"Voltage: 0.906343265, Height (cm): 0.363636364, Soil Type: Dry and Sandy, Mine Type: Anti-TankYou are a sensor expert. Given the following situation:
Recommend the most appropriate type of sensor to detect the target and briefly explain why. Be concise.

Situation: We need to monitor soil moisture in an anti-tank trench during intensive training exercises. The trench is dry and sandy, soil conditions are harsh and prone to movement. 

Recommended Sensor: **Capacitance Soil Moisture Sensor**.

",attn/attn_0050.json
"Voltage: 0.658609459, Height (cm): 0.545454545, Soil Type: Dry and Sandy, Mine Type: Anti-TankYou are a sensor expert. Given the following situation:
Recommend the most appropriate type of sensor to detect the target and briefly explain why. Be concise.
Situation: We want to detect the presence of enemy soldiers moving through a sandy area.
Here's what we need:
*   Detect movement
*   Detect the type of soil
*   Small size and low power consumption
*",attn/attn_0051.json
"Voltage: 0.610271155, Height (cm): 0.636363636, Soil Type: Dry and Sandy, Mine Type: Anti-TankYou are a sensor expert. Given the following situation:
Recommend the most appropriate type of sensor to detect the target and briefly explain why. Be concise.
{""Voltage"":0.610271155, ""Height"":0.636363636, ""Soil Type"": ""Dry and Sandy""}

**Recommendation:**

A capacitive soil moisture sensor",attn/attn_0052.json
"Voltage: 0.453171669, Height (cm): 0.818181818, Soil Type: Dry and Sandy, Mine Type: Anti-TankYou are a sensor expert. Given the following situation:
Recommend the most appropriate type of sensor to detect the target and briefly explain why. Be concise.

Situation: We are monitoring a battlefield environment with soldiers patrolling in an Anti-Tank vehicle. We need to detect movement and presence of vehicles and soldiers within a 10-meter radius.

Recommendation:
**Millimeter Wave Radar.**

",attn/attn_0053.json
"Voltage: 0.442446541, Height (cm): 0.909090909, Soil Type: Dry and Sandy, Mine Type: Anti-TankYou are a sensor expert. Given the following situation:
Recommend the most appropriate type of sensor to detect the target and briefly explain why. Be concise.

**Situation:** We are trying to detect a metal object buried underground, specifically World War II era tanks, buried in a dry and sandy environment.

**Recommended Sensor : Ground Penetrating Radar (GPR)**

**Reasoning:** GPR",attn/attn_0054.json
"Voltage: 0.999998728, Height (cm): 0.0, Soil Type: Humid and Sandy, Mine Type: Anti-TankYou are a sensor expert. Given the following situation:
Recommend the most appropriate type of sensor to detect the target and briefly explain why. Be concise.

Situation: We are looking for a change in soil composition that might indicate a buried anti-tank mine.

**Recommendation:**

*   **Ground-Penetrating Radar (GPR)**

**Explanation:**

GPR emits radio waves",attn/attn_0055.json
"Voltage: 0.999998728, Height (cm): 0.090909091, Soil Type: Humid and Sandy, Mine Type: Anti-TankYou are a sensor expert. Given the following situation:
Recommend the most appropriate type of sensor to detect the target and briefly explain why. Be concise.
{
""Voltage"": 0.999998728,
""Height"": 0.090909091,
""Soil Type"": ""Humid and Sandy"",
""Mine",attn/attn_0056.json
"Voltage: 0.975829576, Height (cm): 0.272727273, Soil Type: Humid and Sandy, Mine Type: Anti-TankYou are a sensor expert. Given the following situation:
Recommend the most appropriate type of sensor to detect the target and briefly explain why. Be concise.
Situation: You need to detect and monitor the movement of tanks in a rugged, sandy soil environment with fluctuating humidity levels.
Recommended Sensor: **Ground Penetrating Radar (GPR)**.
Reasoning: GPR bounces radio waves into the",attn/attn_0057.json
"Voltage: 0.815708945, Height (cm): 0.363636364, Soil Type: Humid and Sandy, Mine Type: Anti-TankYou are a sensor expert. Given the following situation:
Recommend the most appropriate type of sensor to detect the target and briefly explain why. Be concise.

Situation: We need to detect the presence of a clandestine mining operation in a sandy soil environment where the Ground Penetrating Radar (GPR) scan revealed a pile of mined material. The environmental conditions are humid.

Recommended Sensor: **Ground Penet",attn/attn_0058.json
"Voltage: 0.655588315, Height (cm): 0.545454545, Soil Type: Humid and Sandy, Mine Type: Anti-TankYou are a sensor expert. Given the following situation:
Recommend the most appropriate type of sensor to detect the target and briefly explain why. Be concise.

The target is buried approximately 10 cm below the surface and buried in humid, sandy soil.

**Recommendation:**

Ground Penetrating Radar (GPR) sensor.

**Reasoning:**

GPR is effective at detecting subsurface objects",attn/attn_0059.json
"Voltage: 0.628398019, Height (cm): 0.636363636, Soil Type: Humid and Sandy, Mine Type: Anti-TankYou are a sensor expert. Given the following situation:
Recommend the most appropriate type of sensor to detect the target and briefly explain why. Be concise.
**Situation:** We need to detect the presence of a pothole in the road surface.
**Measurements:** Voltage: 0.628398019, Height: 0.6363636",attn/attn_0060.json
"Voltage: 0.504531116, Height (cm): 0.818181818, Soil Type: Humid and Sandy, Mine Type: Anti-TankYou are a sensor expert. Given the following situation:
Recommend the most appropriate type of sensor to detect the target and briefly explain why. Be concise.

Situation: We are trying to detect the presence of mines, specifically anti-tank mines, buried underneath a layer of humid, sandy soil.

Recommendation: **Ground Penetrating Radar (GPR)**

Explanation: GPR is ideal for detecting",attn/attn_0061.json
"Voltage: 0.474319677, Height (cm): 0.909090909, Soil Type: Humid and Sandy, Mine Type: Anti-TankYou are a sensor expert. Given the following situation:
Recommend the most appropriate type of sensor to detect the target and briefly explain why. Be concise.
**Situation:** We need to monitor the soil moisture content in a military anti-tank trench system. The soil is humid and sandy. The trench requires consistent monitoring to ensure water levels don't reach dangerous levels that could compromise the stability or performance",attn/attn_0062.json
"Voltage: 0.719032338, Height (cm): 0.0, Soil Type: Dry and Humus, Mine Type: Anti-TankYou are a sensor expert. Given the following situation:
Recommend the most appropriate type of sensor to detect the target and briefly explain why. Be concise.

Situation: We need to detect the presence of a target object in a dark environment with little to no light.

**Recommendation:** Infrared (IR) Line Scanner.

**Explanation:** IR Line Scanners emit infrared light and measure the reflected light",attn/attn_0063.json
"Voltage: 0.622355731, Height (cm): 0.090909091, Soil Type: Dry and Humus, Mine Type: Anti-TankYou are a sensor expert. Given the following situation:
Recommend the most appropriate type of sensor to detect the target and briefly explain why. Be concise.
Here is the situation:
The goal is to detect objects that move along a track at a slow speed. The target is likely to be buried in soil.
The target is a tank.
We need to detect the movement of the sensor",attn/attn_0064.json
"Voltage: 0.531721412, Height (cm): 0.272727273, Soil Type: Dry and Humus, Mine Type: Anti-TankYou are a sensor expert. Given the following situation:
Recommend the most appropriate type of sensor to detect the target and briefly explain why. Be concise.

Situation: We are looking to monitor soil moisture levels in a garden or agricultural setting. We need a reasonable accuracy for assessing soil moisture and want to be able to set a threshold for irrigation.
Response:
Capacitance sensor. These sensors",attn/attn_0065.json
"Voltage: 0.504531116, Height (cm): 0.363636364, Soil Type: Dry and Humus, Mine Type: Anti-TankYou are a sensor expert. Given the following situation:
Recommend the most appropriate type of sensor to detect the target and briefly explain why. Be concise.
Situation: We need to detect soil properties, specifically dryness and humus content, in a minefield clearance operation. The sensor needs to be able to quickly scan a large area, covering a significant ground area within a reasonable time.

Recommendation: **",attn/attn_0066.json
"Voltage: 0.438065949, Height (cm): 0.545454545, Soil Type: Dry and Humus, Mine Type: Anti-TankYou are a sensor expert. Given the following situation:
Recommend the most appropriate type of sensor to detect the target and briefly explain why. Be concise.
Okay, let'g analyze the situation. We have soil that is Dry and Humus. That means there is organic matter present but the soil is lacking moisture. This data suggests the target organisms are likely slow-moving or burrowing due to",attn/attn_0067.json
"Voltage: 0.398791077, Height (cm): 0.636363636, Soil Type: Dry and Humus, Mine Type: Anti-TankYou are a sensor expert. Given the following situation:
Recommend the most appropriate type of sensor to detect the target and briefly explain why. Be concise.
Situation: We are aiming to detect the presence of ant colonies in a garden.
Recommended Sensor: Infrared (IR) sensor.
Explanation: IR sensors emit infrared light and measure the reflected light. Ants, like many insects, emit heat,",attn/attn_0068.json
"Voltage: 0.36253735, Height (cm): 0.818181818, Soil Type: Dry and Humus, Mine Type: Anti-TankYou are a sensor expert. Given the following situation:
Recommend the most appropriate type of sensor to detect the target and briefly explain why. Be concise.
Target: Small, soil-borne insect pests.
Environment: Field of wheat crops, dry and humus soil.

**Sensor Type: Infrared Thermometer (IR Thermometer)**

**Reasoning:**

IR thermometers can detect temperature differences,",attn/attn_0069.json
"Voltage: 0.999998728, Height (cm): 0.0, Soil Type: Humid and Humus, Mine Type: Anti-TankYou are a sensor expert. Given the following situation:
Recommend the most appropriate type of sensor to detect the target and briefly explain why. Be concise.

Situation: We need to detect the presence of mines in a hazardous area.

Recommended Sensor: **Ground-Penetrating Radar (GPR)**

Explanation: GPR excels at detecting buried objects by emitting radio waves and analyzing the reflected signals",attn/attn_0070.json
"Voltage: 0.912385552, Height (cm): 0.181818182, Soil Type: Humid and Humus, Mine Type: Anti-TankYou are a sensor expert. Given the following situation:
Recommend the most appropriate type of sensor to detect the target and briefly explain why. Be concise.

Situation: We need to detect the presence of underground tanks buried partially in the ground.

**Recommendation:** Ground-Penetrating Radar (GPR)

**Explanation:** GPR systems emit radio waves into the ground and analyze the reflected signals",attn/attn_0071.json
"Voltage: 0.957702712, Height (cm): 0.272727273, Soil Type: Humid and Humus, Mine Type: Anti-TankYou are a sensor expert. Given the following situation:
Recommend the most appropriate type of sensor to detect the target and briefly explain why. Be concise.
Situation: We need to detect a convoy of armored vehicles moving across a muddy, uneven terrain.

Recommended Sensor: **Radar (specifically, Side-Scanning Radar)**

Explanation: 
Radar is ideal for detecting metal targets moving across difficult terrain",attn/attn_0072.json
"Voltage: 0.75830721, Height (cm): 0.454545455, Soil Type: Humid and Humus, Mine Type: Anti-TankYou are a sensor expert. Given the following situation:
Recommend the most appropriate type of sensor to detect the target and briefly explain why. Be concise.
Situation: We are aiming to detect a small target (e.g. a mine) buried in humid, humus-rich soil.

Sensor Type: Ground Penetrating Radar (GPR)
Explanation: GPR is ideal for detecting buried",attn/attn_0073.json
"Voltage: 0.734138058, Height (cm): 0.545454545, Soil Type: Humid and Humus, Mine Type: Anti-TankYou are a sensor expert. Given the following situation:
Recommend the most appropriate type of sensor to detect the target and briefly explain why. Be concise.

Situation: We need to detect the presence of a tank, specifically a heavy armored tank, approaching from a distance, to provide early warning. The sensor must be capable of detecting the ground vibration caused by the tank's movement, and it network",attn/attn_0074.json
"Voltage: 0.495256245, Height (cm): 0.727272727, Soil Type: Humid and Humus, Mine Type: Anti-TankYou are a sensor expert. Given the following situation:
Recommend the most appropriate type of sensor to detect the target and briefly explain why. Be concise.

Situation: We need to detect the presence of armored vehicles in a forested area.
The target has a high thermal signature due to engine heat and exhaust fumes.
The thermal imaging sensor is the obvious choice and will be effective to detect the vehicles",attn/attn_0075.json
"Voltage: 0.468277389, Height (cm): 0.818181818, Soil Type: Humid and Humus, Mine Type: Anti-TankYou are a sensor expert. Given the following situation:
Recommend the most appropriate type of sensor to detect the target and briefly explain why. Be concise.

Situation: We need to detect the presence of minefields and buried anti-tank mines.
Target Characteristics: These mines are buried underground, partially covered by soil, and emit a faint electrical signal from the Sidearm Mines, and may be detected",attn/attn_0076.json
"Voltage: 0.467340821, Height (cm): 1.0, Soil Type: Humid and Humus, Mine Type: Anti-TankYou are a sensor expert. Given the following situation:
Recommend the most appropriate type of sensor to detect the target and briefly explain why. Be concise.

**Situation:** We need to detect nutrient deficiencies in soil, specifically nitrogen deficiency, in agricultural fields. The target is not moving, and we are looking for changes in the electrical conductivity of the soil. Nitrogen deficiency often results in reduced electrical conductivity.",attn/attn_0077.json
"Voltage: 0.999998728, Height (cm): 0.0, Soil Type: Dry and Limy, Mine Type: Anti-TankYou are a sensor expert. Given the following situation:
Recommend the most appropriate type of sensor to detect the target and briefly explain why. Be concise.
Situation: The target is a subterranean tank buried deep underground, approximately 10 meters deep.
**Recommendation:** Ground-Penetrating Radar (GPR)
**Explanation:** GPR emits electromagnetic waves that can penetrate the ground to a",attn/attn_0078.json
"Voltage: 0.999998728, Height (cm): 0.181818182, Soil Type: Dry and Limy, Mine Type: Anti-TankYou are a sensor expert. Given the following situation:
Recommend the most appropriate type of sensor to detect the target and briefly explain why. Be concise.

Situation: We're monitoring soil conditions to detect impending landslides in a mountainous region. We need a **continuous, real-time monitoring** of soil moisture and electrical conductivity to detect changes indicative of landslide potential. The focus is on detecting subtle changes",attn/attn_0079.json
"Voltage: 0.999998728, Height (cm): 0.272727273, Soil Type: Dry and Limy, Mine Type: Anti-TankYou are a sensor expert. Given the following situation:
Recommend the most appropriate type of sensor to detect the target and briefly explain why. Be concise.
The target is a large, buried metal object approximately 1.5 meters deep. The environment is an agricultural field with variable soil conditions, mostly dry and limy.

**Recommended Sensor:** Ground Penetrating Radar (GPR)

**",attn/attn_0080.json
"Voltage: 0.999998728, Height (cm): 0.454545455, Soil Type: Dry and Limy, Mine Type: Anti-TankYou are a sensor expert. Given the following situation:
Recommend the most appropriate type of sensor to detect the target and briefly explain why. Be concise.

Situation: We need to monitor the condition of the soil in a battlefield environment, specifically focusing on voltage, height, and soil type. This data will be used to assess the potential for plant growth in a designated area.

Recommendation: Capacitive",attn/attn_0081.json
"Voltage: 0.999998728, Height (cm): 0.545454545, Soil Type: Dry and Limy, Mine Type: Anti-TankYou are a sensor expert. Given the following situation:
Recommend the most appropriate type of sensor to detect the target and briefly explain why. Be concise.
Situation: We need to monitor the moisture content of the soil to determine when to irrigate a small plot of land, which is experiencing limestone-rich (limy) soil and experiencing low voltage readings.
Recommendation: Capacitive Soil Moisture Sensor",attn/attn_0082.json
"Voltage: 0.854983817, Height (cm): 0.727272727, Soil Type: Dry and Limy, Mine Type: Anti-TankYou are a sensor expert. Given the following situation:
Recommend the most appropriate type of sensor to detect the target and briefly explain why. Be concise.
**Situation:**

A farmer is trying to monitor soil moisture levels in a vineyard to optimize irrigation. The soil is described as ""Dry and Limy"". Limy soils tend to drain quickly, so a reliable moisture sensor is needed to detect the",attn/attn_0083.json
"Voltage: 0.628398019, Height (cm): 0.818181818, Soil Type: Dry and Limy, Mine Type: Anti-TankYou are a sensor expert. Given the following situation:
Recommend the most appropriate type of sensor to detect the target and briefly explain why. Be concise.

Situation: Soil moisture is low and the soil type is dry and limy. We need a Soil Moisture Sensor.

Recommendation: Capacitive Soil Moisture Sensor.

Explanation: Capacitive sensors are well-suited for measuring soil moisture as they penetrate",attn/attn_0084.json
"Voltage: 0.549848276, Height (cm): 1.0, Soil Type: Dry and Limy, Mine Type: Anti-TankYou are a sensor expert. Given the following situation:
Recommend the most appropriate type of sensor to detect the target and briefly explain why. Be concise.

Situation: We need to detect the presence of lithium deposits in a dry, limy soil environment. Lithium deposits are often associated with the presence of certain minerals and can be detected through changes in electrical conductivity.

Recommended Sensor: **Electrochemical Conductivity",attn/attn_0085.json
"Voltage: 0.999998728, Height (cm): 0.0, Soil Type: Humid and Limy, Mine Type: Anti-TankYou are a sensor expert. Given the following situation:
Recommend the most appropriate type of sensor to detect the target and briefly explain why. Be concise.

**Situation:**

We are monitoring the groundwater table in a mining operation to ensure optimal ore extraction and prevent flooding. The ore body is mostly granite, and the groundwater is relatively shallow and consistent.

**Recommendation:**

Pressure transducer. 

",attn/attn_0086.json
"Voltage: 0.891237545, Height (cm): 0.181818182, Soil Type: Humid and Limy, Mine Type: Anti-TankYou are a sensor expert. Given the following situation:
Recommend the most appropriate type of sensor to detect the target and briefly explain why. Be concise.
{
""Voltage"": 0.891237545,
""Height"": 0.181818182,
""Soil Type"": ""Humid and Limy"",
""",attn/attn_0087.json
"Voltage: 0.999998728, Height (cm): 0.272727273, Soil Type: Humid and Limy, Mine Type: Anti-TankYou are a sensor expert. Given the following situation:
Recommend the most appropriate type of sensor to detect the target and briefly explain why. Be concise.

Situation: We need to monitor a soil environment in a military installation to detect the presence of moisture and soil type. The goal is to provide real-time feedback for automated irrigation systems.

Recommended Sensor: Capacitive Soil Moisture Sensor

Explanation:",attn/attn_0088.json
"Voltage: 0.809666657, Height (cm): 0.454545455, Soil Type: Humid and Limy, Mine Type: Anti-TankYou are a sensor expert. Given the following situation:
Recommend the most appropriate type of sensor to detect the target and briefly explain why. Be concise.
Here's the situation:
""A group of soldiers are tasked with detecting an enemy's tunnel network to locate a hidden bunker. The primary goal is to detect presence of moisture changes in the soil due to the presence of the enemy.",attn/attn_0089.json
"Voltage: 0.716011194, Height (cm): 0.545454545, Soil Type: Humid and Limy, Mine Type: Anti-TankYou are a sensor expert. Given the following situation:
Recommend the most appropriate type of sensor to detect the target and briefly explain why. Be concise.
{
""Voltage"": 0.716011194,
""Height"": 0.545454545,
""Soil Type"": ""Humid and Limy"",
""",attn/attn_0090.json
"Voltage: 0.50755226, Height (cm): 0.727272727, Soil Type: Humid and Limy, Mine Type: Anti-TankYou are a sensor expert. Given the following situation:
Recommend the most appropriate type of sensor to detect the target and briefly explain why. Be concise.

Situation: We are looking to detect the presence of a tremor or vibration caused by enemy vehicles or machinery.
```json
{
""Voltage"": 0.50755226,
""Height"": 0.",attn/attn_0091.json
"Voltage: 0.549848276, Height (cm): 0.818181818, Soil Type: Humid and Limy, Mine Type: Anti-TankYou are a sensor expert. Given the following situation:
Recommend the most appropriate type of sensor to detect the target and briefly explain why. Be concise.

Situation: We want to detect the presence of landmines and UXO (unexploded ordnance) in a large area. Detection must be very sensitive – we need to identify small objects that could be buried just below the surface, and it’s",attn/attn_0092.json
"Voltage: 0.444108237, Height (cm): 1.0, Soil Type: Humid and Limy, Mine Type: Anti-TankYou are a sensor expert. Given the following situation:
Recommend the most appropriate type of sensor to detect the target and briefly explain why. Be concise.

Situation: Monitoring soil conditions to determine the accuracy of a magnetic anomaly detection system assessing the location of buried landmines.

Explanation:
A soil logging sensor that can measure soil moisture, electrical conductivity (EC), and pH is likely the most appropriate",attn/attn_0093.json
"Voltage: 0.389304766, Height (cm): 0.0, Soil Type: Dry and Sandy, Mine Type: Anti-PersonnelYou are a sensor expert. Given the following situation:
Recommend the most appropriate type of sensor to detect the target and briefly explain why. Be concise.
The target is a potential IED (Improvised Explosive Device) detection.
**Recommendation: Ground Penetrating Radar (GPR)**

**Reasoning:**
GPR is ideal for detecting buried objects such as IEDs because",attn/attn_0094.json
"Voltage: 0.365347054, Height (cm): 0.181818182, Soil Type: Dry and Sandy, Mine Type: Anti-PersonnelYou are a sensor expert. Given the following situation:
Recommend the most appropriate type of sensor to detect the target and briefly explain why. Be concise.

Situation: We are detecting mines in a sandy and dry environment.

Recommended Sensor: **Infrared (IR) Thermal Imaging Camera**.

Reasoning: IR thermal imaging cameras excel at detecting heat signatures, which can identify the heat emitted by buried",attn/attn_0095.json
"Voltage: 0.368579638, Height (cm): 0.272727273, Soil Type: Dry and Sandy, Mine Type: Anti-PersonnelYou are a sensor expert. Given the following situation:
Recommend the most appropriate type of sensor to detect the target and briefly explain why. Be concise.

Situation: A military unit is deploying a mission to a sandy desert environment with the threat of enemy combatants. The terrain is open and exposed. 
**Recommendation:**

Radar Sensor.

**Reasoning:**

Radar sensors are ideal for",attn/attn_0096.json
"Voltage: 0.338156758, Height (cm): 0.454545455, Soil Type: Dry and Sandy, Mine Type: Anti-PersonnelYou are a sensor expert. Given the following situation:
Recommend the most appropriate type of sensor to detect the target and briefly explain why. Be concise.
The target is likely to be concealed in a dry and sandy environment, and the ability to detect it from a height is important.

**Recommended sensor: LiDAR (Light Detection and Ranging)**

**Reasoning:**

LiDAR can penetrate",attn/attn_0097.json
"Voltage: 0.31722019, Height (cm): 0.545454545, Soil Type: Dry and Sandy, Mine Type: Anti-PersonnelYou are a sensor expert. Given the following situation:
Recommend the most appropriate type of sensor to detect the target and briefly explain why. Be concise.
Okay, here's my recommendation and justification:

**Sensor Type: Passive Infrared (PIR) Motion Sensor**

**Reasoning:**

Given the reported soil type (Dry and Sandy) and mine type (Anti-Personnel), we",attn/attn_0098.json
"Voltage: 0.319093326, Height (cm): 0.727272727, Soil Type: Dry and Sandy, Mine Type: Anti-PersonnelYou are a sensor expert. Given the following situation:
Recommend the most appropriate type of sensor to detect the target and briefly explain why. Be concise.
{
""Voltage"": 0.319093326,
""Height"": 0.727272727,
""Soil Type"": ""Dry and Sandy"",
""Mine Type",attn/attn_0099.json
"Voltage: 0.335347054, Height (cm): 0.818181818, Soil Type: Dry and Sandy, Mine Type: Anti-PersonnelYou are a sensor expert. Given the following situation:
Recommend the most appropriate type of sensor to detect the target and briefly explain why. Be concise.

Situation: We need to detect mines in a sandy, dry environment. The mines are buried roughly 10-20 cm deep within the soil.

Recommended Sensor: **Ground-Penetrating Radar (GPR)**

Explanation:",attn/attn_0100.json
"Voltage: 0.303262478, Height (cm): 1.0, Soil Type: Dry and Sandy, Mine Type: Anti-PersonnelYou are a sensor expert. Given the following situation:
Recommend the most appropriate type of sensor to detect the target and briefly explain why. Be concise.

Situation: You are deployed in a war zone and tasked with detecting enemy combatants moving within a forested area. The terrain is dry and sandy, which suggests soil moisture is low and drainage is poor. The target is human combatants, small,",attn/attn_0101.json
"Voltage: 0.613292299, Height (cm): 0.181818182, Soil Type: Humid and Sandy, Mine Type: Anti-PersonnelYou are a sensor expert. Given the following situation:
Recommend the most appropriate type of sensor to detect the target and briefly explain why. Be concise.

Situation: A soldier is trying to find a concealed enemy soldier hiding in a sandy, humid environment. The goal is to detect the presence of a human, ideally prioritizing detection of a buried or hidden individual.

Recommended Sensor: **Ground Penetrating",attn/attn_0102.json
"Voltage: 0.425981373, Height (cm): 0.363636364, Soil Type: Humid and Sandy, Mine Type: Anti-PersonnelYou are a sensor expert. Given the following situation:
Recommend the most appropriate type of sensor to detect the target and briefly explain why. Be concise.
Situation: We need to detect a concealed enemy soldier who is hidden in dense vegetation and likely to be deeply buried in sandy soil.

Recommended Sensor: **Ground Penetrating Radar (GPR)**.

Explanation: GPR excels at penetrating subsurface",attn/attn_0103.json
"Voltage: 0.384621926, Height (cm): 0.454545455, Soil Type: Humid and Sandy, Mine Type: Anti-PersonnelYou are a sensor expert. Given the following situation:
Recommend the most appropriate type of sensor to detect the target and briefly explain why. Be concise.

**Situation:** The target is a mine.

**Sensing Parameters:**
*   **Target Type:** Anti-Personnel Mine
*   **Operating Environment:** Rural, outdoor terrain with potentially humid and sandy soil.
*   **Detection",attn/attn_0104.json
"Voltage: 0.356495062, Height (cm): 0.636363636, Soil Type: Humid and Sandy, Mine Type: Anti-PersonnelYou are a sensor expert. Given the following situation:
Recommend the most appropriate type of sensor to detect the target and briefly explain why. Be concise.
**Situation:** A soldier is conducting reconnaissance in a sandy, humid environment to detect enemy combatants concealed amidst foliage.

**Sensor Recommendation:** Infrared (IR) Thermal Imaging Camera.

**Reasoning:**
IR thermal imaging cameras are optimal for",attn/attn_0105.json
"Voltage: 0.350685358, Height (cm): 0.727272727, Soil Type: Humid and Sandy, Mine Type: Anti-PersonnelYou are a sensor expert. Given the following situation:
Recommend the most appropriate type of sensor to detect the target and briefly explain why. Be concise.
Situation: We're looking for covert surveillance of a patrol route, assessing soil conditions alongside the detection of motor vehicles, primarily small, unarmed infantry patrols.

Here's what we'll be using for data collection:
*   **",attn/attn_0106.json
"Voltage: 0.338368198, Height (cm): 0.909090909, Soil Type: Humid and Sandy, Mine Type: Anti-PersonnelYou are a sensor expert. Given the following situation:
Recommend the most appropriate type of sensor to detect the target and briefly explain why. Be concise.
Situation: An operator is trying to detect personnel of an enemy force.
Sensor Type: Thermal Imager
Explanation: Thermal imagers detect heat signatures, allowing detection of humans and vehicles even in darkness or obscured conditions. This is crucial for identifying",attn/attn_0107.json
"Voltage: 0.344410486, Height (cm): 1.0, Soil Type: Humid and Sandy, Mine Type: Anti-PersonnelYou are a sensor expert. Given the following situation:
Recommend the most appropriate type of sensor to detect the target and briefly explain why. Be concise.

Situation: A military unit is operating in a dynamic, somewhat rural environment with varying terrain and vegetation. The target is a human enemy soldier, potentially concealed among foliage or in built-Up areas. The primary goal is to detect the presence of an",attn/attn_0108.json
"Voltage: 0.444108237, Height (cm): 0.090909091, Soil Type: Dry and Humus, Mine Type: Anti-PersonnelYou are a sensor expert. Given the following situation:
Recommend the most appropriate type of sensor to detect the target and briefly explain why. Be concise.
Situation: We need to detect mines (specifically clay-based mines) buried underground, partially buried, or sitting at the ground surface. We’re operating in a challenging environment with both rocky terrain and limited visibility.

Recommendation: Ground-Pen",attn/attn_0109.json
"Voltage: 0.389727645, Height (cm): 0.181818182, Soil Type: Dry and Humus, Mine Type: Anti-PersonnelYou are a sensor expert. Given the following situation:
Recommend the most appropriate type of sensor to detect the target and briefly explain why. Be concise.

Situation: We need to detect mines in a field.

Recommended Sensor: **Ground Penetrating Radar (GPR)**

Explanation: GPR excels at detecting buried objects with varying electrical properties, making it effective for identifying mine explosions that leave subsurface",attn/attn_0110.json
"Voltage: 0.356495062, Height (cm): 0.363636364, Soil Type: Dry and Humus, Mine Type: Anti-PersonnelYou are a sensor expert. Given the following situation:
Recommend the most appropriate type of sensor to detect the target and briefly explain why. Be concise.
{
""Voltage"": 0.356495062,
""Height"": 0.363636364,
""Soil Type"": ""Dry and Humus"",
""Mine",attn/attn_0111.json
"Voltage: 0.353473918, Height (cm): 0.454545455, Soil Type: Dry and Humus, Mine Type: Anti-PersonnelYou are a sensor expert. Given the following situation:
Recommend the most appropriate type of sensor to detect the target and briefly explain why. Be concise.
**Situation:** Combatants are conducting a raid in a dense forest. The task is to locate a small group of enemy combatants hiding amongst the foliage and undergrowth.

**Available Sensors:**
*   **Thermal Infrared (TIR)",attn/attn_0112.json
"Voltage: 0.356495062, Height (cm): 0.636363636, Soil Type: Dry and Humus, Mine Type: Anti-PersonnelYou are a sensor expert. Given the following situation:
Recommend the most appropriate type of sensor to detect the target and briefly explain why. Be concise.
Situation: A military operation is taking place in an urban environment. The sensors need to be deployed to identify and locate enemy combatants, with a focus on detecting their movement and intent.
**Recommendation:**

**Passive Acoustic Sensors (e.",attn/attn_0113.json
"Voltage: 0.314199046, Height (cm): 0.727272727, Soil Type: Dry and Humus, Mine Type: Anti-PersonnelYou are a sensor expert. Given the following situation:
Recommend the most appropriate type of sensor to detect the target and briefly explain why. Be concise.

Situation: We need to detect mines in a field, specifically detecting mines buried just below the surface of the ground.

Recommended Sensor: Ground Penetrating Radar (GPR)

Explanation: GPR utilizes electromagnetic waves to image the subsurface, effectively",attn/attn_0114.json
"Voltage: 0.253776167, Height (cm): 0.909090909, Soil Type: Dry and Humus, Mine Type: Anti-PersonnelYou are a sensor expert. Given the following situation:
Recommend the most appropriate type of sensor to detect the target and briefly explain why. Be concise.

Situation: We need to detect if a minefield area is cleared and safe for soldiers to proceed. We need to identify the presence of mines and other explosive devices.

Recommendation:
**Ground Penetrating Radar (GPR)**

Explanation:",attn/attn_0115.json
"Voltage: 0.574017428, Height (cm): 0.0, Soil Type: Humid and Humus, Mine Type: Anti-PersonnelYou are a sensor expert. Given the following situation:
Recommend the most appropriate type of sensor to detect the target and briefly explain why. Be concise.

Situation: The goal is to detect mines, specifically anti-personnel mines near the battlefield, in a hot, sandy, and dusty environment. The environment transitions between barren terrain and slightly elevated, rocky areas. Terrain is known to be relatively flat",attn/attn_0116.json
"Voltage: 0.477340821, Height (cm): 0.181818182, Soil Type: Humid and Humus, Mine Type: Anti-PersonnelYou are a sensor expert. Given the following situation:
Recommend the most appropriate type of sensor to detect the target and briefly explain why. Be concise.
{
""Voltage"": 0.477340821,
""Height"": 0.181818182,
""Soil Type"": ""Humid and Humus"",
""",attn/attn_0117.json
"Voltage: 0.483383109, Height (cm): 0.272727273, Soil Type: Humid and Humus, Mine Type: Anti-PersonnelYou are a sensor expert. Given the following situation:
Recommend the most appropriate type of sensor to detect the target and briefly explain why. Be concise.
Situation: We need to detect a patrol route used by enemy combatants. We need to be able to identify movement and obstacles in the environment.
Sensor Type: LiDAR

Explanation: LiDAR (Light Detection and Ranging) excels at mapping the",attn/attn_0118.json
"Voltage: 0.407854509, Height (cm): 0.454545455, Soil Type: Humid and Humus, Mine Type: Anti-PersonnelYou are a sensor expert. Given the following situation:
Recommend the most appropriate type of sensor to detect the target and briefly explain why. Be concise.
**Situation:** We need to detect troops in a dense forest environment.

**Measurements:** Voltage: 0.407854509, Height: 0.454545455, Soil",attn/attn_0119.json
"Voltage: 0.386706501, Height (cm): 0.545454545, Soil Type: Humid and Humus, Mine Type: Anti-PersonnelYou are a sensor expert. Given the following situation:
Recommend the most appropriate type of sensor to detect the target and briefly explain why. Be concise.
Situation: Detection of enemy soldiers in a forested area during nighttime observation.
Sensor Type: Infrared (IR) Thermal Imaging Camera.
Explanation: IR thermal imaging cameras detect heat signatures, which are emitted by all warm-blooded organisms, including humans",attn/attn_0120.json
"Voltage: 0.389727645, Height (cm): 0.727272727, Soil Type: Humid and Humus, Mine Type: Anti-PersonnelYou are a sensor expert. Given the following situation:
Recommend the most appropriate type of sensor to detect the target and briefly explain why. Be concise.

Situation: We need to detect the presence of enemy soldiers in a forest environment.

Recommended Sensor: **Thermal Infrared (IR) Camera**.

Explanation: Thermal Infrared cameras detect heat signatures, which are emitted by all living organisms, including humans.",attn/attn_0121.json
"Voltage: 0.365558494, Height (cm): 0.818181818, Soil Type: Humid and Humus, Mine Type: Anti-PersonnelYou are a sensor expert. Given the following situation:
Recommend the most appropriate type of sensor to detect the target and briefly explain why. Be concise.
**Situation:** The target is a human soldier, potentially concealed within dense vegetation in a forest or jungle environment. The mission objective is to locate and identify the soldier.

**Sensor Recommendations:**

*   **Thermal Infrared (IR) Camera:**",attn/attn_0122.json
"Voltage: 0.326283622, Height (cm): 1.0, Soil Type: Humid and Humus, Mine Type: Anti-PersonnelYou are a sensor expert. Given the following situation:
Recommend the most appropriate type of sensor to detect the target and briefly explain why. Be concise.
**Situation:** The goal is to detect enemy combatants in a forested area, concentrating on detecting movement within dense vegetation.

**Data:**
Voltage: 0.326283622
Height: 1.",attn/attn_0123.json
"Voltage: 0.664651747, Height (cm): 0.181818182, Soil Type: Dry and Limy, Mine Type: Anti-PersonnelYou are a sensor expert. Given the following situation:
Recommend the most appropriate type of sensor to detect the target and briefly explain why. Be concise.
**Situation:** Underwater obstacle detection. This task requires detecting objects (obstacles) in murky, murky water, likely with sediment and debris. Visibility is extremely low.

Here's your analysis:

Considering the challenging conditions—murky water,",attn/attn_0124.json
"Voltage: 0.510573404, Height (cm): 0.363636364, Soil Type: Dry and Limy, Mine Type: Anti-PersonnelYou are a sensor expert. Given the following situation:
Recommend the most appropriate type of sensor to detect the target and briefly explain why. Be concise.
A soldier carrying a backpack containing an explosive device. The target is being tracked by visual imagery and known to be moving within sandy soil conditions.

**Recommendation: Infrared Thermography Camera**

**Explanation:**
Infrared thermography cameras detect heat",attn/attn_0125.json
"Voltage: 0.483383109, Height (cm): 0.454545455, Soil Type: Dry and Limy, Mine Type: Anti-PersonnelYou are a sensor expert. Given the following situation:
Recommend the most appropriate type of sensor to detect the target and briefly explain why. Be concise.
Sensor Type: Ultrasonic Sensor
Explanation: Ultrasonic sensors are well-suited for detecting objects at a distance, even in varied terrain conditions. They can function effectively in dry and limy soils where other sensors like optical sensors might be affected by surface conditions",attn/attn_0126.json
"Voltage: 0.395769933, Height (cm): 0.636363636, Soil Type: Dry and Limy, Mine Type: Anti-PersonnelYou are a sensor expert. Given the following situation:
Recommend the most appropriate type of sensor to detect the target and briefly explain why. Be concise.
Situation: A soldier is patrolling a rural area, equipped with a passive sensor using a radio frequency (RF) detector. The soldier is looking for enemy combatants hiding in dense vegetation.

Based on the reflection of RF signals off of human bodies",attn/attn_0127.json
"Voltage: 0.36253735, Height (cm): 0.727272727, Soil Type: Dry and Limy, Mine Type: Anti-PersonnelYou are a sensor expert. Given the following situation:
Recommend the most appropriate type of sensor to detect the target and briefly explain why. Be concise.

Situation: Need to detect minefields at a range of 100-200 meters.

Recommended sensor: **Ground Penetrating Radar (GPR)**

Explanation: GPR excels at detecting subsurface anomalies associated with buried objects like",attn/attn_0128.json
"Voltage: 0.352748789, Height (cm): 0.909090909, Soil Type: Dry and Limy, Mine Type: Anti-PersonnelYou are a sensor expert. Given the following situation:
Recommend the most appropriate type of sensor to detect the target and briefly explain why. Be concise.

**Situation:** The target is a bomb or explosive device hidden in a dark, rough, and potentially contaminated environment. The target is buried underground and partially obscured by debris.

Here's a Ground Penetrating Radar (GPR) sensor.",attn/attn_0129.json
"Voltage: 0.352960229, Height (cm): 1.0, Soil Type: Dry and Limy, Mine Type: Anti-PersonnelYou are a sensor expert. Given the following situation:
Recommend the most appropriate type of sensor to detect the target and briefly explain why. Be concise.
**Situation:** A military unit is searching for IEDs (Improvised Explosive Devices) in a desert environment. IEDs are often buried shallowly in the ground and may be hidden under surface debris. The unit needs a sensor",attn/attn_0130.json
"Voltage: 0.561932852, Height (cm): 0.181818182, Soil Type: Humid and Limy, Mine Type: Anti-PersonnelYou are a sensor expert. Given the following situation:
Recommend the most appropriate type of sensor to detect the target and briefly explain why. Be concise.

Situation: We need to detect explosives, specifically land mines.

Recommended Sensor: **Ground Penetrating Radar (GPR)**

Explanation: GPR excels at detecting buried objects by analyzing the changes in subsurface soil properties caused by mines. It can",attn/attn_0131.json
"Voltage: 0.586102004, Height (cm): 0.272727273, Soil Type: Humid and Limy, Mine Type: Anti-PersonnelYou are a sensor expert. Given the following situation:
Recommend the most appropriate type of sensor to detect the target and briefly explain why. Be concise.
Target: Infantry Soldier, Environment: Urban, Low Light Conditions, Distance: 50m - 100m

Based on the low light conditions, urban environment, and the target being an infantry soldier at a distance, a **",attn/attn_0132.json
"Voltage: 0.489425397, Height (cm): 0.454545455, Soil Type: Humid and Limy, Mine Type: Anti-PersonnelYou are a sensor expert. Given the following situation:
Recommend the most appropriate type of sensor to detect the target and briefly explain why. Be concise.
Situation: We're deploying a network of underwater sensors to detect subsurface minefields.
Problem: We need a Side-scan sonar to detect mines, but it’s expensive and requires onboard power. Therefore, drop-down sensors are a",attn/attn_0133.json
"Voltage: 0.425981373, Height (cm): 0.545454545, Soil Type: Humid and Limy, Mine Type: Anti-PersonnelYou are a sensor expert. Given the following situation:
Recommend the most appropriate type of sensor to detect the target and briefly explain why. Be concise.

Situation: A soldier needs to detect potential enemy combatants in dense vegetation, specifically in a forest environment. The sensor should be have a high success rate for identifying humans.

**Recommendation: Infrared Thermal Imaging Camera**

**Explanation:**
Inf",attn/attn_0134.json
"Voltage: 0.350452774, Height (cm): 0.727272727, Soil Type: Humid and Limy, Mine Type: Anti-PersonnelYou are a sensor expert. Given the following situation:
Recommend the most appropriate type of sensor to detect the target and briefly explain why. Be concise.
**Situation:** We are deploying sensors in a combat zone to detect the presence of enemy troops. The area is characterized by humid conditions and limy soil type.

**Sensor Recommendation:**
Radar-based sensors (e.g., Active Electron",attn/attn_0135.json
"Voltage: 0.335347054, Height (cm): 0.818181818, Soil Type: Humid and Limy, Mine Type: Anti-PersonnelYou are a sensor expert. Given the following situation:
Recommend the most appropriate type of sensor to detect the target and briefly explain why. Be concise.
**Situation:** A soldier needs to detect small, moving, metallic objects (grenades or mines) buried slightly below the surface of the ground, typically in wooded areas with humid soil conditions rich in limestone (limy soil). The target is likely",attn/attn_0136.json
"Voltage: 0.306495062, Height (cm): 1.0, Soil Type: Humid and Limy, Mine Type: Anti-PersonnelYou are a sensor expert. Given the following situation:
Recommend the most appropriate type of sensor to detect the target and briefly explain why. Be concise.
**Situation:** A team of special forces is operating in a dense urban environment, seeking enemy combatants in a labyrinthine network of buildings and alleyways. The primary concern is identifying enemy combatants amidst civilians. Thermal imaging is not ideal due",attn/attn_0137.json
"Voltage: 0.513594548, Height (cm): 0.090909091, Soil Type: Dry and Sandy, Mine Type: Booby Trap Anti-PersonnelYou are a sensor expert. Given the following situation:
Recommend the most appropriate type of sensor to detect the target and briefly explain why. Be concise.
Booby traps designed to trigger when a person approaches within a certain range.

**Recommendation:**
Infrared (IR) Motion Sensors. 

**Explanation:**
IR motion sensors are ideal for detecting movement due to changes in infrared radiation emitted",attn/attn_0138.json
"Voltage: 0.407854509, Height (cm): 0.272727273, Soil Type: Dry and Sandy, Mine Type: Booby Trap Anti-PersonnelYou are a sensor expert. Given the following situation:
Recommend the most appropriate type of sensor to detect the target and briefly explain why. Be concise.

Situation: A soldier is patrolling a desert environment and needs to detect tripwires in a scene with highly reflective surfaces, such as sand dunes, rocks, and other sun-drenched terrain.

**Recommendation: Infrared (IR) Line Sensor**",attn/attn_0139.json
"Voltage: 0.389727645, Height (cm): 0.363636364, Soil Type: Dry and Sandy, Mine Type: Booby Trap Anti-PersonnelYou are a sensor expert. Given the following situation:
Recommend the most appropriate type of sensor to detect the target and briefly explain why. Be concise.

Situation: A reconnaissance drone is used to identify potential IEDs (Improvised Explosive Devices) in a sandy, dry terrain. The drone needs to detect buried mines, specifically pressure plates and tripwires.

Recommended Sensor: **Inf",attn/attn_0140.json
"Voltage: 0.338368198, Height (cm): 0.545454545, Soil Type: Dry and Sandy, Mine Type: Booby Trap Anti-PersonnelYou are a sensor expert. Given the following situation:
Recommend the most appropriate type of sensor to detect the target and briefly explain why. Be concise.

Situation: A robot needs to detect tripwires set by an enemy in a forested area. The robot must be able to navigate in low light conditions.

Recommended Sensor: **Near-Infrared (NIR) Camera**.

Explanation: NIR cameras",attn/attn_0141.json
"Voltage: 0.353473918, Height (cm): 0.636363636, Soil Type: Dry and Sandy, Mine Type: Booby Trap Anti-PersonnelYou are a sensor expert. Given the following situation:
Recommend the most appropriate type of sensor to detect the target and briefly explain why. Be concise.
Situation: A Booby Trap Anti-Personnel trap is hidden in a sandy soil environment. 

Sensor: Infrared (IR) Distance Sensor
Explanation: IR distance sensors can accurately measure the distance to objects, even in dusty or sandy conditions,",attn/attn_0142.json
"Voltage: 0.368579638, Height (cm): 0.818181818, Soil Type: Dry and Sandy, Mine Type: Booby Trap Anti-PersonnelYou are a sensor expert. Given the following situation:
Recommend the most appropriate type of sensor to detect the target and briefly explain why. Be concise.
```json
{
  ""Voltage"": 0.368579638,
  ""Height"": 0.818181818,
  ""Soil Type"": ""Dry and",attn/attn_0143.json
"Voltage: 0.36253735, Height (cm): 0.909090909, Soil Type: Dry and Sandy, Mine Type: Booby Trap Anti-PersonnelYou are a sensor expert. Given the following situation:
Recommend the most appropriate type of sensor to detect the target and briefly explain why. Be concise.

Situation: We need a sensor to detect a booby trap anti-personnel device.

Recommendations:
1.  **Motion sensor:** Good for detecting movement, could potentially trigger an alarm when someone approaches the trap.
2.  ",attn/attn_0144.json
"Voltage: 0.501509972, Height (cm): 0.0, Soil Type: Humid and Sandy, Mine Type: Booby Trap Anti-PersonnelYou are a sensor expert. Given the following situation:
Recommend the most appropriate type of sensor to detect the target and briefly explain why. Be concise.
Situation: The goal is to detect a booby trap anti-personnel device.
Sensor type: Infrared Camera
Explanation: Infrared cameras detect heat signatures, which could detect the movement of a person approaching a potential trap. Booby traps are",attn/attn_0145.json
"Voltage: 0.441087093, Height (cm): 0.090909091, Soil Type: Humid and Sandy, Mine Type: Booby Trap Anti-PersonnelYou are a sensor expert. Given the following situation:
Recommend the most appropriate type of sensor to detect the target and briefly explain why. Be concise.

Situation: A sniper has set a booby trap mine designed to detonate when someone steps on it. 
The goal is to detect the weight and pressure applied to the mine.

Recommended Sensor: **Force Sensitive Resistor (FSR",attn/attn_0146.json
"Voltage: 0.404833365, Height (cm): 0.363636364, Soil Type: Humid and Sandy, Mine Type: Booby Trap Anti-PersonnelYou are a sensor expert. Given the following situation:
Recommend the most appropriate type of sensor to detect the target and briefly explain why. Be concise.

Situation Description: We are deploying sensors in a desert environment to detect mines, specifically booby traps. The environment is arid and dry, with sparse vegetation and significant temperature fluctuations. The sensor needs to be buried slightly below the surface to minimize visibility to",attn/attn_0147.json
"Voltage: 0.37764307, Height (cm): 0.454545455, Soil Type: Humid and Sandy, Mine Type: Booby Trap Anti-PersonnelYou are a sensor expert. Given the following situation:
Recommend the most appropriate type of sensor to detect the target and briefly explain why. Be concise.
Situation: A bomb disposal robot needs to navigate a dark, sandy soil area to locate and disarm a mine.
Here's what we know: ------------------------------------------------------------------------------------------------------------------------------------------------------------
Sensor Type: Ground Penetrating",attn/attn_0148.json
"Voltage: 0.34743163, Height (cm): 0.636363636, Soil Type: Humid and Sandy, Mine Type: Booby Trap Anti-PersonnelYou are a sensor expert. Given the following situation:
Recommend the most appropriate type of sensor to detect the target and briefly explain why. Be concise.
Situation: A reconnaissance drone is equipped with a thermal imaging sensor designated to detect enemy soldiers. The drone is operating in a potentially wooded area with varying terrain and foliage. 

Response:
FLIR (Forward Looking Infrared) camera. This sensor",attn/attn_0149.json
"Voltage: 0.330664214, Height (cm): 0.727272727, Soil Type: Humid and Sandy, Mine Type: Booby Trap Anti-PersonnelYou are a sensor expert. Given the following situation:
Recommend the most appropriate type of sensor to detect the target and briefly explain why. Be concise.
```json
{
 ""Voltage"": 0.330664214,
 ""Height"": 0.727272727,
 ""Soil Type"": ""Humid and Sandy""",attn/attn_0150.json
"Voltage: 0.329304766, Height (cm): 0.909090909, Soil Type: Humid and Sandy, Mine Type: Booby Trap Anti-PersonnelYou are a sensor expert. Given the following situation:
Recommend the most appropriate type of sensor to detect the target and briefly explain why. Be concise.

Situation: The goal is to detect a booby trap anti-personnel mine hidden in a humid, sandy environment.

Best Sensor:
**Ground Penetrating Radar (GPR)**

Explanation:
GPR is ideal for detecting subsurface",attn/attn_0151.json
"Voltage: 0.309516206, Height (cm): 1.0, Soil Type: Humid and Sandy, Mine Type: Booby Trap Anti-PersonnelYou are a sensor expert. Given the following situation:
Recommend the most appropriate type of sensor to detect the target and briefly explain why. Be concise.
Situation: We need to detect a booby trap anti-personnel device in a potentially humid and sandy environment.

Sensor Recommendation: **Induction Loop Detector**

Explanation: Induction loop detectors are highly effective for detecting metallic objects buried beneath the",attn/attn_0152.json
"Voltage: 0.531721412, Height (cm): 0.181818182, Soil Type: Dry and Humus, Mine Type: Booby Trap Anti-PersonnelYou are a sensor expert. Given the following situation:
Recommend the most appropriate type of sensor to detect the target and briefly explain why. Be concise.

Situation: We are deploying sensors in a warzone environment to detect traps set by an enemy, specifically looking for tripwires and pressure plates activated as part of an anti-personnel booby trap.

Solution:
**Infrared (IR",attn/attn_0153.json
"Voltage: 0.504531116, Height (cm): 0.272727273, Soil Type: Dry and Humus, Mine Type: Booby Trap Anti-PersonnelYou are a sensor expert. Given the following situation:
Recommend the most appropriate type of sensor to detect the target and briefly explain why. Be concise.

Situation: You are searching for a hidden enemy minefield in a densely wooded area with limited visibility due to thick foliage. The target is likely buried, partially obscured by vegetation, and potentially has a distinctive metallic casing. A quick and effective detection method",attn/attn_0154.json
"Voltage: 0.438065949, Height (cm): 0.454545455, Soil Type: Dry and Humus, Mine Type: Booby Trap Anti-PersonnelYou are a sensor expert. Given the following situation:
Recommend the most appropriate type of sensor to detect the target and briefly explain why. Be concise.

Situation: Detecting booby traps set by an enemy.

Sensor Type: InfraRed.

Reasoning:
Infrared sensors are excellent at detecting heat signatures, which could indicate the presence of a triggering mechanism in a booby trap or the",attn/attn_0155.json
"Voltage: 0.398791077, Height (cm): 0.545454545, Soil Type: Dry and Humus, Mine Type: Booby Trap Anti-PersonnelYou are a sensor expert. Given the following situation:
Recommend the most appropriate type of sensor to detect the target and briefly explain why. Be concise.
Here is the environment context:
The target is an anti-personnel mine disguised as a stone. A human soldier is the target. 
```json
{
  ""Voltage"":0.39879107",attn/attn_0156.json
"Voltage: 0.36253735, Height (cm): 0.727272727, Soil Type: Dry and Humus, Mine Type: Booby Trap Anti-PersonnelYou are a sensor expert. Given the following situation:
Recommend the most appropriate type of sensor to detect the target and briefly explain why. Be concise.

Situation: The goal is to detect personnel carrying a mine disguised as a rock. An operator wants to be alerted when the operator is within a 5-meter radius
of a potential mine.

Recommended Sensor: **Thermal Imaging Camera**.

",attn/attn_0157.json
"Voltage: 0.314199046, Height (cm): 0.818181818, Soil Type: Dry and Humus, Mine Type: Booby Trap Anti-PersonnelYou are a sensor expert. Given the following situation:
Recommend the most appropriate type of sensor to detect the target and briefly explain why. Be concise.

Situation: We need to detect booby traps, specifically pressure-activated mines.

Recommended Sensor: **Infrared (IR) Motion Sensors**

Explanation: 
IR motion sensors accurately detect changes in infrared radiation, which are caused by the",attn/attn_0158.json
"Voltage: 0.329304766, Height (cm): 1.0, Soil Type: Dry and Humus, Mine Type: Booby Trap Anti-PersonnelYou are a sensor expert. Given the following situation:
Recommend the most appropriate type of sensor to detect the target and briefly explain why. Be concise.
Target: Landmine: burial landmine

Situation: We need a buried landmine to be detected by a drone equipped with a ground penetrating radar (GPR) to locate it **before** a soldier encounters it.

Reasoning:
",attn/attn_0159.json
"Voltage: 0.28125225, Height (cm): 0.0, Soil Type: Humid and Humus, Mine Type: Booby Trap Anti-PersonnelYou are a sensor expert. Given the following situation:
Recommend the most appropriate type of sensor to detect the target and briefly explain why. Be concise.
**Situation:** A soldier is patrolling a suspected IED (Improvised Explosive Device) route in a forested area. The sensor needs to detect any buried IEDs before the soldier steps on them, so early detection is crucial.

",attn/attn_0160.json
"Voltage: 0.273866976, Height (cm): 0.181818182, Soil Type: Humid and Humus, Mine Type: Booby Trap Anti-PersonnelYou are a sensor expert. Given the following situation:
Recommend the most appropriate type of sensor to detect the target and briefly explain why. Be concise.
Target: Booby Trap Anti-Personnel

**Recommendation: Acoustic Sensor**

**Reasoning:** Booby traps are designed to be triggered by movement or impact, often with a distinct, rapid sound. Acoustic sensors can detect these sounds effectively,",attn/attn_0161.json
"Voltage: 0.256465241, Height (cm): 0.272727273, Soil Type: Humid and Humus, Mine Type: Booby Trap Anti-PersonnelYou are a sensor expert. Given the following situation:
Recommend the most appropriate type of sensor to detect the target and briefly explain why. Be concise.

Situation: Detecting buried landmines in a forested area.

Sensor Recommendation: Ground Penetrating Radar (GPR)

Explanation: GPR excels at penetrating the ground surface to detect subsurface objects like buried objects (landmines) without excavation, offering",attn/attn_0162.json
"Voltage: 0.227522439, Height (cm): 0.454545455, Soil Type: Humid and Humus, Mine Type: Booby Trap Anti-PersonnelYou are a sensor expert. Given the following situation:
Recommend the most appropriate type of sensor to detect the target and briefly explain why. Be concise.

Situation: We need to detect a booby trap anti-personnel device on a battlefield.

Sensor Type: Infrared Camera 

Explanation: Infrared cameras can detect heat signatures, which can potentially reveal the presence of pressure plates or triggering mechanisms associated",attn/attn_0163.json
"Voltage: 0.235649303, Height (cm): 0.545454545, Soil Type: Humid and Humus, Mine Type: Booby Trap Anti-PersonnelYou are a sensor expert. Given the following situation:
Recommend the most appropriate type of sensor to detect the target and briefly explain why. Be concise.

Situation:
We need to detect mines placed in a humid and humus-rich soil environment. Mines are likely booby traps designed to be triggered by movement.

Recommended Sensor: **Infrared (IR) Motion Sensor**

Explanation:
",attn/attn_0164.json
"Voltage: 0.207945319, Height (cm): 0.727272727, Soil Type: Humid and Humus, Mine Type: Booby Trap Anti-PersonnelYou are a sensor expert. Given the following situation:
Recommend the most appropriate type of sensor to detect the target and briefly explain why. Be concise.

Situation: A bomb disposal expert needs to detect the presence of a buried pressure plate trigger mechanism designed to detonate a bomb. The mechanism is hidden under a layer of humid soil, rich in humus. 

**Recommendation:**
Accelerometry Sensors",attn/attn_0165.json
"Voltage: 0.197733879, Height (cm): 0.818181818, Soil Type: Humid and Humus, Mine Type: Booby Trap Anti-PersonnelYou are a sensor expert. Given the following situation:
Recommend the most appropriate type of sensor to detect the target and briefly explain why. Be concise.

Situation: You are deployed in a cluttered, potentially dangerous environment. The goal is to detect the presence of an enemy soldier disguised amongst foliage and difficult-to-distinguish objects. The battlefield is humid and rich in humus.

Recommendation:
",attn/attn_0166.json
"Voltage: 0.24220528, Height (cm): 0.090909091, Soil Type: Dry and Limy, Mine Type: Booby Trap Anti-PersonnelYou are a sensor expert. Given the following situation:
Recommend the most appropriate type of sensor to detect the target and briefly explain why. Be concise.

Situation: Forest floor, need to detect mines/traps buried underground.

**Recommendation:** Ground Penetrating Radar (GPR)

**Explanation:** GPR excels at remotely sensing subsurface targets like buried objects by transmitting radio waves into the ground",attn/attn_0167.json
"Voltage: 0.240332143, Height (cm): 0.181818182, Soil Type: Dry and Limy, Mine Type: Booby Trap Anti-PersonnelYou are a sensor expert. Given the following situation:
Recommend the most appropriate type of sensor to detect the target and briefly explain why. Be concise.

Situation: A military operation requires a robust and reliable sensor to detect buried anti-personnel mines.

Here’s the environment:

*   **Location:** Primarily sandy, rocky terrain with occasional clay layers.
*   **Terrain:**",attn/attn_0168.json
"Voltage: 0.262839599, Height (cm): 0.454545455, Soil Type: Dry and Limy, Mine Type: Booby Trap Anti-PersonnelYou are a sensor expert. Given the following situation:
Recommend the most appropriate type of sensor to detect the target and briefly explain why. Be concise.
{
""Voltage"": 0.262839599,
""Height"": 0.454545455,
""Soil Type"": ""Dry and Limy"",
""Mine",attn/attn_0169.json
"Voltage: 0.255860743, Height (cm): 0.545454545, Soil Type: Dry and Limy, Mine Type: Booby Trap Anti-PersonnelYou are a sensor expert. Given the following situation:
Recommend the most appropriate type of sensor to detect the target and briefly explain why. Be concise.

Situation: We need to detect a hidden pressure plate trigger on a floor surface.

Recommended Sensor: **Vibration Sensor (Piezoelectric)**

Explanation: Piezoelectric sensors are highly sensitive to vibrations caused by pressure changes, making them ideal",attn/attn_0170.json
"Voltage: 0.233987607, Height (cm): 0.727272727, Soil Type: Dry and Limy, Mine Type: Booby Trap Anti-PersonnelYou are a sensor expert. Given the following situation:
Recommend the most appropriate type of sensor to detect the target and briefly explain why. Be concise.
The targets are booby traps – specifically, pressure-activated trigger mechanisms or tripwires, designed to be hidden and difficult to see. 
Here are the sensor characteristics:
*   **Target Type:** Hidden, pressure-activated or trip",attn/attn_0171.json
"Voltage: 0.213096646, Height (cm): 0.818181818, Soil Type: Dry and Limy, Mine Type: Booby Trap Anti-PersonnelYou are a sensor expert. Given the following situation:
Recommend the most appropriate type of sensor to detect the target and briefly explain why. Be concise.

Situation: We need to detect mines or booby traps set in a dry and limy soil environment.

Recommendation: Infrared (IR) sensors.

Explanation: Infrared sensors are effective at detecting heat signatures, which can be used to identify the",attn/attn_0172.json
"Voltage: 0.234924175, Height (cm): 1.0, Soil Type: Dry and Limy, Mine Type: Booby Trap Anti-PersonnelYou are a sensor expert. Given the following situation:
Recommend the most appropriate type of sensor to detect the target and briefly explain why. Be concise.

Situation: We need to detect buried landmines in a minefield containing potentially hostile insurgents.

**Recommended Sensor:**
Ground-Penetrating Radar (GPR)

**Explanation:**
GPR is ideal for detecting buried objects like land",attn/attn_0173.json
"Voltage: 0.592144292, Height (cm): 0.0, Soil Type: Humid and Limy, Mine Type: Booby Trap Anti-PersonnelYou are a sensor expert. Given the following situation:
Recommend the most appropriate type of sensor to detect the target and briefly explain why. Be concise.

Situation: A seeker for miniature explosive devices that needs to identify potential enemy personnel located within a confined underground tunnel system.

Recommended Sensor: Infrared (IR) thermal imaging camera.

Explanation: IR thermal cameras detect heat signatures, which will allow the",attn/attn_0174.json
"Voltage: 0.416917941, Height (cm): 0.181818182, Soil Type: Humid and Limy, Mine Type: Booby Trap Anti-PersonnelYou are a sensor expert. Given the following situation:
Recommend the most appropriate type of sensor to detect the target and briefly explain why. Be concise.
Situation: A deployed mine designed to injure personnel needs to be detected before they step on it. Personnel want a reliable and timely warning system.

Sensor Type: **Infrared (IR) Motion Sensor**

Explanation:
IR motion sensors can",attn/attn_0175.json
"Voltage: 0.422960229, Height (cm): 0.272727273, Soil Type: Humid and Limy, Mine Type: Booby Trap Anti-PersonnelYou are a sensor expert. Given the following situation:
Recommend the most appropriate type of sensor to detect the target and briefly explain why. Be concise.
**Situation:** The goal is to detect a concealed booby trap anti-personnel mine. These mines are designed to be buried beneath the surface and are prone to be covered with foliage, dirt and debris. The target is relatively small and hidden",attn/attn_0176.json
"Voltage: 0.407854509, Height (cm): 0.454545455, Soil Type: Humid and Limy, Mine Type: Booby Trap Anti-PersonnelYou are a sensor expert. Given the following situation:
Recommend the most appropriate type of sensor to detect the target and briefly explain why. Be concise.

Situation: We need to detect small, potential booby traps, especially those set in humid, limy soil conditions.  The traps rely on pressure and/or weight, triggering by a small, sharp object.

Recommended Sensor: **Pie",attn/attn_0177.json
"Voltage: 0.33232591, Height (cm): 0.545454545, Soil Type: Humid and Limy, Mine Type: Booby Trap Anti-PersonnelYou are a sensor expert. Given the following situation:
Recommend the most appropriate type of sensor to detect the target and briefly explain why. Be concise.

Situation: Detecting mines, particularly booby traps designed to detonate when a person approaches, requires a highly sensitive and reliable detection method. The detection zone should be relatively small, prioritizing speed of detection and minimal false positives.

Recommended Sensor: **",attn/attn_0178.json
"Voltage: 0.329304766, Height (cm): 0.727272727, Soil Type: Humid and Limy, Mine Type: Booby Trap Anti-PersonnelYou are a sensor expert. Given the following situation:
Recommend the most appropriate type of sensor to detect the target and briefly explain why. Be concise.

Situation: You're deploying sensors in a forested area during daylight hours to detect mines. The goal is to maximize the sensitivity while minimizing false positives from vegetation.

Recommendations:
*   **Thermal Imager:** A thermal imager excels at",attn/attn_0179.json
"Voltage: 0.365558494, Height (cm): 0.818181818, Soil Type: Humid and Limy, Mine Type: Booby Trap Anti-PersonnelYou are a sensor expert. Given the following situation:
Recommend the most appropriate type of sensor to detect the target and briefly explain why. Be concise.
Okay, I need more information to recommend a sensor. Please provide the environment and target details:

*   **Target type:** (e.g., human enemy, animal, drone, vehicle, object)
*   **Environment:** (",attn/attn_0180.json
"Voltage: 0.329304766, Height (cm): 1.0, Soil Type: Humid and Limy, Mine Type: Booby Trap Anti-PersonnelYou are a sensor expert. Given the following situation:
Recommend the most appropriate type of sensor to detect the target and briefly explain why. Be concise.
**Situation:** We need to detect a booby trap anti-personnel device hidden in a potentially humid and limy soil environment.

**Recommended Sensor:** **Ground-Penetrating Radar (GPR)**

**Justification:** G",attn/attn_0181.json
"Voltage: 0.58308086, Height (cm): 0.0, Soil Type: Dry and Sandy, Mine Type: M14 Anti-PersonnelYou are a sensor expert. Given the following situation:
Recommend the most appropriate type of sensor to detect the target and briefly explain why. Be concise.

Situation: A military reconnaissance unit is patrolling a desert environment with limited visibility due to dust and sandstorms. They need to detect minefields using ground-mounted sensors.

Recommended sensor: **Ground Penetrating Radar (GPR)**

Explanation:",attn/attn_0182.json
"Voltage: 0.311177902, Height (cm): 0.181818182, Soil Type: Dry and Sandy, Mine Type: M14 Anti-PersonnelYou are a sensor expert. Given the following situation:
Recommend the most appropriate type of sensor to detect the target and briefly explain why. Be concise.
The sensor must be ground-based, stationary and detect a moving target.
Target is armored vehicle.
---
**Recommendation:**

**Ground-Penetrating Radar (GPR)**

**Reasoning:** GPRs are effective",attn/attn_0183.json
"Voltage: 0.277945319, Height (cm): 0.272727273, Soil Type: Dry and Sandy, Mine Type: M14 Anti-PersonnelYou are a sensor expert. Given the following situation:
Recommend the most appropriate type of sensor to detect the target and briefly explain why. Be concise.
**Situation:** We are conducting a minefield clearance operation in a dusty environment with loose, dry, and sandy soil. 
**Sensor Data:**
*   Voltage: 0.277945319
*",attn/attn_0184.json
"Voltage: 0.335347054, Height (cm): 0.454545455, Soil Type: Dry and Sandy, Mine Type: M14 Anti-PersonnelYou are a sensor expert. Given the following situation:
Recommend the most appropriate type of sensor to detect the target and briefly explain why. Be concise.
Target: Enemy soldiers dismounted and possibly concealed in a desert environment.
Environment: Dry and Sandy Terrain.
Situation: Potential ambush location, requiring early warning detection.

Sensor Recommendation:
Passive Infrared (PIR) Motion Sensor.

",attn/attn_0185.json
"Voltage: 0.229607015, Height (cm): 0.545454545, Soil Type: Dry and Sandy, Mine Type: M14 Anti-PersonnelYou are a sensor expert. Given the following situation:
Recommend the most appropriate type of sensor to detect the target and briefly explain why. Be concise.

Situation: We need to detect an enemy soldier in a sandy, dry environment with low canopy cover.
**Recommendation:** **Thermal Imaging Camera**

**Explanation:** Thermal imaging cameras excel in detecting heat signatures, which are not affected by foliage or",attn/attn_0186.json
"Voltage: 0.290029894, Height (cm): 0.727272727, Soil Type: Dry and Sandy, Mine Type: M14 Anti-PersonnelYou are a sensor expert. Given the following situation:
Recommend the most appropriate type of sensor to detect the target and briefly explain why. Be concise.

**Situation:** We are deploying sensors in a desert environment, specifically a sandy, dry terrain, and the target is anti-personnel explosives. We need to detect the presence of these explosives, not just their location but the material itself.

",attn/attn_0187.json
"Voltage: 0.30211447, Height (cm): 0.818181818, Soil Type: Dry and Sandy, Mine Type: M14 Anti-PersonnelYou are a sensor expert. Given the following situation:
Recommend the most appropriate type of sensor to detect the target and briefly explain why. Be concise.

Situation: We need to detect small minefields containing anti-personnel landmines (M14 type).  The terrain is dry and sandy.

Recommendation: **Metal Detector with Ground Penetrating Radar (GPR)**.

Explanation:",attn/attn_0188.json
"Voltage: 0.314199046, Height (cm): 1.0, Soil Type: Dry and Sandy, Mine Type: M14 Anti-PersonnelYou are a sensor expert. Given the following situation:
Recommend the most appropriate type of sensor to detect the target and briefly explain why. Be concise.

Situation: A team of soldiers is operating in an urban environment, conducting reconnaissance and identifying potential enemy positions. They need a sensor that can detect enemy personnel within buildings and structures, detecting their movement and potential actions. 

Here's what we",attn/attn_0189.json
"Voltage: 0.558911708, Height (cm): 0.0, Soil Type: Humid and Sandy, Mine Type: M14 Anti-PersonnelYou are a sensor expert. Given the following situation:
Recommend the most appropriate type of sensor to detect the target and briefly explain why. Be concise.
{
""Voltage"": 0.558911708,
""Height"": 0.0,
""Soil Type"": ""Humid and Sandy"",
""Mine Type"": ""M14 Anti-",attn/attn_0190.json
"Voltage: 0.501509972, Height (cm): 0.181818182, Soil Type: Humid and Sandy, Mine Type: M14 Anti-PersonnelYou are a sensor expert. Given the following situation:
Recommend the most appropriate type of sensor to detect the target and briefly explain why. Be concise.

Situation: We are deploying a sensor network in an urban environment to detect mines, specifically anti-personnel mines. Detection should be buried mines that are partially exposed. 
The aim is to detect the ground disturbances caused by the pressure from a",attn/attn_0191.json
"Voltage: 0.534742556, Height (cm): 0.272727273, Soil Type: Humid and Sandy, Mine Type: M14 Anti-PersonnelYou are a sensor expert. Given the following situation:
Recommend the most appropriate type of sensor to detect the target and briefly explain why. Be concise.

Situation: Detecting personnel carrying explosives in a surveillance use case where the sensor should be able to detect movement and differentiate between humans and non-human objects.

Recommendation: **Thermal Infrared (IR) Imaging Sensor**

Explanation: Thermal IR sensors detect",attn/attn_0192.json
"Voltage: 0.489425397, Height (cm): 0.454545455, Soil Type: Humid and Sandy, Mine Type: M14 Anti-PersonnelYou are a sensor expert. Given the following situation:
Recommend the most appropriate type of sensor to detect the target and briefly explain why. Be concise.
```json
{
 ""Voltage"": 0.489425397,
 ""Height"": 0.454545455,
 ""Soil Type"": ""Humid and Sandy"",",attn/attn_0193.json
"Voltage: 0.443805988, Height (cm): 0.545454545, Soil Type: Humid and Sandy, Mine Type: M14 Anti-PersonnelYou are a sensor expert. Given the following situation:
Recommend the most appropriate type of sensor to detect the target and briefly explain why. Be concise.

**Situation:** We are looking to detect a small, buried explosive device (EOD target) buried at a shallow depth (0.5 cm) in a Humid and Sandy soil.

**Recommended Sensor: Ground Penetrating Radar (G",attn/attn_0194.json
"Voltage: 0.389727645, Height (cm): 0.727272727, Soil Type: Humid and Sandy, Mine Type: M14 Anti-PersonnelYou are a sensor expert. Given the following situation:
Recommend the most appropriate type of sensor to detect the target and briefly explain why. Be concise.

Situation: We are deploying a sensor network to detect mines in a humid, sandy soil environment. The target is small, buried, and relatively low-profile. It's important to minimize false positives while maximizing detection range.

Recommendation: Ground",attn/attn_0195.json
"Voltage: 0.395044805, Height (cm): 0.818181818, Soil Type: Humid and Sandy, Mine Type: M14 Anti-PersonnelYou are a sensor expert. Given the following situation:
Recommend the most appropriate type of sensor to detect the target and briefly explain why. Be concise.

Situation: We need to detect landmines, specifically Claymore mines.
The target is buried underground, partially exposed, and lightly obscured by vegetation.

Recommended Sensor: **Ground Penetrating Radar (GPR)**

Explanation: 
G",attn/attn_0196.json
"Voltage: 0.365558494, Height (cm): 1.0, Soil Type: Humid and Sandy, Mine Type: M14 Anti-PersonnelYou are a sensor expert. Given the following situation:
Recommend the most appropriate type of sensor to detect the target and briefly explain why. Be concise.
Here is the environment information:
Humidity: 85%
Soil Type: Humid and Sandy
Mine Type: M14 Anti-Personnel

Based on these conditions, a **Ground Penetrating Radar (GPR)** sensor is",attn/attn_0197.json
"Voltage: 0.422960229, Height (cm): 0.181818182, Soil Type: Dry and Humus, Mine Type: M14 Anti-PersonnelYou are a sensor expert. Given the following situation:
Recommend the most appropriate type of sensor to detect the target and briefly explain why. Be concise.
```json
{
  ""Soil Type"": ""Dry and Humus"",
  ""Voltage"": 0.422960229,
  ""Height"": 0.1818181",attn/attn_0198.json
"Voltage: 0.34743163, Height (cm): 0.545454545, Soil Type: Dry and Humus, Mine Type: M14 Anti-PersonnelYou are a sensor expert. Given the following situation:
Recommend the most appropriate type of sensor to detect the target and briefly explain why. Be concise.

Situation: We need to detect the presence of mines, particularly anti-personnel mines, buried underground.

**Recommended Sensor:** Ground Penetrating Radar (GPR)

**Explanation:** GPR excels at detecting subsurface anomalies caused by buried objects",attn/attn_0199.json
"Voltage: 0.33232591, Height (cm): 0.636363636, Soil Type: Dry and Humus, Mine Type: M14 Anti-PersonnelYou are a sensor expert. Given the following situation:
Recommend the most appropriate type of sensor to detect the target and briefly explain why. Be concise.
**Situation:** Detecting a hidden landmine buried in dry, humus-rich soil.

**Sensors Considered:**

*   **Ground-Penetrating Radar (GPR):**
*   **Metal Detector:**
*   **",attn/attn_0200.json
"Voltage: 0.296072182, Height (cm): 0.909090909, Soil Type: Dry and Humus, Mine Type: M14 Anti-PersonnelYou are a sensor expert. Given the following situation:
Recommend the most appropriate type of sensor to detect the target and briefly explain why. Be concise.
Situation: We are conducting a reconnaissance mission, and we need to identify and classify different types of ground vegetation based on its moisture content. Determining the efficacy of the Near-Infrared (NIR) sensor is a major challenge.
Response:
",attn/attn_0201.json
"Voltage: 0.33232591, Height (cm): 1.0, Soil Type: Dry and Humus, Mine Type: M14 Anti-PersonnelYou are a sensor expert. Given the following situation:
Recommend the most appropriate type of sensor to detect the target and briefly explain why. Be concise.
Situation: A reconnaissance team is searching for enemy combatants in a dense forest environment with anechoic conditions (no ambient sound).

**Recommendation:**
Infrared (IR) Thermal Imaging Camera.
**Reasoning:**

The lack of",attn/attn_0202.json
"Voltage: 0.419184136, Height (cm): 0.090909091, Soil Type: Humid and Humus, Mine Type: M14 Anti-PersonnelYou are a sensor expert. Given the following situation:
Recommend the most appropriate type of sensor to detect the target and briefly explain why. Be concise.
Situation: A military reconnaissance team is deployed in a forested area to identify potential enemy personnel and vehicles. The environment is densely wooded with varying terrain and the presence of undergrowth, making it thermal imaging is less effective due to foliage interference.

Sensor",attn/attn_0203.json
"Voltage: 0.422839599, Height (cm): 0.181818182, Soil Type: Humid and Humus, Mine Type: M14 Anti-PersonnelYou are a sensor expert. Given the following situation:
Recommend the most appropriate type of sensor to detect the target and briefly explain why. Be concise.
Situation: A military operation requires a passive infrared (PIR) sensor to detect movement in a wooded area with dense vegetation and varying terrain. The target is a potential enemy soldier moving through the foliage, and the false positives due to animals or wind",attn/attn_0204.json
"Voltage: 0.378368198, Height (cm): 0.363636364, Soil Type: Humid and Humus, Mine Type: M14 Anti-PersonnelYou are a sensor expert. Given the following situation:
Recommend the most appropriate type of sensor to detect the target and briefly explain why. Be concise.

Situation: We need to detect small landmines or UXO (Unexploded Ordnance) in a dense vegetation area with high humidity and soil moisture.

Recommended Sensor: Ground Penetrating Radar (GPR)

Explanation: GPR is ideal for",attn/attn_0205.json
"Voltage: 0.371600782, Height (cm): 0.454545455, Soil Type: Humid and Humus, Mine Type: M14 Anti-PersonnelYou are a sensor expert. Given the following situation:
Recommend the most appropriate type of sensor to detect the target and briefly explain why. Be concise.
Target: Infantry soldiers
Environment: Urban environment - buildings, roads, and rubble-strewn terrain.

Recommended Sensor: A Multistatic Radar Sensor
Explanation:
Multistatic radar systems, with multiple radar units strategically placed throughout the urban environment",attn/attn_0206.json
"Voltage: 0.348791077, Height (cm): 0.636363636, Soil Type: Humid and Humus, Mine Type: M14 Anti-PersonnelYou are a sensor expert. Given the following situation:
Recommend the most appropriate type of sensor to detect the target and briefly explain why. Be concise.
```json
{
 ""Voltage"": 0.348791077,
 ""Height"": 0.636363636,
 ""Soil Type"": ""Humid and Humus",attn/attn_0207.json
"Voltage: 0.353685358, Height (cm): 0.727272727, Soil Type: Humid and Humus, Mine Type: M14 Anti-PersonnelYou are a sensor expert. Given the following situation:
Recommend the most appropriate type of sensor to detect the target and briefly explain why. Be concise.

Situation: We are looking for landmines and buried unexploded ordnance (UXO) detection.

Recommended Sensor: **Ground Penetrating Radar (GPR)**

Explanation: GPR is ideal for detecting buried objects and variations in soil density caused",attn/attn_0208.json
"Voltage: 0.323262478, Height (cm): 0.909090909, Soil Type: Humid and Humus, Mine Type: M14 Anti-PersonnelYou are a sensor expert. Given the following situation:
Recommend the most appropriate type of sensor to detect the target and briefly explain why. Be concise.
Situation: We need to detect the presence of personnel within a forested area with shrubbery and vegetation close to the ground.
Recommendation: A **Thermal Infrared (IR) sensor** is the most appropriate choice.
Explanation: Thermal IR sensors detect",attn/attn_0209.json
"Voltage: 0.295347054, Height (cm): 1.0, Soil Type: Humid and Humus, Mine Type: M14 Anti-PersonnelYou are a sensor expert. Given the following situation:
Recommend the most appropriate type of sensor to detect the target and briefly explain why. Be concise.
**Situation:** We need to detect a small, mobile target, ideally a person, moving through a dense forest environment with undergrowth and varying soil types. The target is likely to be ambushing or hiding in concealed positions, so rapid detection is",attn/attn_0210.json
"Voltage: 0.471298533, Height (cm): 0.181818182, Soil Type: Dry and Limy, Mine Type: M14 Anti-PersonnelYou are a sensor expert. Given the following situation:
Recommend the most appropriate type of sensor to detect the target and briefly explain why. Be concise.
{
""Voltage"": 0.471298533,
""Height"": 0.181818182,
""Soil Type"": ""Dry and Limy"",
""Mine",attn/attn_0211.json
"Voltage: 0.444108237, Height (cm): 0.272727273, Soil Type: Dry and Limy, Mine Type: M14 Anti-PersonnelYou are a sensor expert. Given the following situation:
Recommend the most appropriate type of sensor to detect the target and briefly explain why. Be concise.

Situation: We need to detect small metallic targets buried underground.

**Recommendation: Ground Penetrating Radar (GPR)**

**Explanation:** GPR excels at detecting buried objects by transmitting radio waves into the ground and analyzing the reflected signals. Metal",attn/attn_0212.json
"Voltage: 0.383685358, Height (cm): 0.454545455, Soil Type: Dry and Limy, Mine Type: M14 Anti-PersonnelYou are a sensor expert. Given the following situation:
Recommend the most appropriate type of sensor to detect the target and briefly explain why. Be concise.
**Situation:** A bomb disposal expert is working in an unexploded ordnance (UXO) detection scenario. They need to accurately determine soil moisture and electrical resistance to assess the potential presence of buried IEDs.

**Available Sensor Options:**

",attn/attn_0213.json
"Voltage: 0.350875653, Height (cm): 0.545454545, Soil Type: Dry and Limy, Mine Type: M14 Anti-PersonnelYou are a sensor expert. Given the following situation:
Recommend the most appropriate type of sensor to detect the target and briefly explain why. Be concise.

Situation: We need to identify the presence of landmines in a field and quickly detect buried objects. The target is underground, partially buried, and its metallic composition.

**Recommendation: Ground Penetrating Radar (GPR)**

**Explanation:**",attn/attn_0214.json
"Voltage: 0.341389342, Height (cm): 0.727272727, Soil Type: Dry and Limy, Mine Type: M14 Anti-PersonnelYou are a sensor expert. Given the following situation:
Recommend the most appropriate type of sensor to detect the target and briefly explain why. Be concise.

Situation: The target is a landmine. 
Sensor type: Metal detector

Explanation: Metal detectors are specifically designed for detecting metallic objects buried in the ground and are very effective at identifying the metal components of landmines.

principles",attn/attn_0215.json
"Voltage: 0.341389342, Height (cm): 0.818181818, Soil Type: Dry and Limy, Mine Type: M14 Anti-PersonnelYou are a sensor expert. Given the following situation:
Recommend the most appropriate type of sensor to detect the target and briefly explain why. Be concise.
**Situation:** The goal is to detect mines, specifically unexploded anti-personnel mines (M14) buried in dry and limy soil.

**Sensor Recommendations:**

*   **Ground Penetrating Radar (GPR)** -",attn/attn_0216.json
"Voltage: 0.296072182, Height (cm): 1.0, Soil Type: Dry and Limy, Mine Type: M14 Anti-PersonnelYou are a sensor expert. Given the following situation:
Recommend the most appropriate type of sensor to detect the target and briefly explain why. Be concise.

Situation: Ground reconnaissance assessment of an area suspected of containing IEDs and unexploded ordnance (UXO), particularly focusing on detecting buried landmines and buried UXO.

**Recommendation: Ground-Penetrating Radar (GPR) with",attn/attn_0217.json
"Voltage: 0.495467684, Height (cm): 0.090909091, Soil Type: Humid and Limy, Mine Type: M14 Anti-PersonnelYou are a sensor expert. Given the following situation:
Recommend the most appropriate type of sensor to detect the target and briefly explain why. Be concise.

**Situation:**

*   **Target:** A concealed anti-personnel mine, buried partially in moist, limy soil.
*  **Environment:**  A field with humid and limy soil.
*  **Goal:** To",attn/attn_0218.json
"Voltage: 0.410875653, Height (cm): 0.272727273, Soil Type: Humid and Limy, Mine Type: M14 Anti-PersonnelYou are a sensor expert. Given the following situation:
Recommend the most appropriate type of sensor to detect the target and briefly explain why. Be concise.
Situation: We are looking for mines, particularly anti-personnel mines (M14), buried in a humid and limy soil environment.

Recommendation:
**Ground Penetrating Radar (GPR)**
Explanation: GPR is ideal",attn/attn_0219.json
"Voltage: 0.371600782, Height (cm): 0.363636364, Soil Type: Humid and Limy, Mine Type: M14 Anti-PersonnelYou are a sensor expert. Given the following situation:
Recommend the most appropriate type of sensor to detect the target and briefly explain why. Be concise.
{
""Voltage: 0.371600782, Height: 0.363636364, Soil Type: Humid and Limy, Mine Type: M14 Anti",attn/attn_0220.json
"Voltage: 0.323262478, Height (cm): 0.545454545, Soil Type: Humid and Limy, Mine Type: M14 Anti-PersonnelYou are a sensor expert. Given the following situation:
Recommend the most appropriate type of sensor to detect the target and briefly explain why. Be concise.
{""Voltage"": 0.323262478, ""Height"": 0.545454545, ""Soil Type"": ""Humid and Limy""}

**Recommendation:**

**",attn/attn_0221.json
"Voltage: 0.30211447, Height (cm): 0.636363636, Soil Type: Humid and Limy, Mine Type: M14 Anti-PersonnelYou are a sensor expert. Given the following situation:
Recommend the most appropriate type of sensor to detect the target and briefly explain why. Be concise.

Situation: We are deploying sensors in a forested area to detect mines, with frequent rain and high humidity.
Situation Keywords: Mines, Forest, Rain, High Humidity, Detection

Recommended Sensor: **Metal Detector with Conductivity Sensing**.

Explanation:",attn/attn_0222.json
"Voltage: 0.350452774, Height (cm): 0.818181818, Soil Type: Humid and Limy, Mine Type: M14 Anti-PersonnelYou are a sensor expert. Given the following situation:
Recommend the most appropriate type of sensor to detect the target and briefly explain why. Be concise.

**Situation:** We need to detect mines in a humid, limy soil environment. The mines are designed to be buried and partially submerged in the ground. These mines are anti-personnel, and the target is a small explosive device.

",attn/attn_0223.json
"Voltage: 0.308156758, Height (cm): 0.909090909, Soil Type: Humid and Limy, Mine Type: M14 Anti-PersonnelYou are a sensor expert. Given the following situation:
Recommend the most appropriate type of sensor to detect the target and briefly explain why. Be concise.
**Situation:**

The target is a landmine buried near the surface and needs to be detected before a soldier patrols the area. The location is in a humid and limy soil.

**Recommendation:**

Ground Penetrating Radar (GPR",attn/attn_0224.json
"Voltage: 0.320241334, Height (cm): 0.090909091, Soil Type: Dry and Sandy, Mine Type: nanYou are a sensor expert. Given the following situation:
Recommend the most appropriate type of sensor to detect the target and briefly explain why. Be concise.

Situation: You need to measure the electrical conductivity of soil to assess its salinity. Salinity can be an indicator of soil quality and potential problems for plant growth.

**Recommended Sensor: Electroconductivity (EC) Probe**

**Explanation:** EC",attn/attn_0225.json
"Voltage: 0.268881887, Height (cm): 0.363636364, Soil Type: Dry and Sandy, Mine Type: nanYou are a sensor expert. Given the following situation:
Recommend the most appropriate type of sensor to detect the target and briefly explain why. Be concise.

Situation: We need to monitor soil moisture in a sandy soil environment. The moisture content is currently dry and sandy.

Recommendation: Capacitive Soil Moisture Sensor

Explanation: Capacitive sensors are suitable for measuring moisture in sandy soils due to their ability",attn/attn_0226.json
"Voltage: 0.250241334, Height (cm): 0.636363636, Soil Type: Dry and Sandy, Mine Type: nanYou are a sensor expert. Given the following situation:
Recommend the most appropriate type of sensor to detect the target and briefly explain why. Be concise.
**Situation:** You're placing a moisture sensor in a large sand pit for a desert ecosystem. The aim is to monitor soil moisture levels to understand plant growth and response to infrequent rainfall. The sand is very dry and sandy.
**Sens",attn/attn_0227.json
"Voltage: 0.253776167, Height (cm): 0.909090909, Soil Type: Dry and Sandy, Mine Type: nanYou are a sensor expert. Given the following situation:
Recommend the most appropriate type of sensor to detect the target and briefly explain why. Be concise.
**Situation:** A farmer needs to monitor soil moisture levels in a sandy, dry field to determine when to irrigate. Irrigation should only happen when the soil moisture level is below 30% (available moisture).
**Data:** Voltage:",attn/attn_0228.json
"Voltage: 0.365860743, Height (cm): 0.090909091, Soil Type: Humid and Sandy, Mine Type: nanYou are a sensor expert. Given the following situation:
Recommend the most appropriate type of sensor to detect the target and briefly explain why. Be concise.

Situation: We need to detect the presence of moisture in sandy soil. The soil is typically humid, but can fluctuate significantly. This means reliability and accuracy are crucial, as inaccurate readings could lead to improper irrigation or fertilization. Also, sandy soil requires",attn/attn_0229.json
"Voltage: 0.326072182, Height (cm): 0.363636364, Soil Type: Humid and Sandy, Mine Type: nanYou are a sensor expert. Given the following situation:
Recommend the most appropriate type of sensor to detect the target and briefly explain why. Be concise.
Situation: We need to monitor soil moisture levels in a sandy soil environment, particularly in humid conditions.

Recommendation: Capacitive Soil Moisture Sensor.

Explanation: Capacitive sensors are effective in sandy soil environments because they are less susceptible to issues caused",attn/attn_0230.json
"Voltage: 0.293776167, Height (cm): 0.636363636, Soil Type: Humid and Sandy, Mine Type: nanYou are a sensor expert. Given the following situation:
Recommend the most appropriate type of sensor to detect the target and briefly explain why. Be concise.

Situation: A farmer wants to monitor soil moisture level in a field to prevent crop damage from drought. The soil is Humid and Sandy.

Recommended Sensor: Capacitive Soil Moisture Sensor.

Explanation: Capacitive sensors are well-suited for",attn/attn_0231.json
"Voltage: 0.244712735, Height (cm): 0.909090909, Soil Type: Humid and Sandy, Mine Type: nanYou are a sensor expert. Given the following situation:
Recommend the most appropriate type of sensor to detect the target and briefly explain why. Be concise.

Situation: We want to measure the electrical potential difference of the soil moisture, using this data to determine the field irrigation schedule.
Solution: **Capacitance Sensor**.

Explanation: Capacitance sensors are well-suited for measuring soil moisture content",attn/attn_0232.json
"Voltage: 0.296585871, Height (cm): 0.090909091, Soil Type: Dry and Humus, Mine Type: nanYou are a sensor expert. Given the following situation:
Recommend the most appropriate type of sensor to detect the target and briefly explain why. Be concise.

Situation: We want to measure soil moisture content.

Recommended Sensor: Capacitive Soil Moisture Sensor.

Explanation: Capacitive sensors offer precise and reliable measurement of soil moisture by detecting the dielectric permittivity of the soil, which changes with moisture content.",attn/attn_0233.json
"Voltage: 0.274712735, Height (cm): 0.363636364, Soil Type: Dry and Humus, Mine Type: nanYou are a sensor expert. Given the following situation:
Recommend the most appropriate type of sensor to detect the target and briefly explain why. Be concise.
Situation: A farmer wants to monitor the moisture level of the soil in their garden to optimize irrigation. They need a soil moisture sensor that can reliably detect whether the soil is dry or wet and trigger irrigation when it is too dry.

Sensor Type",attn/attn_0234.json
"Voltage: 0.280966463, Height (cm): 0.636363636, Soil Type: Dry and Humus, Mine Type: nanYou are a sensor expert. Given the following situation:
Recommend the most appropriate type of sensor to detect the target and briefly explain why. Be concise.

Situation: Roots grow in a soil mixture with a dry and humus-rich composition. The goal is to monitor the root growth progress and potential issues hindering its growth.

Recommended Sensor: Temperature and Humidity Sensor (with Soil Moisture capabilities)

Explanation",attn/attn_0235.json
"Voltage: 0.229607015, Height (cm): 0.909090909, Soil Type: Dry and Humus, Mine Type: nanYou are a sensor expert. Given the following situation:
Recommend the most appropriate type of sensor to detect the target and briefly explain why. Be concise.

Situation: The target is a plant root system buried in sandy soil. 
The target has a relatively high electrical conductivity (EC) due to the presence of ions in the soil. 

Here's a breakdown of suitable sensors:

",attn/attn_0236.json
"Voltage: 0.31700875, Height (cm): 0.090909091, Soil Type: Humid and Humus, Mine Type: nanYou are a sensor expert. Given the following situation:
Recommend the most appropriate type of sensor to detect the target and briefly explain why. Be concise.
{
 ""Voltage"": 0.31700875,
 ""Height"": 0.090909091,
 ""Soil Type"": ""Humid and Humus"",
 ""Mine",attn/attn_0237.json
"Voltage: 0.314199046, Height (cm): 0.363636364, Soil Type: Humid and Humus, Mine Type: nanYou are a sensor expert. Given the following situation:
Recommend the most appropriate type of sensor to detect the target and briefly explain why. Be concise.
**Situation:** We need to detect presence of root growth in a hydroponic system.

**Data:** Voltage: 0.314199046, Height: 0.36363636",attn/attn_0238.json
"Voltage: 0.305135614, Height (cm): 0.636363636, Soil Type: Humid and Humus, Mine Type: nanYou are a sensor expert. Given the following situation:
Recommend the most appropriate type of sensor to detect the target and briefly explain why. Be concise.

Situation: The sensors need to monitor soil conditions in a greenhouse environment, specifically focusing on soil moisture and humidity. We require a capacitive soil moisture sensor.

Reasoning:
Capacitive soil moisture sensors are ideal as they measure the dielectric permittivity",attn/attn_0239.json
"Voltage: 0.296072182, Height (cm): 0.909090909, Soil Type: Humid and Humus, Mine Type: nanYou are a sensor expert. Given the following situation:
Recommend the most appropriate type of sensor to detect the target and briefly explain why. Be concise.
**Situation:** The target is a dense underground root system of a tree.

**Data:**
Voltage: 0.296072182
Height: 0.909090909",attn/attn_0240.json
"Voltage: 0.338368198, Height (cm): 0.090909091, Soil Type: Dry and Limy, Mine Type: nanYou are a sensor expert. Given the following situation:
Recommend the most appropriate type of sensor to detect the target and briefly explain why. Be concise.

Situation: We need to monitor the soil moisture content in a vineyard to predict grape ripening.

Solution:
A soil moisture sensor is the most appropriate sensor for this task. These sensors directly measure the volumetric water content in the soil, a key",attn/attn_0241.json
"Voltage: 0.30211447, Height (cm): 0.363636364, Soil Type: Dry and Limy, Mine Type: nanYou are a sensor expert. Given the following situation:
Recommend the most appropriate type of sensor to detect the target and briefly explain why. Be concise.

Situation: Irrigation needs to be applied in a vineyard to optimize water supply for the soil. The vineyard is grown on a sloping hillside and has a dry and limy soil type.

Recommendation:

**Sensor:** Capacitive Soil Moisture Sensor.",attn/attn_0242.json
"Voltage: 0.33232591, Height (cm): 0.636363636, Soil Type: Dry and Limy, Mine Type: nanYou are a sensor expert. Given the following situation:
Recommend the most appropriate type of sensor to detect the target and briefly explain why. Be concise.

Situation: We need to accurately measure the electrical potential difference between soil particles, reflecting soil moisture content and electrical conductivity. This data can be used to assess plant health and stress.

Sensor Type: Potentiometer Soil Moisture Sensor
Reasoning:",attn/attn_0243.json
"Voltage: 0.30211447, Height (cm): 0.909090909, Soil Type: Dry and Limy, Mine Type: nanYou are a sensor expert. Given the following situation:
Recommend the most appropriate type of sensor to detect the target and briefly explain why. Be concise.
Sensor Type: Soil Moisture Sensor
Reason: This sensor is well-suited because soil moisture levels directly correlate with plant health and watering needs, providing crucial information for irrigation scheduling.
```json
{
""Voltage"": 0.30",attn/attn_0244.json
"Voltage: 0.290029894, Height (cm): 0.090909091, Soil Type: Humid and Limy, Mine Type: nanYou are a sensor expert. Given the following situation:
Recommend the most appropriate type of sensor to detect the target and briefly explain why. Be concise.
Situation: We need to monitor soil moisture and electrical conductivity, temperature, and pH level in a greenhouse growing orchids. Orchids are delicate and require very specific conditions. Maintaining this precision requires robustness, accuracy, and a sensor suite with high stability,",attn/attn_0245.json
"Voltage: 0.259093326, Height (cm): 0.363636364, Soil Type: Humid and Limy, Mine Type: nanYou are a sensor expert. Given the following situation:
Recommend the most appropriate type of sensor to detect the target and briefly explain why. Be concise.

Situation: We need to monitor the electrochemical potential (Eh) of soil to assess the availability of iron in the soil. Eh is a measure of the oxidation-reduction potential, and is influenced by the presence of redox-active substances like iron.",attn/attn_0246.json
"Voltage: 0.288368198, Height (cm): 0.636363636, Soil Type: Humid and Limy, Mine Type: nanYou are a sensor expert. Given the following situation:
Recommend the most appropriate type of sensor to detect the target and briefly explain why. Be concise.
Situation: The target is soil moisture.
The goal is to reliably monitor soil moisture levels, particularly in areas where humidity fluctuates and lime content is a significant factor influencing moisture retention. Humid and limy soil requires a precise and stable measurement.",attn/attn_0247.json
"Voltage: 0.28700875, Height (cm): 1.0, Soil Type: Humid and Limy, Mine Type: nanYou are a sensor expert. Given the following situation:
Recommend the most appropriate type of sensor to detect the target and briefly explain why. Be concise.
Situation: We need to measure the electrical conductivity (EC) of soil to monitor the health of a grapevine vineyard. Electrical conductivity provides information on the salt content of the soil, which is a key indicator of water stress and nutrient deficiencies in grapes.",attn/attn_0248.json
"Voltage: 0.999998728, Height (cm): 0.181818182, Soil Type: Dry and Sandy, Mine Type: Anti-TankYou are a sensor expert. Given the following situation:
Recommend the most appropriate type of sensor to detect the target and briefly explain why. Be concise.
**Situation:**
The target is a concealed armored vehicle. The vehicle is buried 80 cm below the ground, and the Ground Penetrating Radar (GPR) is giving readings consistent with this depth. The area is dry and sandy soil",attn/attn_0249.json
"Voltage: 0.78851865, Height (cm): 0.454545455, Soil Type: Dry and Sandy, Mine Type: Anti-TankYou are a sensor expert. Given the following situation:
Recommend the most appropriate type of sensor to detect the target and briefly explain why. Be concise.
Situation: We need to detect a buried mine in a sandy, dry environment.

**Recommendation:**
Ground-Penetrating Radar (GPR)

**Explanation:**
GPR is specifically designed to detect buried objects by emitting radio waves",attn/attn_0250.json
"Voltage: 0.586102004, Height (cm): 0.727272727, Soil Type: Dry and Sandy, Mine Type: Anti-TankYou are a sensor expert. Given the following situation:
Recommend the most appropriate type of sensor to detect the target and briefly explain why. Be concise.
**Situation:** The target is buried underground, partially obscured by sand, and the target is a mine (Anti-Tank).
Here's a breakdown of the environmental conditions:
*   **Depth:** Targeted object is buried.
*",attn/attn_0251.json
"Voltage: 0.439213957, Height (cm): 1.0, Soil Type: Dry and Sandy, Mine Type: Anti-TankYou are a sensor expert. Given the following situation:
Recommend the most appropriate type of sensor to detect the target and briefly explain why. Be concise.

Situation: We need to detect the presence of landmines in arid and sandy environments.

Recommended Sensor: **Ground Penetrating Radar (GPR)**

Explanation: GPR is ideal for this scenario because it can penetrate the ground to detect buried",attn/attn_0252.json
"Voltage: 0.999998728, Height (cm): 0.181818182, Soil Type: Humid and Sandy, Mine Type: Anti-TankYou are a sensor expert. Given the following situation:
Recommend the most appropriate type of sensor to detect the target and briefly explain why. Be concise.

Situation: We need to monitor soil moisture levels in a military zone for heavy equipment operation. It's a humid and sandy soil type, and voltage fluctuates significantly due to water movement.
**Recommendation:** Capacitive Soil Moisture Sensor.

**",attn/attn_0253.json
"Voltage: 0.725074626, Height (cm): 0.454545455, Soil Type: Humid and Sandy, Mine Type: Anti-TankYou are a sensor expert. Given the following situation:
Recommend the most appropriate type of sensor to detect the target and briefly explain why. Be concise.

Situation: We need to detect the presence of an enemy tank in a sandy, humid environment.

Sensor Type: **Ground Penetrating Radar (GPR)**

Reasoning: GPR excels at detecting changes in subsurface soil properties, which can",attn/attn_0254.json
"Voltage: 0.534742556, Height (cm): 0.727272727, Soil Type: Humid and Sandy, Mine Type: Anti-TankYou are a sensor expert. Given the following situation:
Recommend the most appropriate type of sensor to detect the target and briefly explain why. Be concise.

Situation: We need to detect the presence of landmines in a heavily forested area.

Recommended Sensor: **Ground Penetrating Radar (GPR)**

Explanation: GPR can effectively scan beneath the forest canopy and soil surface to identify subsurface anomalies",attn/attn_0255.json
"Voltage: 0.450150525, Height (cm): 1.0, Soil Type: Humid and Sandy, Mine Type: Anti-TankYou are a sensor expert. Given the following situation:
Recommend the most appropriate type of sensor to detect the target and briefly explain why. Be concise.

Situation: You are monitoring a battlefield environment with the soldier using a handheld device. They’re tasked with detecting potential IEDs (Improvised Explosive Devices).
**Recommendation:**

Accelerometer sensor.

**Explanation:**
Accelerometer sensors",attn/attn_0256.json
"Voltage: 0.513594548, Height (cm): 0.181818182, Soil Type: Dry and Humus, Mine Type: Anti-TankYou are a sensor expert. Given the following situation:
Recommend the most appropriate type of sensor to detect the target and briefly explain why. Be concise.
Situation: The target is an anti-tank mine, buried and partially covered with soil. The goal is to detect it quickly and accurately.
Sensor Type: Ground Penetrating Radar (GPR)
Explanation: GPR excels at detecting buried",attn/attn_0257.json
"Voltage: 0.480361965, Height (cm): 0.454545455, Soil Type: Dry and Humus, Mine Type: Anti-TankYou are a sensor expert. Given the following situation:
Recommend the most appropriate type of sensor to detect the target and briefly explain why. Be concise.
**Situation:** We are attempting to detect if a tank is present in a paved urban environment with limited information about the ground composition.

**Options:**

A) Accelerometer
B) Infrared (IR) Sensor
C) Radar Sensor
",attn/attn_0258.json
"Voltage: 0.371600782, Height (cm): 0.727272727, Soil Type: Dry and Humus, Mine Type: Anti-TankYou are a sensor expert. Given the following situation:
Recommend the most appropriate type of sensor to detect the target and briefly explain why. Be concise.

**Situation:** We want to monitor the moisture level of the soil in a military armored vehicle's cargo bay. A reliable and robust sensor is required, as the sensor will be subjected to vibrations, shocks, and temperature fluctuations.

**Possible",attn/attn_0259.json
"Voltage: 0.999998728, Height (cm): 0.090909091, Soil Type: Humid and Humus, Mine Type: Anti-TankYou are a sensor expert. Given the following situation:
Recommend the most appropriate type of sensor to detect the target and briefly explain why. Be concise.

Situation: We are building a robot that needs to navigate in a minefield. The robot needs to detect the presence of anti-tank mines.

Sensor Type: Infrared (IR) proximity sensor.

Explanation:
Infrared proximity sensors emit",attn/attn_0260.json
"Voltage: 0.71299005, Height (cm): 0.363636364, Soil Type: Humid and Humus, Mine Type: Anti-TankYou are a sensor expert. Given the following situation:
Recommend the most appropriate type of sensor to detect the target and briefly explain why. Be concise.
**Situation:** We are monitoring a minefield and prioritizing detection of Anti-Tank mines.
**Sensor Data:**
*   Voltage: 0.71299005
*   Height: 0.36",attn/attn_0261.json
"Voltage: 0.628398019, Height (cm): 0.636363636, Soil Type: Humid and Humus, Mine Type: Anti-TankYou are a sensor expert. Given the following situation:
Recommend the most appropriate type of sensor to detect the target and briefly explain why. Be concise.
Sensor Type: LiDAR
Reasoning: LiDAR (Light Detection and Ranging) is ideal for terrain mapping and distance measurement, crucial for detecting obstacles like mines, especially anti-tank mines which often have a specific shape or configuration. LiDAR provides accurate",attn/attn_0262.json
"Voltage: 0.483383109, Height (cm): 0.909090909, Soil Type: Humid and Humus, Mine Type: Anti-TankYou are a sensor expert. Given the following situation:
Recommend the most appropriate type of sensor to detect the target and briefly explain why. Be concise.

Situation: We need to monitor the presence of a tank during an exercise. Detection range is 100m. Detection angle is desirable.

Recommendations:
*   **Radar sensor:** A radar sensor is ideal for long-range detection",attn/attn_0263.json
"Voltage: 0.999998728, Height (cm): 0.090909091, Soil Type: Dry and Limy, Mine Type: Anti-TankYou are a sensor expert. Given the following situation:
Recommend the most appropriate type of sensor to detect the target and briefly explain why. Be concise.

Situation: We're trying to detect faint electrical signals leaking from a buried mine's electromagnetism due to the movement of the Earth's crust above it. The mine is buried underground but not completely sealed.

Here's the data",attn/attn_0264.json
"Voltage: 0.999998728, Height (cm): 0.363636364, Soil Type: Dry and Limy, Mine Type: Anti-TankYou are a sensor expert. Given the following situation:
Recommend the most appropriate type of sensor to detect the target and briefly explain why. Be concise.

Situation: We want to detect the presence of soil moisture, primarily to manage nutrient delivery to crops, and the soil is described as ""Dry and Limy"".

Recommendation: Capacitive soil moisture sensor.

Explanation: Capacitive sensors are generally",attn/attn_0265.json
"Voltage: 0.851962673, Height (cm): 0.636363636, Soil Type: Dry and Limy, Mine Type: Anti-TankYou are a sensor expert. Given the following situation:
Recommend the most appropriate type of sensor to detect the target and briefly explain why. Be concise.

Situation: We need to detect underground bunker remnants, using ground penetrating radar (GPR) to analyse the buried structures.

Based on the reflection strength of the radar signal, it is possible to differentiate between different materials of the bunker. 

",attn/attn_0266.json
"Voltage: 0.592144292, Height (cm): 0.909090909, Soil Type: Dry and Limy, Mine Type: Anti-TankYou are a sensor expert. Given the following situation:
Recommend the most appropriate type of sensor to detect the target and briefly explain why. Be concise.
**Situation:** Detecting a target buried approximately 1.5 meters deep in hard, rocky, and dry, limy soil.

**Recommended Sensor:** Ground-Penetrating Radar (GPR)

**Explanation:** GPR emits electromagnetic",attn/attn_0267.json
"Voltage: 0.99395644, Height (cm): 0.090909091, Soil Type: Humid and Limy, Mine Type: Anti-TankYou are a sensor expert. Given the following situation:
Recommend the most appropriate type of sensor to detect the target and briefly explain why. Be concise.

Situation: We are trying to detect the presence of underground soil moisture.

**Recommendation:**

Capacitance sensor.

**Explanation:**

Capacitance sensors measure changes in electrical capacitance, which are influenced by the presence of water in the",attn/attn_0268.json
"Voltage: 0.779455218, Height (cm): 0.363636364, Soil Type: Humid and Limy, Mine Type: Anti-TankYou are a sensor expert. Given the following situation:
Recommend the most appropriate type of sensor to detect the target and briefly explain why. Be concise.
Situation: We're monitoring a flooded mine shaft, a dark, enclosed space with water and mud, and the goal is to detect the presence of methane gas buildup. Methane is odorless, colorless, and highly flammable.

Recommended Sensor:",attn/attn_0269.json
"Voltage: 0.655588315, Height (cm): 0.636363636, Soil Type: Humid and Limy, Mine Type: Anti-TankYou are a sensor expert. Given the following situation:
Recommend the most appropriate type of sensor to detect the target and briefly explain why. Be concise.
Okay, I will analyze the provided data and recommend a suitable sensor.

Based on the data: Voltage: 0.655588315, Height (cm): 0.6363636",attn/attn_0270.json
"Voltage: 0.444108237, Height (cm): 0.909090909, Soil Type: Humid and Limy, Mine Type: Anti-TankYou are a sensor expert. Given the following situation:
Recommend the most appropriate type of sensor to detect the target and briefly explain why. Be concise.

Situation: We need to detect contamination levels in soil, specifically, measure the electrical conductivity (EC) of the soil.

Recommended Sensor: Electrical Conductivity (EC) sensor.

Explanation: EC sensors directly measure the ability of a solution to conduct",attn/attn_0271.json
"Voltage: 0.374621926, Height (cm): 0.090909091, Soil Type: Dry and Sandy, Mine Type: Anti-PersonnelYou are a sensor expert. Given the following situation:
Recommend the most appropriate type of sensor to detect the target and briefly explain why. Be concise.
Humidity: 45%, Temperature: 25°C, Soil Type: Dry and Sandy, Mine Type: Anti-Personnel, Voltage: 0.374621926
Based on the dry, sandy",attn/attn_0272.json
"Voltage: 0.344410486, Height (cm): 0.363636364, Soil Type: Dry and Sandy, Mine Type: Anti-PersonnelYou are a sensor expert. Given the following situation:
Recommend the most appropriate type of sensor to detect the target and briefly explain why. Be concise.
Target type: Unexploded Ordnance (UXO)
Situation: Dry and Sandy soil conditions.
The best sensor for detecting UXO in dry and sandy soil is a **Ground Penetrating Radar (GPR)**.

**Reasoning:**",attn/attn_0273.json
"Voltage: 0.315558494, Height (cm): 0.636363636, Soil Type: Dry and Sandy, Mine Type: Anti-PersonnelYou are a sensor expert. Given the following situation:
Recommend the most appropriate type of sensor to detect the target and briefly explain why. Be concise.
The target is a small, mobile anti-personnel mine.
The detection capabilities in a sandy environment are limited by the low-frequency audio waves produced by the mine.
The target is moving.
The environment is an open field with",attn/attn_0274.json
"Voltage: 0.303685358, Height (cm): 0.909090909, Soil Type: Dry and Sandy, Mine Type: Anti-PersonnelYou are a sensor expert. Given the following situation:
Recommend the most appropriate type of sensor to detect the target and briefly explain why. Be concise.
**Situation:** We are deploying sensors in an arid, sandy terrain and need to detect moving personnel.

**Recommended Sensor:** 
**Mocap (Motion Capture) system.** 

**Rationale:**  Mocap systems, specifically inertial measurement",attn/attn_0275.json
"Voltage: 0.492446541, Height (cm): 0.272727273, Soil Type: Humid and Sandy, Mine Type: Anti-PersonnelYou are a sensor expert. Given the following situation:
Recommend the most appropriate type of sensor to detect the target and briefly explain why. Be concise.
Situation: We are deploying a ground-based sensor network to detect insurgents in agricultural fields. The terrain is characterized by mixed vegetation, light cover, and moderate soil moisture, with a high potential for camouflage.
Recommendation:
**Infrared (",attn/attn_0276.json
"Voltage: 0.374706501, Height (cm): 0.545454545, Soil Type: Humid and Sandy, Mine Type: Anti-PersonnelYou are a sensor expert. Given the following situation:
Recommend the most appropriate type of sensor to detect the target and briefly explain why. Be concise.

Situation: We need to detect mines buried underground, specifically anti-personnel mines.

Sensor Type: Ground Penetrating Radar (GPR)

Explanation: GPR uses electromagnetic waves to image the subsurface, allowing it to detect changes in soil",attn/attn_0277.json
"Voltage: 0.356072182, Height (cm): 0.818181818, Soil Type: Humid and Sandy, Mine Type: Anti-PersonnelYou are a sensor expert. Given the following situation:
Recommend the most appropriate type of sensor to detect the target and briefly explain why. Be concise.
{
""Voltage"": 0.356072182,
""Height"": 0.818181818,
""Soil Type"": ""Humid and Sandy"",
""Mine",attn/attn_0278.json
"Voltage: 0.534742556, Height (cm): 0.0, Soil Type: Dry and Humus, Mine Type: Anti-PersonnelYou are a sensor expert. Given the following situation:
Recommend the most appropriate type of sensor to detect the target and briefly explain why. Be concise.
Situation: We need to detect a concealed anti-personnel mine in a challenging environment with rugged terrain, vegetation cover, and potential soil moisture variations.

Recommendation:
**Ground Penetrating Radar (GPR)** 
 
**Explanation",attn/attn_0279.json
"Voltage: 0.395769933, Height (cm): 0.272727273, Soil Type: Dry and Humus, Mine Type: Anti-PersonnelYou are a sensor expert. Given the following situation:
Recommend the most appropriate type of sensor to detect the target and briefly explain why. Be concise.
Sensor Type: Ultrasonic sensor
Explanation: Ultrasonic sensors work well for detecting objects at a range, making them suitable for anti-personnel applications where proximity detection is crucial.

Recommendation: Ultrasonic sensor

n/a",attn/attn_0280.json
"Voltage: 0.353473918, Height (cm): 0.545454545, Soil Type: Dry and Humus, Mine Type: Anti-PersonnelYou are a sensor expert. Given the following situation:
Recommend the most appropriate type of sensor to detect the target and briefly explain why. Be concise.

Situation: We are conducting reconnaissance in a forested area, and we want to detect the presence of enemy combatants. We need a thermal imager that can provide a clear view of targets in dense foliage and low-light conditions.

Recommended Sensor",attn/attn_0281.json
"Voltage: 0.280966463, Height (cm): 0.818181818, Soil Type: Dry and Humus, Mine Type: Anti-PersonnelYou are a sensor expert. Given the following situation:
Recommend the most appropriate type of sensor to detect the target and briefly explain why. Be concise.
Situation: We need to detect mines (specifically, anti-personnel mines) buried close to the surface, partially covered by soil and vegetation, in a cluttered and uneven terrain. 
Option 1: Ground Penetrating Radar (GPR",attn/attn_0282.json
"Voltage: 0.480361965, Height (cm): 0.090909091, Soil Type: Humid and Humus, Mine Type: Anti-PersonnelYou are a sensor expert. Given the following situation:
Recommend the most appropriate type of sensor to detect the target and briefly explain why. Be concise.

Situation: We need to detect mines in a field, specifically Clay soil with a Humid and Humus soil type.

Recommended Sensor:
**Ground Penetrating Radar (GPR)**

Explanation:
GPR is best suited for this",attn/attn_0283.json
"Voltage: 0.432023661, Height (cm): 0.363636364, Soil Type: Humid and Humus, Mine Type: Anti-PersonnelYou are a sensor expert. Given the following situation:
Recommend the most appropriate type of sensor to detect the target and briefly explain why. Be concise.
Situation: Monitoring vegetation health and monitoring different soil conditions in a military context. We need to estimate the overall health of a patch of vegetation, with a focus on the impact of possible minefields where the presence of vegetation damage due to mines is a",attn/attn_0284.json
"Voltage: 0.271903031, Height (cm): 0.636363636, Soil Type: Humid and Humus, Mine Type: Anti-PersonnelYou are a sensor expert. Given the following situation:
Recommend the most appropriate type of sensor to detect the target and briefly explain why. Be concise.
Situation: You need to detect personnel targets in a forested area.
Sensor Type: Hyperspectral Imaging Sensor
Rationale: Hyperspectral imaging captures reflected light across a wide range of wavelengths, allowing it to identify subtle differences in vegetation reflectance which",attn/attn_0285.json
"Voltage: 0.30211447, Height (cm): 0.909090909, Soil Type: Humid and Humus, Mine Type: Anti-PersonnelYou are a sensor expert. Given the following situation:
Recommend the most appropriate type of sensor to detect the target and briefly explain why. Be concise.
Situation: We are searching for landmines in a forested area.

Recommended Sensor: **Ground Penetrating Radar (GPR)**

Explanation: GPR is effective at detecting buried objects like landmines by transmitting radio waves into the ground and analyzing",attn/attn_0286.json
"Voltage: 0.549848276, Height (cm): 0.272727273, Soil Type: Dry and Limy, Mine Type: Anti-PersonnelYou are a sensor expert. Given the following situation:
Recommend the most appropriate type of sensor to detect the target and briefly explain why. Be concise.
**Situation:** The sensor needs to detect minefields containing Anti-Personnel mines.
**Data:**
Voltage: 0.549848276
Height: 0.27272727",attn/attn_0287.json
"Voltage: 0.416917941, Height (cm): 0.545454545, Soil Type: Dry and Limy, Mine Type: Anti-PersonnelYou are a sensor expert. Given the following situation:
Recommend the most appropriate type of sensor to detect the target and briefly explain why. Be concise.

Situation: We need to detect mines, specifically anti-personnel mines, buried just below the surface of the Ground.

**Recommendation: Ground Penetrating Radar (GPR)**

**Explanation:** GPR excels at detecting subsurface anomalies caused by",attn/attn_0288.json
"Voltage: 0.380664214, Height (cm): 0.818181818, Soil Type: Dry and Limy, Mine Type: Anti-PersonnelYou are a sensor expert. Given the following situation:
Recommend the most appropriate type of sensor to detect the target and briefly explain why. Be concise.

Situation: We need to detect the presence of enemy soldiers in a forest environment with high foliage density, particularly focusing on areas with dry and limy soil conditions.

Recommendation: **Hyperspectral Imager**.

Explanation: Hyperspectral imag",attn/attn_0289.json
"Voltage: 0.752264922, Height (cm): 0.090909091, Soil Type: Humid and Limy, Mine Type: Anti-PersonnelYou are a sensor expert. Given the following situation:
Recommend the most appropriate type of sensor to detect the target and briefly explain why. Be concise.

Situation: We are deploying a magnetometer to detect pressure waves generated by enemy footsteps.
Explanation: Magnetic fields are not directly affected by footsteps. Directional microphones or accelerometers are not as precise as magnetometers for detecting low-intensity pressure waves.",attn/attn_0290.json
"Voltage: 0.52265798, Height (cm): 0.363636364, Soil Type: Humid and Limy, Mine Type: Anti-PersonnelYou are a sensor expert. Given the following situation:
Recommend the most appropriate type of sensor to detect the target and briefly explain why. Be concise.
**Situation:** We need to detect a buried enemy position within a forested area. The area is humid and limy soil, and the target is a buried anti-personnel mine.

**Recommended Sensor:** Ground-Penetrating Radar (",attn/attn_0291.json
"Voltage: 0.404833365, Height (cm): 0.636363636, Soil Type: Humid and Limy, Mine Type: Anti-PersonnelYou are a sensor expert. Given the following situation:
Recommend the most appropriate type of sensor to detect the target and briefly explain why. Be concise.

Situation: The target is an IED.
Environment: Dismounted infantry patrolling in a wooded area, possibly near water sources.

Guidance:
Intelligence suggests the IED is buried or partially buried, with a high probability of being",attn/attn_0292.json
"Voltage: 0.311177902, Height (cm): 0.909090909, Soil Type: Humid and Limy, Mine Type: Anti-PersonnelYou are a sensor expert. Given the following situation:
Recommend the most appropriate type of sensor to detect the target and briefly explain why. Be concise.

Situation: The target is identified as a landmine. A soldier is navigating through a rugged, hilly terrain with limited visibility due to dense vegetation and a muddy ground.

**Recommendation: Infrared (IR) Imaging Sensor**

**Explanation:** Land",attn/attn_0293.json
"Voltage: 0.471298533, Height (cm): 0.181818182, Soil Type: Dry and Sandy, Mine Type: Booby Trap Anti-PersonnelYou are a sensor expert. Given the following situation:
Recommend the most appropriate type of sensor to detect the target and briefly explain why. Be concise.
The target is a hidden improvised explosive device (IED) buried underground, specifically a pressure plate trigger mechanism.
**Recommendation:**

Microphone Array
**Explanation:**

A microphone array can detect the subtle sounds of a pressure plate activating. Even",attn/attn_0294.json
"Voltage: 0.380664214, Height (cm): 0.454545455, Soil Type: Dry and Sandy, Mine Type: Booby Trap Anti-PersonnelYou are a sensor expert. Given the following situation:
Recommend the most appropriate type of sensor to detect the target and briefly explain why. Be concise.
{
""Voltage"": 0.380664214,
""Height"": 0.454545455,
""Soil Type"": ""Dry and Sandy"",
""Mine Type",attn/attn_0295.json
"Voltage: 0.308156758, Height (cm): 0.727272727, Soil Type: Dry and Sandy, Mine Type: Booby Trap Anti-PersonnelYou are a sensor expert. Given the following situation:
Recommend the most appropriate type of sensor to detect the target and briefly explain why. Be concise.

Situation: Detecting landmines in a desert environment.

Sensor Recommendation:

*   **Ground-Penetrating Radar (GPR)**

Explanation: GPR is ideal for detecting buried objects like landmines. It transmits radio waves into the",attn/attn_0296.json
"Voltage: 0.359516206, Height (cm): 1.0, Soil Type: Dry and Sandy, Mine Type: Booby Trap Anti-PersonnelYou are a sensor expert. Given the following situation:
Recommend the most appropriate type of sensor to detect the target and briefly explain why. Be concise.

Situation: We are deploying a sensor network for minefield detection, specifically targeting booby traps.

Recommended Sensor: **Infrared (IR) Thermal Imaging Camera**.

Reasoning: Booby traps often utilize heat signatures from heat sources (like",attn/attn_0297.json
"Voltage: 0.423473918, Height (cm): 0.181818182, Soil Type: Humid and Sandy, Mine Type: Booby Trap Anti-PersonnelYou are a sensor expert. Given the following situation:
Recommend the most appropriate type of sensor to detect the target and briefly explain why. Be concise.

Situation: We need to detect the presence of enemy personnel (soldiers, insurgents, etc.) in a sandy, humid environment. Booby traps are prevalent.

Recommendation:
**Infrared (IR) Motion Sensor with a wide field of view",attn/attn_0298.json
"Voltage: 0.359516206, Height (cm): 0.545454545, Soil Type: Humid and Sandy, Mine Type: Booby Trap Anti-PersonnelYou are a sensor expert. Given the following situation:
Recommend the most appropriate type of sensor to detect the target and briefly explain why. Be concise.
Sensor Situation: A team of sappers is clearing a minefield to identify and neutralize mines. Safety is the primary concern.
Target: Anti-Personnel Mines
Target Characteristics: Hidden in sandy soil and humid conditions.

Recommended Sensor: Ground",attn/attn_0299.json
"Voltage: 0.333685358, Height (cm): 0.818181818, Soil Type: Humid and Sandy, Mine Type: Booby Trap Anti-PersonnelYou are a sensor expert. Given the following situation:
Recommend the most appropriate type of sensor to detect the target and briefly explain why. Be concise.

Situation: We need to detect a booby trap anti-personnel mine.

Sensor Type: Infrared (IR) Camera
Reasoning: IR cameras can detect heat signatures, which could indicate the presence of a human or a warm battery within",attn/attn_0300.json
"Voltage: 0.513594548, Height (cm): 0.090909091, Soil Type: Dry and Humus, Mine Type: Booby Trap Anti-PersonnelYou are a sensor expert. Given the following situation:
Recommend the most appropriate type of sensor to detect the target and briefly explain why. Be concise.
Situation: We need to detect a small, buried landmine that was strategically placed. The mine is buried just below the surface of the Ground, in a rocky or mixed soil environment.

Recommendation: Ground-Penetrating Radar (GPR",attn/attn_0301.json
"Voltage: 0.480361965, Height (cm): 0.363636364, Soil Type: Dry and Humus, Mine Type: Booby Trap Anti-PersonnelYou are a sensor expert. Given the following situation:
Recommend the most appropriate type of sensor to detect the target and briefly explain why. Be concise.
Situation: A reconnaissance drone is tasked with detecting trip mines disguised as rocks or debris in a rocky, uneven terrain.

Recommended Sensor: **Thermal Imaging Camera**.

Explanation: Thermal imaging cameras are most suitable because they can detect heat signatures, bypassing",attn/attn_0302.json
"Voltage: 0.371600782, Height (cm): 0.636363636, Soil Type: Dry and Humus, Mine Type: Booby Trap Anti-PersonnelYou are a sensor expert. Given the following situation:
Recommend the most appropriate type of sensor to detect the target and briefly explain why. Be concise.

Situation: We need to detect the presence of landmines or IEDs (Improvised Explosive Devices) in a large, grassy field.
Response: A Ground-Penetrating Radar (GPR) would be the most",attn/attn_0303.json
"Voltage: 0.326283622, Height (cm): 0.909090909, Soil Type: Dry and Humus, Mine Type: Booby Trap Anti-PersonnelYou are a sensor expert. Given the following situation:
Recommend the most appropriate type of sensor to detect the target and briefly explain why. Be concise.

Situation: Need to detect enemy soldiers in a dense forest environment.

**Recommendation:**

**Thermal Infrared (IR) Sensor:**

**Reasoning:**

*   **Dense foliage:** Thermal IR sensors are unaffected by visual obstructions like leaves,",attn/attn_0304.json
"Voltage: 0.2717824, Height (cm): 0.090909091, Soil Type: Humid and Humus, Mine Type: Booby Trap Anti-PersonnelYou are a sensor expert. Given the following situation:
Recommend the most appropriate type of sensor to detect the target and briefly explain why. Be concise.

Situation: A bomb disposal expert is approaching a suspected booby trap triggered by motion. The expert needs a sensor that can reliably detect a human approaching the area and provide a warning before the trap is activated.

**Recommendation:**
Infrared (",attn/attn_0305.json
"Voltage: 0.24199384, Height (cm): 0.363636364, Soil Type: Humid and Humus, Mine Type: Booby Trap Anti-PersonnelYou are a sensor expert. Given the following situation:
Recommend the most appropriate type of sensor to detect the target and briefly explain why. Be concise.
Situation: You need to detect a booby trap anti-personnel device hidden in a humid and humus-rich soil environment.

Recommended Sensor: **Ground Penetrating Radar (GPR)**

Rationale: GPR excels at detecting buried objects",attn/attn_0306.json
"Voltage: 0.22700875, Height (cm): 0.636363636, Soil Type: Humid and Humus, Mine Type: Booby Trap Anti-PersonnelYou are a sensor expert. Given the following situation:
Recommend the most appropriate type of sensor to detect the target and briefly explain why. Be concise.
Situation: Detecting a military mine buried underground, using a drone equipped with a Ground Penetrating Radar (GPR) system.
Recommended sensor: Ground Penetrating Radar (GPR)
Reasoning: GPR is specifically designed to detect anomalies",attn/attn_0307.json
"Voltage: 0.263776167, Height (cm): 0.0, Soil Type: Dry and Limy, Mine Type: Booby Trap Anti-PersonnelYou are a sensor expert. Given the following situation:
Recommend the most appropriate type of sensor to detect the target and briefly explain why. Be concise.

Situation: A remote-controlled robot is tasked with searching for landmines in a mountainous area with a high concentration of dry, limy soil. The robot is equipped with a Metal Detector.

Recommendation: Metal Detector.

Explanation: Landmines",attn/attn_0308.json
"Voltage: 0.223564727, Height (cm): 0.272727273, Soil Type: Dry and Limy, Mine Type: Booby Trap Anti-PersonnelYou are a sensor expert. Given the following situation:
Recommend the most appropriate type of sensor to detect the target and briefly explain why. Be concise.

Situation: Detecting threats hidden within minefields and booby traps.

Recommended Sensor: **Hyperspectral Imaging Sensor**

Explanation: Hyperspectral imaging can identify subtle variations in surface reflectance that indicate the presence of traps, such as disturbed soil",attn/attn_0309.json
"Voltage: 0.253776167, Height (cm): 0.636363636, Soil Type: Dry and Limy, Mine Type: Booby Trap Anti-PersonnelYou are a sensor expert. Given the following situation:
Recommend the most appropriate type of sensor to detect the target and briefly explain why. Be concise.

Situation: We need to detect a trip wire.
The trip wire is thin, flexible, and made of a relatively strong material (e.g., nylon or Kevlar).
The wire is strung taut across a pathway, aiming to be",attn/attn_0310.json
"Voltage: 0.209818455, Height (cm): 0.909090909, Soil Type: Dry and Limy, Mine Type: Booby Trap Anti-PersonnelYou are a sensor expert. Given the following situation:
Recommend the most appropriate type of sensor to detect the target and briefly explain why. Be concise.

Situation: Detecting buried landmines in a remote, mountainous region with poor visibility due to dense foliage.

**Recommendation:**
**Ground Penetrating Radar (GPR)**

**Explanation:**

GPR is ideal because it can penetrate the ground",attn/attn_0311.json
"Voltage: 0.462235101, Height (cm): 0.090909091, Soil Type: Humid and Limy, Mine Type: Booby Trap Anti-PersonnelYou are a sensor expert. Given the following situation:
Recommend the most appropriate type of sensor to detect the target and briefly explain why. Be concise.

Situation: We are deploying a sensor network to detect landmines in a dense, humid forest environment.
Target: Landmines
Sensor Type: Deployable Long Range Acoustic Sensor

Reasoning:
Landmines are generally silent and can be buried",attn/attn_0312.json
"Voltage: 0.413896797, Height (cm): 0.363636364, Soil Type: Humid and Limy, Mine Type: Booby Trap Anti-PersonnelYou are a sensor expert. Given the following situation:
Recommend the most appropriate type of sensor to detect the target and briefly explain why. Be concise.
{
""Voltage"": 0.413896797,
""Height"": 0.363636364,
""Soil Type"": ""Humid and Limy"",
""",attn/attn_0313.json
"Voltage: 0.34743163, Height (cm): 0.636363636, Soil Type: Humid and Limy, Mine Type: Booby Trap Anti-PersonnelYou are a sensor expert. Given the following situation:
Recommend the most appropriate type of sensor to detect the target and briefly explain why. Be concise.

Situation: We need to detect landmines, specifically Claymore anti-personnel mines.

Sensor Type: **Ground-Penetrating Radar (GPR)**

Explanation: GPR is ideal for detecting buried objects like landmines. It",attn/attn_0314.json
"Voltage: 0.335347054, Height (cm): 0.909090909, Soil Type: Humid and Limy, Mine Type: Booby Trap Anti-PersonnelYou are a sensor expert. Given the following situation:
Recommend the most appropriate type of sensor to detect the target and briefly explain why. Be concise.

Situation: The goal is to detect mines and booby traps.
Target: Landmines and Booby Traps
Environment: Rural or ODS (Operationally Sensitive Area)

**Recommendation:**

**Hyperspectral Imaging Sensor**

",attn/attn_0315.json
"Voltage: 0.444108237, Height (cm): 0.090909091, Soil Type: Dry and Sandy, Mine Type: M14 Anti-PersonnelYou are a sensor expert. Given the following situation:
Recommend the most appropriate type of sensor to detect the target and briefly explain why. Be concise.
Here are the the measurements from the sensor readings:
Voltage: 0.444108237
Height: 0.090909091 cm
Soil Type: Dry and Sandy
",attn/attn_0316.json
"Voltage: 0.296072182, Height (cm): 0.363636364, Soil Type: Dry and Sandy, Mine Type: M14 Anti-PersonnelYou are a sensor expert. Given the following situation:
Recommend the most appropriate type of sensor to detect the target and briefly explain why. Be concise.

Situation: Detecting landmines in a sandy desert environment.

Sensor Type: Infrared Thermal Imaging Camera 

Explanation: Infrared thermal cameras detect heat signatures, which are emitted by all objects, regardless of material or color. This is particularly useful in a",attn/attn_0317.json
"Voltage: 0.356495062, Height (cm): 0.636363636, Soil Type: Dry and Sandy, Mine Type: M14 Anti-PersonnelYou are a sensor expert. Given the following situation:
Recommend the most appropriate type of sensor to detect the target and briefly explain why. Be concise.
**Situation:** A small reconnaissance unit is operating in a desert environment characterized by dry and sandy soil. The mission is to locate enemy personnel.
---
**Recommended Sensor:** A Ground Penetrating Radar (GPR)
**Explanation:** G",attn/attn_0318.json
"Voltage: 0.320241334, Height (cm): 0.909090909, Soil Type: Dry and Sandy, Mine Type: M14 Anti-PersonnelYou are a sensor expert. Given the following situation:
Recommend the most appropriate type of sensor to detect the target and briefly explain why. Be concise.
**Situation:** Towed artillery shells moving on a sandy and dry terrain.

**Sensor Recommendation:**
Radaar Radar. Radar sensors offer the best detection capability in this environment due to their ability to penetrate rough terrain, dust, and low",attn/attn_0319.json
"Voltage: 0.540784844, Height (cm): 0.090909091, Soil Type: Humid and Sandy, Mine Type: M14 Anti-PersonnelYou are a sensor expert. Given the following situation:
Recommend the most appropriate type of sensor to detect the target and briefly explain why. Be concise.
Okay, let't assess the situation:

The situation describes a humid and sandy soil environment, and the voltage reading is 0.54078, Height is 0.0909 cm (very small).

",attn/attn_0320.json
"Voltage: 0.506102004, Height (cm): 0.363636364, Soil Type: Humid and Sandy, Mine Type: M14 Anti-PersonnelYou are a sensor expert. Given the following situation:
Recommend the most appropriate type of sensor to detect the target and briefly explain why. Be concise.
Situation: A military operation involving a mine clearance operation in a humid, sandy soil environment. The goal is to detect buried anti-personnel mines.

Recommendation:
A Ground-Penetrating Radar (GPR) would be the most",attn/attn_0321.json
"Voltage: 0.401812221, Height (cm): 0.636363636, Soil Type: Humid and Sandy, Mine Type: M14 Anti-PersonnelYou are a sensor expert. Given the following situation:
Recommend the most appropriate type of sensor to detect the target and briefly explain why. Be concise.
Situation: Detecting enemy combatants in a battlefield environment with high noise and potentially obscured visibility due to smoke, dust, and foliage.

Sensor Type: **Thermal Infrared (IR) Sensor**

Explanation:
Thermal IR sensors detect heat signatures,",attn/attn_0322.json
"Voltage: 0.369002517, Height (cm): 0.909090909, Soil Type: Humid and Sandy, Mine Type: M14 Anti-PersonnelYou are a sensor expert. Given the following situation:
Recommend the most appropriate type of sensor to detect the target and briefly explain why. Be concise.
**Situation:** A soldier is moving through a rugged, sandy terrain, operating in humid conditions. Their primary target is enemy personnel engaging in ambushes. The sensor needs to function reliably in wet conditions.

**Recommended Sensor:**
A radar sensor",attn/attn_0323.json
"Voltage: 0.362839599, Height (cm): 0.363636364, Soil Type: Dry and Humus, Mine Type: M14 Anti-PersonnelYou are a sensor expert. Given the following situation:
Recommend the most appropriate type of sensor to detect the target and briefly explain why. Be concise.
```json
{
""Soil Type"": ""Dry and Humus"",
""Voltage"": ""0.362839599"",
""Height"": ""0.363636364""",attn/attn_0324.json
"Voltage: 0.320241334, Height (cm): 0.818181818, Soil Type: Dry and Humus, Mine Type: M14 Anti-PersonnelYou are a sensor expert. Given the following situation:
Recommend the most appropriate type of sensor to detect the target and briefly explain why. Be concise.
**Situation:** The target is a person, and the sensor needs to detect their presence in a forested area with dense foliage, low light conditions, and uneven terrain.

**Sensor Recommendations:**

*   **Thermal Imaging Camera:** Thermal imaging cameras",attn/attn_0325.json
"Voltage: 0.446283622, Height (cm): 0.0, Soil Type: Humid and Humus, Mine Type: M14 Anti-PersonnelYou are a sensor expert. Given the following situation:
Recommend the most appropriate type of sensor to detect the target and briefly explain why. Be concise.

Situation: We need to detect mines in a humid and humus-rich soil environment, where the Ground Penetrating Radar (GPR) will be affected by high signal attenuation and scattering.

Recommendation: **Time-Domain Reflectometry (TDR",attn/attn_0326.json
"Voltage: 0.391177902, Height (cm): 0.272727273, Soil Type: Humid and Humus, Mine Type: M14 Anti-PersonnelYou are a sensor expert. Given the following situation:
Recommend the most appropriate type of sensor to detect the target and briefly explain why. Be concise.
**Situation:** We need to detect and identify a target with a critical vulnerability - a landmine.
**Measurements:** Voltage: 0.391177902, Height: 0.27272",attn/attn_0327.json
"Voltage: 0.378156758, Height (cm): 0.545454545, Soil Type: Humid and Humus, Mine Type: M14 Anti-PersonnelYou are a sensor expert. Given the following situation:
Recommend the most appropriate type of sensor to detect the target and briefly explain why. Be concise.
Situation: We need to detect unattended explosive devices (UXO) in a dense forest environment with poor visibility due to thick foliage and trees.

Recommended Sensor: **Ground Penetrating Radar (GPR)**

Explanation: GPR is ideal for",attn/attn_0328.json
"Voltage: 0.319939085, Height (cm): 0.818181818, Soil Type: Humid and Humus, Mine Type: M14 Anti-PersonnelYou are a sensor expert. Given the following situation:
Recommend the most appropriate type of sensor to detect the target and briefly explain why. Be concise.
Target is aiming at us.
Situation: It must be quick!

**Recommendation:**

Sonar.

**Explanation:**

Rapid directional sound detection is crucial for immediate threat assessment. Sonar actively emits sound waves and analyzes the returning echoes to",attn/attn_0329.json
"Voltage: 0.519636836, Height (cm): 0.090909091, Soil Type: Dry and Limy, Mine Type: M14 Anti-PersonnelYou are a sensor expert. Given the following situation:
Recommend the most appropriate type of sensor to detect the target and briefly explain why. Be concise.
Situation: We're deploying a minefield clearance operation in a rocky, dusty, and arid environment. The environment is bright and sunny.
**Recommendation:**

A **Hyperspectral Camera** would be the most appropriate sensor.

**",attn/attn_0330.json
"Voltage: 0.398791077, Height (cm): 0.363636364, Soil Type: Dry and Limy, Mine Type: M14 Anti-PersonnelYou are a sensor expert. Given the following situation:
Recommend the most appropriate type of sensor to detect the target and briefly explain why. Be concise.
The target is a small robotic mine designed to be buried beneath the ground and trigger when stepped on.
Sensor: Infrared (IR)
Explanation: Infrared sensors can detect thermal signatures, which might be detectable even through a thin layer of soil.",attn/attn_0331.json
"Voltage: 0.34743163, Height (cm): 0.636363636, Soil Type: Dry and Limy, Mine Type: M14 Anti-PersonnelYou are a sensor expert. Given the following situation:
Recommend the most appropriate type of sensor to detect the target and briefly explain why. Be concise.

**Situation:** We are deploying a sensor network in a minefield - a complex and dynamic environment characterized by heterogeneous terrain, loose soil, and the presence of potential mines buried beneath the surface. Conventional radar sensors are not suitable due to interference from metallic",attn/attn_0332.json
"Voltage: 0.323262478, Height (cm): 0.909090909, Soil Type: Dry and Limy, Mine Type: M14 Anti-PersonnelYou are a sensor expert. Given the following situation:
Recommend the most appropriate type of sensor to detect the target and briefly explain why. Be concise.
Situation: A swarm of small, relatively low-speed robotic mines that can detonate upon proximity. These mines are buried partially underground, with limited visibility and are deployed in an operational environment with a high degree of complexity.
Recommendation: **Ground",attn/attn_0333.json
"Voltage: 0.444108237, Height (cm): 0.181818182, Soil Type: Humid and Limy, Mine Type: M14 Anti-PersonnelYou are a sensor expert. Given the following situation:
Recommend the most appropriate type of sensor to detect the target and briefly explain why. Be concise.

Situation: We need to detect mines laid in humid and limy soil conditions. Mines are likely to be buried shallowly.

Recommended Sensor: Ground Penetrating Radar (GPR)

Rationale: GPR excels at detecting buried objects with dielectric",attn/attn_0334.json
"Voltage: 0.353473918, Height (cm): 0.454545455, Soil Type: Humid and Limy, Mine Type: M14 Anti-PersonnelYou are a sensor expert. Given the following situation:
Recommend the most appropriate type of sensor to detect the target and briefly explain why. Be concise.

Situation: We need to detect the presence of a mine, specifically aiming for small, pressure-activated mines. These mines are likely to be buried shallowly in soil.

Here's what we need to consider:

*   **Target",attn/attn_0335.json
"Voltage: 0.36253735, Height (cm): 0.727272727, Soil Type: Humid and Limy, Mine Type: M14 Anti-PersonnelYou are a sensor expert. Given the following situation:
Recommend the most appropriate type of sensor to detect the target and briefly explain why. Be concise.
Situation: A bomb disposal robot is operating in a potentially hazardous environment with complex terrain, requiring accurate detection of buried Land Mines.

**Recommended Sensor: Ground Penetrating Radar (GPR)**

**Reasoning:** GPR is ideal for detecting",attn/attn_0336.json
"Voltage: 0.314199046, Height (cm): 1.0, Soil Type: Humid and Limy, Mine Type: M14 Anti-PersonnelYou are a sensor expert. Given the following situation:
Recommend the most appropriate type of sensor to detect the target and briefly explain why. Be concise.
Target: Mortar shell.

**Recommended Sensor:**
A **Radar Doppler Radar** is the most appropriate sensor.

**Explanation:**
Mortar shells are characterized by their rapid, relatively high-velocity impact and distinct sonic signature. Doppler",attn/attn_0337.json
