full_response,attention_file
"You are a sensor expert. Given the following situation:
Context: Voltage: 0.338156758 V, Height: 0 cm, Soil Type: Dry and Sandy
KG context: YPG | CRREL | ROIs | Cold Regions Research and Engineering Laboratory | buried objects
Target: Land mine Mine Type: NA

Recommend the most appropriate type of sensor...

**Recommendation: Ground Penetrating Radar (GPR)**

**Rationale:**

*   **Target Characteristics:** We're dealing with a buried land mine, which is a metallic object hidden beneath the surface.
*   **Soil Conditions:** The soil is dry and sandy. This type of soil can attenuate GPR signals, but it’s still a viable medium for detecting buried metallic objects.
*   **Low Voltage:** The voltage reading (0.338 V) is",/content/drive/MyDrive/CMDACapstone_2025-11-30_16-18-29/attentions/attn_0000.json
"You are a sensor expert. Given the following situation:
Context: Voltage: 0.320241334 V, Height: 0.181818182 cm, Soil Type: Dry and Sandy
KG context: YPG | CRREL | ROIs | Cold Regions Research and Engineering Laboratory | buried objects
Target: Land mine Mine Type: NA

Recommend the most appropriate type of sensor...

**Recommendation:**

Based on the provided context and the target (land mine), the most appropriate sensor type is a **Ground Penetrating Radar (GPR)**.

**Reasoning:**

*   **Target Characteristics:** Land mines are buried objects, making them difficult to detect with traditional methods like metal detectors.
*   **Contextual Clues:**
    *   **Voltage (0.320241334 V):** This voltage reading, combined with",/content/drive/MyDrive/CMDACapstone_2025-11-30_16-18-29/attentions/attn_0001.json
"You are a sensor expert. Given the following situation:
Context: Voltage: 0.28700875 V, Height: 0.272727273 cm, Soil Type: Dry and Sandy
KG context: YPG | CRREL | ROIs | Cold Regions Research and Engineering Laboratory | buried objects
Target: Land mine Mine Type: NA

Recommend the most appropriate type of sensor...

**Recommendation: Ground Penetrating Radar (GPR)**

**Rationale:**

*   **Buried Objects:** The target is a land mine, which is a buried object. GPR is specifically designed to detect and image buried objects with high resolution.
*   **Soil Type:** Dry and sandy soil can attenuate electromagnetic signals, but GPR can still be effective. The shallow depth (0.2727 cm) is well within the range of GPR.
*",/content/drive/MyDrive/CMDACapstone_2025-11-30_16-18-29/attentions/attn_0002.json
"You are a sensor expert. Given the following situation:
Context: Voltage: 0.256283622 V, Height: 0.454545455 cm, Soil Type: Dry and Sandy
KG context: YPG | CRREL | ROIs | Cold Regions Research and Engineering Laboratory | buried objects
Target: Land mine Mine Type: NA

Recommend the most appropriate type of sensor...
**Recommendation: Ground Penetrating Radar (GPR)**

**Rationale:**

*   **Target:** The target is a buried object (land mine).
*   **Context:** The soil type (Dry and Sandy) is a common characteristic of areas where landmines are often buried. Dry, sandy soils can be challenging for traditional detection methods.
*   **KG Context:** The KG context indicates research on buried objects in cold regions. Landmines are frequently buried in cold regions, so",/content/drive/MyDrive/CMDACapstone_2025-11-30_16-18-29/attentions/attn_0003.json
"You are a sensor expert. Given the following situation:
Context: Voltage: 0.262839599 V, Height: 0.545454545 cm, Soil Type: Dry and Sandy
KG context: YPG | CRREL | ROIs | Cold Regions Research and Engineering Laboratory | buried objects
Target: Land mine Mine Type: NA

Recommend the most appropriate type of sensor...

**Recommendation: Ground Penetrating Radar (GPR)**

**Reasoning:**

Here's a breakdown of why GPR is the most suitable sensor in this scenario, considering the context and KG information:

1.  **Contextual Clues:**
    *   **Low Voltage (0.262839599 V):** This suggests a potentially challenging environment for traditional electrical sensors like EMF or metal detectors. The voltage could be due to a buried object",/content/drive/MyDrive/CMDACapstone_2025-11-30_16-18-29/attentions/attn_0004.json
"You are a sensor expert. Given the following situation:
Context: Voltage: 0.240966463 V, Height: 0.727272727 cm, Soil Type: Dry and Sandy
KG context: YPG | CRREL | ROIs | Cold Regions Research and Engineering Laboratory | buried objects
Target: Land mine Mine Type: NA

Recommend the most appropriate type of sensor...

**Rationale:**

Given the context – a buried object (land mine) detection scenario with a dry and sandy soil type – the primary challenge is identifying a metallic object hidden beneath the surface. Voltage measurements (0.240966463 V) and height readings (0.727272727 cm) suggest a proximity detection method is being used, likely involving an electromagnetic field disturbance. The KG context mentioning buried objects and ROIs (Regions of",/content/drive/MyDrive/CMDACapstone_2025-11-30_16-18-29/attentions/attn_0005.json
"You are a sensor expert. Given the following situation:
Context: Voltage: 0.254410486 V, Height: 0.818181818 cm, Soil Type: Dry and Sandy
KG context: YPG | CRREL | ROIs | Cold Regions Research and Engineering Laboratory | buried objects
Target: Land mine Mine Type: NA

Recommend the most appropriate type of sensor...
**Recommendation: Ground Penetrating Radar (GPR)**

**Rationale:**

*   **Contextual Clues:** The situation strongly suggests a buried object detection task, specifically a land mine. The ""KG context"" referencing the CRREL (Cold Regions Research and Engineering Laboratory) indicates expertise in buried object detection in challenging environments (likely cold and/or frozen ground). The ""Dry and Sandy"" soil type is crucial – sandy soils can attenuate electromagnetic signals, but GPR can still be effective",/content/drive/MyDrive/CMDACapstone_2025-11-30_16-18-29/attentions/attn_0006.json
"You are a sensor expert. Given the following situation:
Context: Voltage: 0.234924175 V, Height: 1 cm, Soil Type: Dry and Sandy
KG context: YPG | CRREL | ROIs | Cold Regions Research and Engineering Laboratory | buried objects
Target: Land mine Mine Type: NA

Recommend the most appropriate type of sensor...

**Recommended Sensor:**

Based on the provided context and KG information, the most appropriate sensor type is a **Ground Penetrating Radar (GPR)**.

**Reasoning:**

*   **Target:** The target is a buried land mine.  This indicates a need to detect objects beneath the surface.
*   **Context:** The soil type (Dry and Sandy) is a common scenario for land mine detection. Sandy soil can attenuate electromagnetic waves, but GPR is specifically designed to",/content/drive/MyDrive/CMDACapstone_2025-11-30_16-18-29/attentions/attn_0007.json
"You are a sensor expert. Given the following situation:
Context: Voltage: 0.353473918 V, Height: 0 cm, Soil Type: Humid and Sandy
KG context: YPG | CRREL | ROIs | Cold Regions Research and Engineering Laboratory | buried objects
Target: Land mine Mine Type: NA

Recommend the most appropriate type of sensor...

**Recommendation: Ground Penetrating Radar (GPR)**

**Rationale:**

*   **Target:** The target is a buried land mine. Land mines are typically buried objects, often at shallow depths.
*   **Context:** The soil type (Humid and Sandy) is suitable for GPR operation. Sandy soils generally have good radar penetration properties. The low voltage (0.353473918 V) is not a significant constraint for GPR, as",/content/drive/MyDrive/CMDACapstone_2025-11-30_16-18-29/attentions/attn_0008.json
"You are a sensor expert. Given the following situation:
Context: Voltage: 0.335347054 V, Height: 0.181818182 cm, Soil Type: Humid and Sandy
KG context: YPG | CRREL | ROIs | Cold Regions Research and Engineering Laboratory | buried objects
Target: Land mine Mine Type: NA

Recommend the most appropriate type of sensor...
**Recommendation: Ground Penetrating Radar (GPR)**

**Rationale:**

Given the context – a potentially buried land mine, a low voltage reading (suggesting a weak signal), a small height measurement, and a soil type of humid and sandy – GPR is the most suitable sensor for this situation. Here's a breakdown of why:

*   **Buried Objects Detection:** GPR is specifically designed to detect buried objects. It works by emitting radio waves into the ground and",/content/drive/MyDrive/CMDACapstone_2025-11-30_16-18-29/attentions/attn_0009.json
"You are a sensor expert. Given the following situation:
Context: Voltage: 0.335347054 V, Height: 0.272727273 cm, Soil Type: Humid and Sandy
KG context: YPG | CRREL | ROIs | Cold Regions Research and Engineering Laboratory | buried objects
Target: Land mine Mine Type: NA

Recommend the most appropriate type of sensor...

**Recommendation: Ground Penetrating Radar (GPR)**

**Rationale:**

*   **Target:** The target is a buried object (land mine).  This requires penetrating the soil to detect anomalies.
*   **Soil Type:** The soil is ""Humid and Sandy,"" which is a common scenario for GPR performance.  Sandy soils can attenuate radar signals, but GPR can still be effective, especially with appropriate antenna frequencies. The humidity can slightly affect signal propagation, but is",/content/drive/MyDrive/CMDACapstone_2025-11-30_16-18-29/attentions/attn_0010.json
"You are a sensor expert. Given the following situation:
Context: Voltage: 0.330029894 V, Height: 0.454545455 cm, Soil Type: Humid and Sandy
KG context: YPG | CRREL | ROIs | Cold Regions Research and Engineering Laboratory | buried objects
Target: Land mine Mine Type: NA

Recommend the most appropriate type of sensor...

Sensor Recommendation: Ground Penetrating Radar (GPR)

Rationale:
The context provides several clues suggesting a land mine presence, particularly the ""buried objects"" KG context.  Voltage and height readings, while seemingly minor, could indicate the presence of an anomaly beneath the surface.  However, these readings alone are insufficient to definitively identify a land mine.  The ""Humid and Sandy"" soil type is also relevant as it can affect the performance of some sensors.

GPR is the",/content/drive/MyDrive/CMDACapstone_2025-11-30_16-18-29/attentions/attn_0011.json
"You are a sensor expert. Given the following situation:
Context: Voltage: 0.335347054 V, Height: 0.545454545 cm, Soil Type: Humid and Sandy
KG context: YPG | CRREL | ROIs | Cold Regions Research and Engineering Laboratory | buried objects
Target: Land mine Mine Type: NA

Recommend the most appropriate type of sensor...

**Recommendation:**

Based on the provided context, the most appropriate sensor type is a **Ground Penetrating Radar (GPR)**.

**Rationale:**

*   **Target:** The target is a buried object – a land mine.  GPR is specifically designed to detect and image buried objects without excavation.
*   **Context:**
    *   **Voltage (0.335347054 V):** This voltage reading, while present, is not",/content/drive/MyDrive/CMDACapstone_2025-11-30_16-18-29/attentions/attn_0012.json
"You are a sensor expert. Given the following situation:
Context: Voltage: 0.305135614 V, Height: 0.727272727 cm, Soil Type: Humid and Sandy
KG context: YPG | CRREL | ROIs | Cold Regions Research and Engineering Laboratory | buried objects
Target: Land mine Mine Type: NA

Recommend the most appropriate type of sensor...

**Recommendation:**

Given the context and target, the most appropriate sensor type is a **Ground Penetrating Radar (GPR)**.

**Reasoning:**

*   **Target:** The target is a buried object – a land mine. Detecting a buried object like a land mine requires penetrating the ground to identify its location and characteristics.
*   **Context:**
    *   **Voltage (0.305135614 V):** While this voltage reading",/content/drive/MyDrive/CMDACapstone_2025-11-30_16-18-29/attentions/attn_0013.json
"You are a sensor expert. Given the following situation:
Context: Voltage: 0.256283622 V, Height: 0.818181818 cm, Soil Type: Humid and Sandy
KG context: YPG | CRREL | ROIs | Cold Regions Research and Engineering Laboratory | buried objects
Target: Land mine Mine Type: NA

Recommend the most appropriate type of sensor...
**Recommendation: Ground Penetrating Radar (GPR)**

**Rationale:**

Given the context, specifically the presence of a suspected land mine and the soil type (humid and sandy), a Ground Penetrating Radar (GPR) sensor is the most suitable choice for the following reasons:

*   **Buried Objects Detection:** GPR is specifically designed to detect buried objects, which is precisely the target – a land mine.  It works by emitting electromagnetic waves into the ground and analyzing the",/content/drive/MyDrive/CMDACapstone_2025-11-30_16-18-29/attentions/attn_0014.json
"You are a sensor expert. Given the following situation:
Context: Voltage: 0.235649303 V, Height: 1 cm, Soil Type: Humid and Sandy
KG context: YPG | CRREL | ROIs | Cold Regions Research and Engineering Laboratory | buried objects
Target: Land mine Mine Type: NA

Recommend the most appropriate type of sensor...

**Recommendation:**

Given the context – a low voltage reading (0.235649303 V), a relatively shallow height (1 cm), and a soil type described as ""humid and sandy"" – the most appropriate sensor type for detecting a buried land mine is a **Ground Penetrating Radar (GPR)**.

**Rationale:**

*   **Low Voltage & Shallow Depth:** The low voltage reading suggests the sensor is encountering a significant impedance difference. This is",/content/drive/MyDrive/CMDACapstone_2025-11-30_16-18-29/attentions/attn_0015.json
"You are a sensor expert. Given the following situation:
Context: Voltage: 0.315347054 V, Height: 0 cm, Soil Type: Dry and Humus
KG context: YPG | CRREL | ROIs | Cold Regions Research and Engineering Laboratory | buried objects
Target: Land mine Mine Type: NA

Recommend the most appropriate type of sensor...

**Recommendation: Ground Penetrating Radar (GPR)**

**Rationale:**

Given the context – a low voltage (suggesting a potential lack of metallic signature), a relatively shallow depth (0 cm), and a soil type of dry and humus – a standard metal detector is unlikely to be effective.  The KG context (buried objects, specifically landmines) further emphasizes the need for a non-destructive and detailed investigation. 

Here's a breakdown of why GPR is the best",/content/drive/MyDrive/CMDACapstone_2025-11-30_16-18-29/attentions/attn_0016.json
"You are a sensor expert. Given the following situation:
Context: Voltage: 0.283987607 V, Height: 0.181818182 cm, Soil Type: Dry and Humus
KG context: YPG | CRREL | ROIs | Cold Regions Research and Engineering Laboratory | buried objects
Target: Land mine Mine Type: NA

Recommend the most appropriate type of sensor...

**Recommendation: Ground Penetrating Radar (GPR)**

**Rationale:**

Given the context, particularly the ""buried objects"" target (land mine), and the presence of dry soil with humus, a GPR sensor is the most suitable choice. Here's a breakdown of why:

*   **Buried Objects Detection:** GPR excels at detecting buried objects, even at shallow depths. Land mines are often buried, and GPR can provide subsurface imaging without excavation.
*",/content/drive/MyDrive/CMDACapstone_2025-11-30_16-18-29/attentions/attn_0017.json
"You are a sensor expert. Given the following situation:
Context: Voltage: 0.303262478 V, Height: 0.272727273 cm, Soil Type: Dry and Humus
KG context: YPG | CRREL | ROIs | Cold Regions Research and Engineering Laboratory | buried objects
Target: Land mine Mine Type: NA

Recommend the most appropriate type of sensor...
**Recommendation:**

Based on the provided context and target (land mine detection), the most appropriate sensor type would be a **Ground Penetrating Radar (GPR)**.

**Reasoning:**

*   **Buried Objects:** The KG context clearly indicates the focus on buried objects – specifically, land mines. GPR excels at detecting buried objects without the need for excavation.
*   **Soil Type:** The “Dry and Humus” soil type is well-suited for GPR",/content/drive/MyDrive/CMDACapstone_2025-11-30_16-18-29/attentions/attn_0018.json
"You are a sensor expert. Given the following situation:
Context: Voltage: 0.274924175 V, Height: 0.454545455 cm, Soil Type: Dry and Humus
KG context: YPG | CRREL | ROIs | Cold Regions Research and Engineering Laboratory | buried objects
Target: Land mine Mine Type: NA

Recommend the most appropriate type of sensor...

**Recommendation:**

Given the context – a low voltage reading (0.275V), a relatively small height measurement (0.455cm), and the identification of ""Dry and Humus"" soil type – and the target being a buried land mine, I recommend using a **Ground Penetrating Radar (GPR)** sensor.

**Reasoning:**

*   **Low Voltage & Small Height:** This suggests a shallow buried object.  A simple voltage sensor wouldn'",/content/drive/MyDrive/CMDACapstone_2025-11-30_16-18-29/attentions/attn_0019.json
"You are a sensor expert. Given the following situation:
Context: Voltage: 0.260029894 V, Height: 0.545454545 cm, Soil Type: Dry and Humus
KG context: YPG | CRREL | ROIs | Cold Regions Research and Engineering Laboratory | buried objects
Target: Land mine Mine Type: NA

Recommend the most appropriate type of sensor...
**Recommendation: Ground Penetrating Radar (GPR)**

**Rationale:**

*   **Target Characteristics:** We are looking for a buried object (land mine) at a relatively shallow depth (0.545 cm).
*   **Soil Conditions:** The soil is dry and contains humus, which can attenuate electromagnetic signals. However, GPR is generally robust and can penetrate these conditions with appropriate settings.
*   **KG Context (CRREL):** The KG context explicitly points",/content/drive/MyDrive/CMDACapstone_2025-11-30_16-18-29/attentions/attn_0020.json
"You are a sensor expert. Given the following situation:
Context: Voltage: 0.259818455 V, Height: 0.727272727 cm, Soil Type: Dry and Humus
KG context: YPG | CRREL | ROIs | Cold Regions Research and Engineering Laboratory | buried objects
Target: Land mine Mine Type: NA

Recommend the most appropriate type of sensor...
**Recommendation: Ground Penetrating Radar (GPR)**

**Rationale:**

Here's a detailed breakdown of why GPR is the most suitable sensor in this scenario, considering the context and target:

1.  **Target Identification (Land Mine):** Landmines are often buried just beneath the surface.  Their size and shape can be difficult to detect visually, especially in challenging soil conditions. GPR excels at imaging subsurface anomalies.

2.  **Soil Conditions (Dry and",/content/drive/MyDrive/CMDACapstone_2025-11-30_16-18-29/attentions/attn_0021.json
"You are a sensor expert. Given the following situation:
Context: Voltage: 0.283987607 V, Height: 0.818181818 cm, Soil Type: Dry and Humus
KG context: YPG | CRREL | ROIs | Cold Regions Research and Engineering Laboratory | buried objects
Target: Land mine Mine Type: NA

Recommend the most appropriate type of sensor...

**Sensor Recommendation: Ground Penetrating Radar (GPR)**

**Rationale:**

Given the context – a potential land mine detection scenario, a dry and humus soil type, and a low voltage reading (suggesting a weak signal or difficulty in traditional electromagnetic sensing) – a Ground Penetrating Radar (GPR) system is the most suitable sensor choice. Here's a breakdown of why:

1.  **Buried Object Detection:** The KG context (ROIs from CRREL)",/content/drive/MyDrive/CMDACapstone_2025-11-30_16-18-29/attentions/attn_0022.json
"You are a sensor expert. Given the following situation:
Context: Voltage: 0.265860743 V, Height: 1 cm, Soil Type: Dry and Humus
KG context: YPG | CRREL | ROIs | Cold Regions Research and Engineering Laboratory | buried objects
Target: Land mine Mine Type: NA

Recommend the most appropriate type of sensor...
**Recommendation: Ground Penetrating Radar (GPR)**

**Rationale:**

*   **Target Characteristics:** The target is a buried land mine. This indicates the need to detect objects beneath the soil surface.
*   **Soil Conditions:** The soil is dry and humus-rich. Dry soil is generally good for GPR performance, and humus can slightly attenuate the signal, but GPR is still a viable option.
*   **Voltage & Height:** The provided voltage (0.",/content/drive/MyDrive/CMDACapstone_2025-11-30_16-18-29/attentions/attn_0023.json
"You are a sensor expert. Given the following situation:
Context: Voltage: 0.323051038 V, Height: 0 cm, Soil Type: Humid and Humus
KG context: YPG | CRREL | ROIs | Cold Regions Research and Engineering Laboratory | buried objects
Target: Land mine Mine Type: NA

Recommend the most appropriate type of sensor...
**Recommendation: Ground Penetrating Radar (GPR)**

**Rationale:**

*   **Target Identification:** Land mines are often buried, and their location is unknown. GPR excels at detecting subsurface anomalies caused by buried objects like landmines.
*   **Soil Conditions:** The ""Humid and Humus"" soil type can affect the penetration of electromagnetic waves. GPR is relatively robust to these conditions, particularly with appropriate antenna selection and scanning parameters.
*   **Depth of Detection",/content/drive/MyDrive/CMDACapstone_2025-11-30_16-18-29/attentions/attn_0024.json
"You are a sensor expert. Given the following situation:
Context: Voltage: 0.305135614 V, Height: 0.181818182 cm, Soil Type: Humid and Humus
KG context: YPG | CRREL | ROIs | Cold Regions Research and Engineering Laboratory | buried objects
Target: Land mine Mine Type: NA

Recommend the most appropriate type of sensor...

**Reasoning:**

The scenario describes the detection of a buried object, specifically a land mine, in a cold region. The provided data includes voltage, height, and soil type information.  The ""KG context"" specifically mentions the Cold Regions Research and Engineering Laboratory (CRREL), suggesting a focus on detecting buried objects in challenging environments.  Given this, we need a sensor capable of detecting subtle changes in the environment related to the presence of a buried object.

Here's a breakdown",/content/drive/MyDrive/CMDACapstone_2025-11-30_16-18-29/attentions/attn_0025.json
"You are a sensor expert. Given the following situation:
Context: Voltage: 0.314199046 V, Height: 0.272727273 cm, Soil Type: Humid and Humus
KG context: YPG | CRREL | ROIs | Cold Regions Research and Engineering Laboratory | buried objects
Target: Land mine Mine Type: NA

Recommend the most appropriate type of sensor...

**Recommendation:**

Given the context and target, the most appropriate sensor would be a **Ground Penetrating Radar (GPR)**.

**Reasoning:**

*   **Target:** The target is a buried object - a land mine. Detecting buried objects, especially in challenging soil conditions, requires penetrating the ground.
*   **Context:**
    *   **Voltage (0.314199046 V):** While a voltage reading is present, it",/content/drive/MyDrive/CMDACapstone_2025-11-30_16-18-29/attentions/attn_0026.json
"You are a sensor expert. Given the following situation:
Context: Voltage: 0.30211447 V, Height: 0.454545455 cm, Soil Type: Humid and Humus
KG context: YPG | CRREL | ROIs | Cold Regions Research and Engineering Laboratory | buried objects
Target: Land mine Mine Type: NA

Recommend the most appropriate type of sensor...

**Recommendation:**

Based on the provided context and the target (Land mine), the most appropriate sensor type is a **Ground Penetrating Radar (GPR)**.

**Reasoning:**

*   **Target Identification:** Land mines are often buried, making visual or electrical detection methods ineffective. GPR excels at detecting buried objects by emitting radar pulses into the ground and analyzing the reflected signals.
*   **Soil Conditions:** The ""Humid and Humus"" soil type is well-",/content/drive/MyDrive/CMDACapstone_2025-11-30_16-18-29/attentions/attn_0027.json
"You are a sensor expert. Given the following situation:
Context: Voltage: 0.323262478 V, Height: 0.545454545 cm, Soil Type: Humid and Humus
KG context: YPG | CRREL | ROIs | Cold Regions Research and Engineering Laboratory | buried objects
Target: Land mine Mine Type: NA

Recommend the most appropriate type of sensor...

**Recommendation:**

Given the context – a low voltage (0.323262478 V), a relatively small height measurement (0.545454545 cm), and a soil type described as ""Humid and Humus"" – and the target being a land mine, the most appropriate sensor would be a **Ground Penetrating Radar (GPR)**.

**Reasoning:**

Here’s a breakdown of why GPR is",/content/drive/MyDrive/CMDACapstone_2025-11-30_16-18-29/attentions/attn_0028.json
"You are a sensor expert. Given the following situation:
Context: Voltage: 0.314199046 V, Height: 0.727272727 cm, Soil Type: Humid and Humus
KG context: YPG | CRREL | ROIs | Cold Regions Research and Engineering Laboratory | buried objects
Target: Land mine Mine Type: NA

Recommend the most appropriate type of sensor...
**Recommendation:**

Given the context, the most appropriate sensor type would be a **Ground Penetrating Radar (GPR)**.

**Rationale:**

*   **Target:** The target is a buried land mine. This requires detecting objects beneath the surface.
*   **Context:**
    *   **Voltage (0.314199046 V):** While voltage can be a factor in some sensors (e.g., piezoelectric), it's not",/content/drive/MyDrive/CMDACapstone_2025-11-30_16-18-29/attentions/attn_0029.json
"You are a sensor expert. Given the following situation:
Context: Voltage: 0.323262478 V, Height: 0.818181818 cm, Soil Type: Humid and Humus
KG context: YPG | CRREL | ROIs | Cold Regions Research and Engineering Laboratory | buried objects
Target: Land mine Mine Type: NA

Recommend the most appropriate type of sensor...

**Recommendation: Ground Penetrating Radar (GPR)**

**Rationale:**

*   **Target Identification:** Landmines are often buried, and their detection requires penetrating the soil to identify anomalies in the subsurface. GPR is exceptionally well-suited for this task.
*   **Soil Conditions:** The provided soil conditions (Humid and Humus) are typical for areas where landmines might be buried. Humus-rich soil can attenuate radar signals, but GPR can still effectively penetrate",/content/drive/MyDrive/CMDACapstone_2025-11-30_16-18-29/attentions/attn_0030.json
"You are a sensor expert. Given the following situation:
Context: Voltage: 0.274199046 V, Height: 1 cm, Soil Type: Humid and Humus
KG context: YPG | CRREL | ROIs | Cold Regions Research and Engineering Laboratory | buried objects
Target: Land mine Mine Type: NA

Recommend the most appropriate type of sensor...

**Reasoning:**

The scenario describes the detection of a buried object (a land mine) using a voltage sensor. The key factors are:

*   **Voltage (0.274199046 V):** This is the primary data point. It indicates a change in electrical potential, likely due to the presence of the buried object affecting the surrounding soil's electrical properties.
*   **Height (1 cm):** Provides depth information, crucial for locating",/content/drive/MyDrive/CMDACapstone_2025-11-30_16-18-29/attentions/attn_0031.json
"You are a sensor expert. Given the following situation:
Context: Voltage: 0.34743163 V, Height: 0 cm, Soil Type: Dry and Limy
KG context: YPG | CRREL | ROIs | Cold Regions Research and Engineering Laboratory | buried objects
Target: Land mine Mine Type: NA

Recommend the most appropriate type of sensor...
A. Accelerometer
B. Thermocouple
C. Capacitive Soil Moisture Sensor
D. Infrared Camera

Explanation:
The target is a land mine, which is buried. The context provides information about voltage, height, and soil type. The KG context mentions buried objects, which is highly relevant. The primary goal is to detect a buried object, and the soil type is dry and limy.
Let's analyze each option:

*   **A. Accelerometer",/content/drive/MyDrive/CMDACapstone_2025-11-30_16-18-29/attentions/attn_0032.json
"You are a sensor expert. Given the following situation:
Context: Voltage: 0.341691591 V, Height: 0.181818182 cm, Soil Type: Dry and Limy
KG context: YPG | CRREL | ROIs | Cold Regions Research and Engineering Laboratory | buried objects
Target: Land mine Mine Type: NA

Recommend the most appropriate type of sensor...

**Recommendation:**

Given the context – a low voltage (0.341691591 V), a relatively small height measurement (0.181818182 cm), and a soil type identified as ""Dry and Limy"" – and the target of a buried land mine – the most appropriate sensor type is a **Ground Penetrating Radar (GPR)**.

**Reasoning:**

*   **Low Voltage & Small Height:** The",/content/drive/MyDrive/CMDACapstone_2025-11-30_16-18-29/attentions/attn_0033.json
"You are a sensor expert. Given the following situation:
Context: Voltage: 0.296072182 V, Height: 0.272727273 cm, Soil Type: Dry and Limy
KG context: YPG | CRREL | ROIs | Cold Regions Research and Engineering Laboratory | buried objects
Target: Land mine Mine Type: NA

Recommend the most appropriate type of sensor...

**Recommendation: Ground Penetrating Radar (GPR)**

**Rationale:**

Given the context, particularly the presence of buried objects (land mines) and the dry, limy soil conditions, Ground Penetrating Radar (GPR) is the most suitable sensor. Here’s a detailed breakdown of why:

*   **Buried Object Detection:** GPR excels at detecting buried objects, even at shallow depths (as indicated by the height measurement of 0.2727 cm",/content/drive/MyDrive/CMDACapstone_2025-11-30_16-18-29/attentions/attn_0034.json
"You are a sensor expert. Given the following situation:
Context: Voltage: 0.310398761 V, Height: 0.454545455 cm, Soil Type: Dry and Limy
KG context: YPG | CRREL | ROIs | Cold Regions Research and Engineering Laboratory | buried objects
Target: Land mine Mine Type: NA

Recommend the most appropriate type of sensor...

**Recommendation:**

Given the context of buried objects (land mines) and the provided sensor data, the most appropriate sensor type is a **Ground Penetrating Radar (GPR)**.

**Rationale:**

*   **Buried Objects:** Land mines are buried objects, making traditional detection methods (like metal detectors) unreliable. GPR excels at detecting objects buried beneath the surface.
*   **Low Voltage & Height:** The low voltage (0.31V) and height (",/content/drive/MyDrive/CMDACapstone_2025-11-30_16-18-29/attentions/attn_0035.json
"You are a sensor expert. Given the following situation:
Context: Voltage: 0.296072182 V, Height: 0.545454545 cm, Soil Type: Dry and Limy
KG context: YPG | CRREL | ROIs | Cold Regions Research and Engineering Laboratory | buried objects
Target: Land mine Mine Type: NA

Recommend the most appropriate type of sensor...
**Sensor Recommendation: Ground Penetrating Radar (GPR)**

**Rationale:**

*   **Target Characteristics:** The presence of a buried land mine (even with limited information like ""Mine Type: NA"") strongly suggests a need to detect objects beneath the surface.
*   **Soil Conditions:** Dry and limy soil is a common characteristic of cold regions and can sometimes be challenging for traditional metal detectors due to its conductivity. GPR is less affected by soil conductivity than metal detectors.",/content/drive/MyDrive/CMDACapstone_2025-11-30_16-18-29/attentions/attn_0036.json
"You are a sensor expert. Given the following situation:
Context: Voltage: 0.31743163 V, Height: 0.727272727 cm, Soil Type: Dry and Limy
KG context: YPG | CRREL | ROIs | Cold Regions Research and Engineering Laboratory | buried objects
Target: Land mine Mine Type: NA

Recommend the most appropriate type of sensor...

**Reasoning:**

The context provides several key pieces of information: a low voltage (0.31743163 V), a relatively small height measurement (0.727272727 cm), and a soil type described as ""Dry and Limy.""  The KG context mentioning ""buried objects"" and ""Land mine"" is critically important.  This strongly suggests the sensor is being used to detect buried objects, specifically land mines.

Given",/content/drive/MyDrive/CMDACapstone_2025-11-30_16-18-29/attentions/attn_0037.json
"You are a sensor expert. Given the following situation:
Context: Voltage: 0.329304766 V, Height: 0.818181818 cm, Soil Type: Dry and Limy
KG context: YPG | CRREL | ROIs | Cold Regions Research and Engineering Laboratory | buried objects
Target: Land mine Mine Type: NA

Recommend the most appropriate type of sensor...
**Recommendation: Ground Penetrating Radar (GPR)**

**Reasoning:**

Given the context – a potential landmine in a dry, limy soil environment with a low voltage reading (0.329304766 V) – and the KG context of buried objects, the most effective sensor is Ground Penetrating Radar (GPR). Here's a breakdown of why:

*   **Buried Object Detection:**  GPR is specifically designed to detect",/content/drive/MyDrive/CMDACapstone_2025-11-30_16-18-29/attentions/attn_0038.json
"You are a sensor expert. Given the following situation:
Context: Voltage: 0.308156758 V, Height: 1 cm, Soil Type: Dry and Limy
KG context: YPG | CRREL | ROIs | Cold Regions Research and Engineering Laboratory | buried objects
Target: Land mine Mine Type: NA

Recommend the most appropriate type of sensor...

**Recommendation:**

Based on the provided context and the target (land mine), the most appropriate sensor type is a **Ground Penetrating Radar (GPR)**.

**Reasoning:**

*   **Buried Objects:** The KG context explicitly points to the CRREL's expertise in detecting buried objects, which is precisely what a land mine represents.
*   **Low Voltage and Dry Soil:** A GPR is well-suited for detecting objects in relatively dry soils and at shallow",/content/drive/MyDrive/CMDACapstone_2025-11-30_16-18-29/attentions/attn_0039.json
"You are a sensor expert. Given the following situation:
Context: Voltage: 0.338368198 V, Height: 0 cm, Soil Type: Humid and Limy
KG context: YPG | CRREL | ROIs | Cold Regions Research and Engineering Laboratory | buried objects
Target: Land mine Mine Type: NA

Recommend the most appropriate type of sensor...
Sensor Type: Ground Penetrating Radar (GPR)
Rationale:
Given the context, specifically the presence of a buried object (land mine) and the soil type (humid and limy), a Ground Penetrating Radar (GPR) sensor is the most appropriate choice. Here's a breakdown of why:

*   **Buried Object Detection:** GPR excels at detecting buried objects by transmitting electromagnetic waves into the ground and analyzing the reflected signals. This is crucial for locating land",/content/drive/MyDrive/CMDACapstone_2025-11-30_16-18-29/attentions/attn_0040.json
"You are a sensor expert. Given the following situation:
Context: Voltage: 0.295014984 V, Height: 0.181818182 cm, Soil Type: Humid and Limy
KG context: YPG | CRREL | ROIs | Cold Regions Research and Engineering Laboratory | buried objects
Target: Land mine Mine Type: NA

Recommend the most appropriate type of sensor...
**Recommendation: Ground Penetrating Radar (GPR)**

**Rationale:**

Here's a detailed breakdown of why GPR is the most suitable sensor in this context, considering the provided information and the KG context (buried objects, particularly landmines):

1. **Target Identification (Landmine):**  The primary goal is to detect a buried landmine. Landmines are precisely what the KG context focuses on.  GPR is exceptionally good at locating buried objects, especially metallic ones",/content/drive/MyDrive/CMDACapstone_2025-11-30_16-18-29/attentions/attn_0041.json
"You are a sensor expert. Given the following situation:
Context: Voltage: 0.27199384 V, Height: 0.272727273 cm, Soil Type: Humid and Limy
KG context: YPG | CRREL | ROIs | Cold Regions Research and Engineering Laboratory | buried objects
Target: Land mine Mine Type: NA

Recommend the most appropriate type of sensor...
**Recommendation: Ground Penetrating Radar (GPR)**

**Rationale:**

Given the context - a potential land mine detection scenario, specifically focusing on buried objects, and the provided sensor data (voltage, height, soil type), GPR is the most suitable sensor type for the following reasons:

*   **Buried Object Detection:** GPR excels at detecting buried objects, which is precisely the target – a land mine. The height data (0.2727272",/content/drive/MyDrive/CMDACapstone_2025-11-30_16-18-29/attentions/attn_0042.json
"You are a sensor expert. Given the following situation:
Context: Voltage: 0.271903031 V, Height: 0.454545455 cm, Soil Type: Humid and Limy
KG context: YPG | CRREL | ROIs | Cold Regions Research and Engineering Laboratory | buried objects
Target: Land mine Mine Type: NA

Recommend the most appropriate type of sensor...
**Recommendation: Ground Penetrating Radar (GPR)**

**Rationale:**

*   **Target Identification:** The primary goal is to detect a buried land mine. GPR excels at identifying buried objects by analyzing the reflections of radar signals through the ground.
*   **Soil Type Consideration:** The ""Humid and Limy"" soil type is suitable for GPR.  Limous soils can sometimes attenuate radar signals, but GPR systems are designed to operate effectively in a range of soil",/content/drive/MyDrive/CMDACapstone_2025-11-30_16-18-29/attentions/attn_0043.json
"You are a sensor expert. Given the following situation:
Context: Voltage: 0.29220528 V, Height: 0.545454545 cm, Soil Type: Humid and Limy
KG context: YPG | CRREL | ROIs | Cold Regions Research and Engineering Laboratory | buried objects
Target: Land mine Mine Type: NA

Recommend the most appropriate type of sensor...
**Recommendation:**

Given the context, the most appropriate sensor type would be an **Ground Penetrating Radar (GPR)**.

**Reasoning:**

Here's a breakdown of why GPR is the best choice, considering the provided information and the target (land mine):

*   **Target Identification:** Land mines are often buried and their exact location is difficult to determine visually. GPR excels at detecting buried objects without excavation.
*   **Soil Conditions:** The “Hum",/content/drive/MyDrive/CMDACapstone_2025-11-30_16-18-29/attentions/attn_0044.json
"You are a sensor expert. Given the following situation:
Context: Voltage: 0.285347054 V, Height: 0.727272727 cm, Soil Type: Humid and Limy
KG context: YPG | CRREL | ROIs | Cold Regions Research and Engineering Laboratory | buried objects
Target: Land mine Mine Type: NA

Recommend the most appropriate type of sensor...
**Recommendation: Ground Penetrating Radar (GPR)**

**Rationale:**

*   **Target Identification:** The target is a buried land mine. GPR excels at detecting buried objects, even those below the surface.
*   **Soil Conditions:** The soil type (Humid and Limy) is a common scenario for GPR.  It can be affected by moisture, which can sometimes distort the radar signal, but GPR is generally robust enough to handle these conditions.
*",/content/drive/MyDrive/CMDACapstone_2025-11-30_16-18-29/attentions/attn_0045.json
"You are a sensor expert. Given the following situation:
Context: Voltage: 0.30211447 V, Height: 0.909090909 cm, Soil Type: Humid and Limy
KG context: YPG | CRREL | ROIs | Cold Regions Research and Engineering Laboratory | buried objects
Target: Land mine Mine Type: NA

Recommend the most appropriate type of sensor...

**Recommendation: Ground Penetrating Radar (GPR)**

**Reasoning:**

Given the context – a potential land mine detection scenario, specifically within a cold region (as indicated by the KG context – CRREL), and with limited initial data (voltage, height, soil type), a Ground Penetrating Radar (GPR) is the most suitable sensor type. Here's a breakdown of why:

*   **Buried Object Detection:** The primary goal is to detect a buried object",/content/drive/MyDrive/CMDACapstone_2025-11-30_16-18-29/attentions/attn_0046.json
"You are a sensor expert. Given the following situation:
Context: Voltage: 0.999998728 V, Height: 0 cm, Soil Type: Dry and Sandy
KG context: YPG | CRREL | ROIs | Cold Regions Research and Engineering Laboratory | buried objects
Target: Land mine Mine Type: Anti-Tank

Recommend the most appropriate type of sensor...
**Recommendation: Ground Penetrating Radar (GPR)**

**Rationale:**

*   **Target Characteristics:** We are looking for a buried anti-tank land mine. Land mines are often buried relatively shallowly (even just centimeters deep) and are metallic.
*   **Environmental Conditions:** The dry and sandy soil presents a challenge for some sensors. High conductivity can attenuate electromagnetic signals, but GPR can still be effective with proper technique.
*   **KG Context - CRREL Expertise",/content/drive/MyDrive/CMDACapstone_2025-11-30_16-18-29/attentions/attn_0047.json
"You are a sensor expert. Given the following situation:
Context: Voltage: 0.999998728 V, Height: 0.090909091 cm, Soil Type: Dry and Sandy
KG context: YPG | CRREL | ROIs | Cold Regions Research and Engineering Laboratory | buried objects
Target: Land mine Mine Type: Anti-Tank

Recommend the most appropriate type of sensor...
**Recommendation: Ground Penetrating Radar (GPR)**

**Reasoning:**

Here's a detailed breakdown of why GPR is the most suitable sensor in this scenario, considering the context and KG information:

*   **Target Identification:** The target is a buried land mine (specifically an Anti-Tank mine).  Land mines are often buried just beneath the surface and are difficult to detect with conventional methods.
*   **Low Voltage & Height:** The extremely low voltage (0",/content/drive/MyDrive/CMDACapstone_2025-11-30_16-18-29/attentions/attn_0048.json
"You are a sensor expert. Given the following situation:
Context: Voltage: 0.999998728 V, Height: 0.272727273 cm, Soil Type: Dry and Sandy
KG context: YPG | CRREL | ROIs | Cold Regions Research and Engineering Laboratory | buried objects
Target: Land mine Mine Type: Anti-Tank

Recommend the most appropriate type of sensor...

**Recommendation:**

Given the context – a low voltage reading (0.999998728 V), a relatively small height measurement (0.272727273 cm), and a dry, sandy soil type – and the target being a buried anti-tank land mine, I recommend using **Ground Penetrating Radar (GPR)** sensors.

**Rationale:**

Here's a breakdown of why GPR is the most suitable choice,",/content/drive/MyDrive/CMDACapstone_2025-11-30_16-18-29/attentions/attn_0049.json
"You are a sensor expert. Given the following situation:
Context: Voltage: 0.906343265 V, Height: 0.363636364 cm, Soil Type: Dry and Sandy
KG context: YPG | CRREL | ROIs | Cold Regions Research and Engineering Laboratory | buried objects
Target: Land mine Mine Type: Anti-Tank

Recommend the most appropriate type of sensor...
**Recommendation: Ground Penetrating Radar (GPR)**

**Rationale:**

*   **Contextual Clues:** The combination of a low voltage (suggesting a potential lack of electrical activity due to depth or interference), a relatively shallow depth (0.36 cm), and a dry, sandy soil type strongly points to a buried object.  The KG context of ""buried objects"" and ""land mines"" further reinforces this.
*   **GPR's Strength:** G",/content/drive/MyDrive/CMDACapstone_2025-11-30_16-18-29/attentions/attn_0050.json
"You are a sensor expert. Given the following situation:
Context: Voltage: 0.658609459 V, Height: 0.545454545 cm, Soil Type: Dry and Sandy
KG context: YPG | CRREL | ROIs | Cold Regions Research and Engineering Laboratory | buried objects
Target: Land mine Mine Type: Anti-Tank

Recommend the most appropriate type of sensor...

**Recommendation: Ground Penetrating Radar (GPR)**

**Reasoning:**

Here's a detailed breakdown of why GPR is the most suitable sensor in this scenario, considering the context and KG context:

1.  **Target Identification (Land Mine):** Land mines, particularly anti-tank mines, are often buried just beneath the surface. They are metallic objects, but their size, shape, and orientation can be difficult to determine visually. GPR excels at detecting buried metallic",/content/drive/MyDrive/CMDACapstone_2025-11-30_16-18-29/attentions/attn_0051.json
"You are a sensor expert. Given the following situation:
Context: Voltage: 0.610271155 V, Height: 0.636363636 cm, Soil Type: Dry and Sandy
KG context: YPG | CRREL | ROIs | Cold Regions Research and Engineering Laboratory | buried objects
Target: Land mine Mine Type: Anti-Tank

Recommend the most appropriate type of sensor...
**Recommendation: Ground Penetrating Radar (GPR)**

**Rationale:**

Here's a detailed breakdown of why GPR is the best sensor choice given the context and target:

*   **Target Characteristics:** We're dealing with a buried anti-tank land mine. These mines are typically buried relatively shallowly (often less than 15 cm, and given the height of 0.636 cm, this is very close to the surface).  They're",/content/drive/MyDrive/CMDACapstone_2025-11-30_16-18-29/attentions/attn_0052.json
"You are a sensor expert. Given the following situation:
Context: Voltage: 0.453171669 V, Height: 0.818181818 cm, Soil Type: Dry and Sandy
KG context: YPG | CRREL | ROIs | Cold Regions Research and Engineering Laboratory | buried objects
Target: Land mine Mine Type: Anti-Tank

Recommend the most appropriate type of sensor...
**Recommendation:**

Given the context – a low voltage reading (0.453V), a relatively small height measurement (0.818 cm), a dry and sandy soil type, and the target being a buried anti-tank land mine – the most appropriate sensor type would be a **Ground Penetrating Radar (GPR)**.

**Rationale:**

Here's a breakdown of why GPR is the best choice and why other sensor types are less suitable:

*",/content/drive/MyDrive/CMDACapstone_2025-11-30_16-18-29/attentions/attn_0053.json
"You are a sensor expert. Given the following situation:
Context: Voltage: 0.442446541 V, Height: 0.909090909 cm, Soil Type: Dry and Sandy
KG context: YPG | CRREL | ROIs | Cold Regions Research and Engineering Laboratory | buried objects
Target: Land mine Mine Type: Anti-Tank

Recommend the most appropriate type of sensor...

**Recommendation:**

Based on the provided data and the target (land mine - Anti-Tank), I recommend using **Ground Penetrating Radar (GPR)** as the most appropriate sensor.

**Rationale:**

*   **Buried Objects Detection:** GPR is specifically designed to detect buried objects, including landmines, by transmitting radar pulses into the ground and analyzing the reflected signals. This is critical for locating the target.
*   **Soil Type Consideration:**  The ""Dry and",/content/drive/MyDrive/CMDACapstone_2025-11-30_16-18-29/attentions/attn_0054.json
"You are a sensor expert. Given the following situation:
Context: Voltage: 0.999998728 V, Height: 0 cm, Soil Type: Humid and Sandy
KG context: YPG | CRREL | ROIs | Cold Regions Research and Engineering Laboratory | buried objects
Target: Land mine Mine Type: Anti-Tank

Recommend the most appropriate type of sensor...

**Recommendation:**

Given the context and target, the most appropriate sensor type is a **Ground Penetrating Radar (GPR)**.

**Reasoning:**

Here's a breakdown of why GPR is the best choice and why other sensor types are less suitable:

*   **Target Characteristics:**  We're looking for a buried anti-tank land mine. These mines are typically buried at shallow depths (centimeters to a few feet) and their metallic components (often shaped",/content/drive/MyDrive/CMDACapstone_2025-11-30_16-18-29/attentions/attn_0055.json
"You are a sensor expert. Given the following situation:
Context: Voltage: 0.999998728 V, Height: 0.090909091 cm, Soil Type: Humid and Sandy
KG context: YPG | CRREL | ROIs | Cold Regions Research and Engineering Laboratory | buried objects
Target: Land mine Mine Type: Anti-Tank

Recommend the most appropriate type of sensor...

**Recommendation: Ground Penetrating Radar (GPR)**

**Rationale:**

*   **Target Characteristics:** We're dealing with a buried anti-tank land mine, which is typically concealed beneath the surface. The provided height of 0.09 cm suggests a shallow burial, making it difficult to detect with simple voltage or soil type sensors.
*   **Soil Type:** The ""Humid and Sandy"" soil type presents a challenge. High moisture content can attenuate radar signals,",/content/drive/MyDrive/CMDACapstone_2025-11-30_16-18-29/attentions/attn_0056.json
"You are a sensor expert. Given the following situation:
Context: Voltage: 0.975829576 V, Height: 0.272727273 cm, Soil Type: Humid and Sandy
KG context: YPG | CRREL | ROIs | Cold Regions Research and Engineering Laboratory | buried objects
Target: Land mine Mine Type: Anti-Tank

Recommend the most appropriate type of sensor...
**Recommendation: Ground Penetrating Radar (GPR)**

**Rationale:**

*   **Target Characteristics:** We are searching for a buried anti-tank land mine. This means the mine is concealed beneath the soil surface.
*   **Contextual Data:**
    *   **Voltage (0.975829576 V):** While voltage can indicate some electrical activity, it's not a reliable primary indicator for landmine detection.
    *",/content/drive/MyDrive/CMDACapstone_2025-11-30_16-18-29/attentions/attn_0057.json
"You are a sensor expert. Given the following situation:
Context: Voltage: 0.815708945 V, Height: 0.363636364 cm, Soil Type: Humid and Sandy
KG context: YPG | CRREL | ROIs | Cold Regions Research and Engineering Laboratory | buried objects
Target: Land mine Mine Type: Anti-Tank

Recommend the most appropriate type of sensor...

**Recommendation:**

Based on the provided data and the target (land mine - Anti-Tank), the most appropriate sensor type is a **Ground Penetrating Radar (GPR)**.

**Reasoning:**

*   **Target Characteristics:** Land mines, particularly anti-tank mines, are often buried at shallow depths (as indicated by the height reading of 0.363636364 cm). They are also typically non-metallic, making traditional metal detectors ineffective",/content/drive/MyDrive/CMDACapstone_2025-11-30_16-18-29/attentions/attn_0058.json
"You are a sensor expert. Given the following situation:
Context: Voltage: 0.655588315 V, Height: 0.545454545 cm, Soil Type: Humid and Sandy
KG context: YPG | CRREL | ROIs | Cold Regions Research and Engineering Laboratory | buried objects
Target: Land mine Mine Type: Anti-Tank

Recommend the most appropriate type of sensor...

**Rationale:**

The context provides information relevant to detecting buried objects, specifically landmines. The combination of voltage, height, and soil type suggests a buried object is present.  The KG context points towards the expertise of CRREL (Cold Regions Research and Engineering Laboratory), which specializes in detecting buried objects, particularly landmines in cold and challenging environments.

Considering this, the best sensor type would be a **Ground Penetrating Radar (GPR)**.

**Explanation:**

*   **",/content/drive/MyDrive/CMDACapstone_2025-11-30_16-18-29/attentions/attn_0059.json
"You are a sensor expert. Given the following situation:
Context: Voltage: 0.628398019 V, Height: 0.636363636 cm, Soil Type: Humid and Sandy
KG context: YPG | CRREL | ROIs | Cold Regions Research and Engineering Laboratory | buried objects
Target: Land mine Mine Type: Anti-Tank

Recommend the most appropriate type of sensor...
Rationale:
The context provides information about voltage, height, and soil type. The KG context suggests that the buried objects are likely to be related to cold regions research and engineering, which often involves detecting buried landmines. The target is a land mine, specifically an anti-tank mine. Considering the need to detect buried objects in cold regions, a Ground Penetrating Radar (GPR) sensor is the most suitable option. GPR can effectively penetrate the soil to detect changes in dielectric properties caused",/content/drive/MyDrive/CMDACapstone_2025-11-30_16-18-29/attentions/attn_0060.json
"You are a sensor expert. Given the following situation:
Context: Voltage: 0.504531116 V, Height: 0.818181818 cm, Soil Type: Humid and Sandy
KG context: YPG | CRREL | ROIs | Cold Regions Research and Engineering Laboratory | buried objects
Target: Land mine Mine Type: Anti-Tank

Recommend the most appropriate type of sensor...

**Recommendation:**

Given the context – a buried anti-tank land mine in a humid and sandy soil environment – the most appropriate sensor type is a **Ground Penetrating Radar (GPR)**.

**Rationale:**

*   **Buried Objects:** GPR excels at detecting buried objects, particularly metallic ones, which is crucial for locating landmines.
*   **Soil Type:** Humid and sandy soil can attenuate electromagnetic waves, but GPR systems are designed to operate effectively in",/content/drive/MyDrive/CMDACapstone_2025-11-30_16-18-29/attentions/attn_0061.json
"You are a sensor expert. Given the following situation:
Context: Voltage: 0.474319677 V, Height: 0.909090909 cm, Soil Type: Humid and Sandy
KG context: YPG | CRREL | ROIs | Cold Regions Research and Engineering Laboratory | buried objects
Target: Land mine Mine Type: Anti-Tank

Recommend the most appropriate type of sensor...
**Recommendation:**

Given the context of a potential land mine detection in a humid and sandy soil environment, combined with a relatively low voltage reading (0.474319677 V) and a modest height measurement (0.909090909 cm), the most appropriate sensor type would be a **Ground Penetrating Radar (GPR)**.

**Rationale:**

Here's a breakdown of why GPR is the best choice and why",/content/drive/MyDrive/CMDACapstone_2025-11-30_16-18-29/attentions/attn_0062.json
"You are a sensor expert. Given the following situation:
Context: Voltage: 0.719032338 V, Height: 0 cm, Soil Type: Dry and Humus
KG context: YPG | CRREL | ROIs | Cold Regions Research and Engineering Laboratory | buried objects
Target: Land mine Mine Type: Anti-Tank

Recommend the most appropriate type of sensor...

**Reasoning:**

The context strongly suggests the presence of a buried land mine. The ""KG context"" indicates a focus on buried objects in cold regions, which aligns with the need to detect hidden threats.  The soil type (""Dry and Humus"") is a critical factor. Dry humus soil can be challenging for some detection methods, as it can create interference and affect signal propagation. The low voltage (0.719 V) is also important. This voltage reading could be a",/content/drive/MyDrive/CMDACapstone_2025-11-30_16-18-29/attentions/attn_0063.json
"You are a sensor expert. Given the following situation:
Context: Voltage: 0.622355731 V, Height: 0.090909091 cm, Soil Type: Dry and Humus
KG context: YPG | CRREL | ROIs | Cold Regions Research and Engineering Laboratory | buried objects
Target: Land mine Mine Type: Anti-Tank

Recommend the most appropriate type of sensor...
**Recommendation:**

Given the context – a low voltage reading (0.622355731 V), a small height measurement (0.090909091 cm), and a soil type of ""Dry and Humus"" – coupled with the target identified as a land mine (specifically an Anti-Tank mine), the most appropriate sensor type is a **Ground Penetrating Radar (GPR)**.

**Rationale:**

Here's a",/content/drive/MyDrive/CMDACapstone_2025-11-30_16-18-29/attentions/attn_0064.json
"You are a sensor expert. Given the following situation:
Context: Voltage: 0.531721412 V, Height: 0.272727273 cm, Soil Type: Dry and Humus
KG context: YPG | CRREL | ROIs | Cold Regions Research and Engineering Laboratory | buried objects
Target: Land mine Mine Type: Anti-Tank

Recommend the most appropriate type of sensor...

**Recommendation:**

Given the context – a voltage of 0.531721412 V, a relatively low height of 0.272727273 cm, a dry and humus soil type, and the target being a buried anti-tank land mine – the most appropriate sensor type is a **Ground Penetrating Radar (GPR)**.

**Reasoning:**

Here's a breakdown of why GPR is the best choice",/content/drive/MyDrive/CMDACapstone_2025-11-30_16-18-29/attentions/attn_0065.json
"You are a sensor expert. Given the following situation:
Context: Voltage: 0.504531116 V, Height: 0.363636364 cm, Soil Type: Dry and Humus
KG context: YPG | CRREL | ROIs | Cold Regions Research and Engineering Laboratory | buried objects
Target: Land mine Mine Type: Anti-Tank

Recommend the most appropriate type of sensor...

**Recommendation: Ground Penetrating Radar (GPR)**

**Rationale:**

*   **Target Characteristics:** The target is a buried anti-tank land mine. This indicates a need to detect objects hidden beneath the surface.
*   **Environmental Factors:** The soil type is ""Dry and Humus,"" which can attenuate electromagnetic waves, but GPR is relatively robust to these conditions. The voltage reading (0.504531116 V) doesn't provide",/content/drive/MyDrive/CMDACapstone_2025-11-30_16-18-29/attentions/attn_0066.json
"You are a sensor expert. Given the following situation:
Context: Voltage: 0.438065949 V, Height: 0.545454545 cm, Soil Type: Dry and Humus
KG context: YPG | CRREL | ROIs | Cold Regions Research and Engineering Laboratory | buried objects
Target: Land mine Mine Type: Anti-Tank

Recommend the most appropriate type of sensor...

**Recommendation:**

Based on the provided context and the target (Land mine - Anti-Tank), the most appropriate sensor type is a **Ground Penetrating Radar (GPR)**.

**Reasoning:**

*   **Target Location:** The target is a buried object (land mine). GPR excels at detecting buried objects without excavation.
*   **Soil Type:** The soil is ""Dry and Humus."" Humus can attenuate electromagnetic waves, but GPR is generally robust enough",/content/drive/MyDrive/CMDACapstone_2025-11-30_16-18-29/attentions/attn_0067.json
"You are a sensor expert. Given the following situation:
Context: Voltage: 0.398791077 V, Height: 0.636363636 cm, Soil Type: Dry and Humus
KG context: YPG | CRREL | ROIs | Cold Regions Research and Engineering Laboratory | buried objects
Target: Land mine Mine Type: Anti-Tank

Recommend the most appropriate type of sensor...
**Recommendation: Ground Penetrating Radar (GPR)**

**Rationale:**

*   **Target Characteristics:** The target is a buried anti-tank land mine. This indicates a need to detect objects beneath the surface of the soil.
*   **Soil Conditions:** The soil is ""Dry and Humus."" Humus can attenuate radar signals, but GPR is still the most effective method for detecting buried objects in this type of soil. The dryness will reduce signal scattering and improve penetration depth",/content/drive/MyDrive/CMDACapstone_2025-11-30_16-18-29/attentions/attn_0068.json
"You are a sensor expert. Given the following situation:
Context: Voltage: 0.36253735 V, Height: 0.818181818 cm, Soil Type: Dry and Humus
KG context: YPG | CRREL | ROIs | Cold Regions Research and Engineering Laboratory | buried objects
Target: Land mine Mine Type: Anti-Tank

Recommend the most appropriate type of sensor...

**Recommendation:**

Given the context – a voltage of 0.36253735 V, a height of 0.818181818 cm, a soil type of ""Dry and Humus,"" and the target being a buried land mine (specifically, an anti-tank mine) – the most appropriate sensor type is a **Ground Penetrating Radar (GPR)**.

**Rationale:**

Here's a breakdown of why G",/content/drive/MyDrive/CMDACapstone_2025-11-30_16-18-29/attentions/attn_0069.json
"You are a sensor expert. Given the following situation:
Context: Voltage: 0.999998728 V, Height: 0 cm, Soil Type: Humid and Humus
KG context: YPG | CRREL | ROIs | Cold Regions Research and Engineering Laboratory | buried objects
Target: Land mine Mine Type: Anti-Tank

Recommend the most appropriate type of sensor...

**Recommendation: Ground Penetrating Radar (GPR)**

**Reasoning:**

Here's a breakdown of why GPR is the most suitable sensor in this scenario, considering the context and KG information:

*   **Target Identification:** The target is a buried land mine (specifically an Anti-Tank mine).  Land mines are often buried just below the surface, and their presence is often difficult to detect visually or through simple soil measurements.
*   **Soil Type:** The """,/content/drive/MyDrive/CMDACapstone_2025-11-30_16-18-29/attentions/attn_0070.json
"You are a sensor expert. Given the following situation:
Context: Voltage: 0.912385552 V, Height: 0.181818182 cm, Soil Type: Humid and Humus
KG context: YPG | CRREL | ROIs | Cold Regions Research and Engineering Laboratory | buried objects
Target: Land mine Mine Type: Anti-Tank

Recommend the most appropriate type of sensor...
**Recommendation: Ground Penetrating Radar (GPR)**

**Rationale:**

Here's a detailed breakdown of why GPR is the most suitable sensor for this scenario, considering the context and KG context:

1. **Target Identification (Land Mine):** Land mines, particularly anti-tank mines, are often buried at shallow depths.  GPR excels at detecting buried objects by emitting radio waves into the ground and analyzing the reflected signals. The reflected signals provide information about the subsurface structure",/content/drive/MyDrive/CMDACapstone_2025-11-30_16-18-29/attentions/attn_0071.json
"You are a sensor expert. Given the following situation:
Context: Voltage: 0.957702712 V, Height: 0.272727273 cm, Soil Type: Humid and Humus
KG context: YPG | CRREL | ROIs | Cold Regions Research and Engineering Laboratory | buried objects
Target: Land mine Mine Type: Anti-Tank

Recommend the most appropriate type of sensor...
**Recommendation: Ground Penetrating Radar (GPR)**

**Rationale:**

*   **Target Characteristics:** The target is a buried anti-tank land mine. This means the mine is concealed beneath the soil surface.
*   **Environmental Conditions:** The soil is described as ""Humid and Humus,"" which can attenuate electromagnetic signals, but GPR is robust enough to handle these conditions. The low voltage reading (0.957702712 V) suggests",/content/drive/MyDrive/CMDACapstone_2025-11-30_16-18-29/attentions/attn_0072.json
"You are a sensor expert. Given the following situation:
Context: Voltage: 0.75830721 V, Height: 0.454545455 cm, Soil Type: Humid and Humus
KG context: YPG | CRREL | ROIs | Cold Regions Research and Engineering Laboratory | buried objects
Target: Land mine Mine Type: Anti-Tank

Recommend the most appropriate type of sensor...

**Recommendation: Ground Penetrating Radar (GPR)**

**Reasoning:**

Here's a breakdown of why GPR is the most suitable sensor in this scenario, considering the context, KG context, and target:

1.  **Target Identification (Land Mine - Anti-Tank):** Land mines, particularly anti-tank mines, are often buried shallowly and their metallic components can be difficult to detect with traditional methods. GPR excels at penetrating the soil to identify buried metallic",/content/drive/MyDrive/CMDACapstone_2025-11-30_16-18-29/attentions/attn_0073.json
"You are a sensor expert. Given the following situation:
Context: Voltage: 0.734138058 V, Height: 0.545454545 cm, Soil Type: Humid and Humus
KG context: YPG | CRREL | ROIs | Cold Regions Research and Engineering Laboratory | buried objects
Target: Land mine Mine Type: Anti-Tank

Recommend the most appropriate type of sensor...

**Recommendation: Ground Penetrating Radar (GPR)**

**Rationale:**

1.  **Target Characteristics:** The target is a buried land mine, specifically an anti-tank mine. This means it's hidden beneath the soil surface.
2.  **Environmental Conditions:** The soil type is described as ""Humid and Humus."" This is a challenging environment for many sensors due to the potential for signal scattering and attenuation, particularly for electromagnetic sensors.
3.  **Sensor",/content/drive/MyDrive/CMDACapstone_2025-11-30_16-18-29/attentions/attn_0074.json
"You are a sensor expert. Given the following situation:
Context: Voltage: 0.495256245 V, Height: 0.727272727 cm, Soil Type: Humid and Humus
KG context: YPG | CRREL | ROIs | Cold Regions Research and Engineering Laboratory | buried objects
Target: Land mine Mine Type: Anti-Tank

Recommend the most appropriate type of sensor...

**Recommendation: Ground Penetrating Radar (GPR)**

**Rationale:**

Here's a breakdown of why GPR is the most suitable sensor in this scenario, considering the context and KG context:

*   **Target Identification (Land Mine):** Land mines, especially anti-tank mines, are often buried partially or completely. GPR excels at detecting buried objects by transmitting radar pulses into the ground and analyzing the reflected signals. The presence of a metallic object (the mine) will",/content/drive/MyDrive/CMDACapstone_2025-11-30_16-18-29/attentions/attn_0075.json
"You are a sensor expert. Given the following situation:
Context: Voltage: 0.468277389 V, Height: 0.818181818 cm, Soil Type: Humid and Humus
KG context: YPG | CRREL | ROIs | Cold Regions Research and Engineering Laboratory | buried objects
Target: Land mine Mine Type: Anti-Tank

Recommend the most appropriate type of sensor...
**Recommendation: Ground Penetrating Radar (GPR)**

**Rationale:**

Here's a detailed breakdown of why GPR is the most suitable sensor for this specific scenario, considering the context and KG information:

1.  **Target Identification (Land Mine):** Land mines, particularly anti-tank mines, are often buried at shallow depths and their shape can be irregular.  Visual inspection alone is unlikely to detect them.

2.  **Contextual Clues:**",/content/drive/MyDrive/CMDACapstone_2025-11-30_16-18-29/attentions/attn_0076.json
"You are a sensor expert. Given the following situation:
Context: Voltage: 0.467340821 V, Height: 1 cm, Soil Type: Humid and Humus
KG context: YPG | CRREL | ROIs | Cold Regions Research and Engineering Laboratory | buried objects
Target: Land mine Mine Type: Anti-Tank

Recommend the most appropriate type of sensor...

**Recommendation: Ground Penetrating Radar (GPR)**

**Reasoning:**

Here's a detailed breakdown of why GPR is the most suitable sensor in this scenario, considering the context and KG context:

*   **Target Characteristics:** We are looking for a buried anti-tank land mine. These mines are often buried just beneath the surface, and their shape and composition can be difficult to discern visually or through simple electrical measurements.
*   **Environmental Conditions:**
    *",/content/drive/MyDrive/CMDACapstone_2025-11-30_16-18-29/attentions/attn_0077.json
"You are a sensor expert. Given the following situation:
Context: Voltage: 0.999998728 V, Height: 0 cm, Soil Type: Dry and Limy
KG context: YPG | CRREL | ROIs | Cold Regions Research and Engineering Laboratory | buried objects
Target: Land mine Mine Type: Anti-Tank

Recommend the most appropriate type of sensor...
**Recommendation: Ground Penetrating Radar (GPR)**

**Rationale:**

*   **Target Characteristics:** We are dealing with a buried anti-tank landmine. This means the target is hidden beneath the surface, requiring a non-destructive method to detect it.
*   **Soil Conditions:** The dry and limy soil is a significant factor. Dry soil generally provides better GPR performance than wet or muddy soil. Lime can slightly affect GPR signal propagation, but it's",/content/drive/MyDrive/CMDACapstone_2025-11-30_16-18-29/attentions/attn_0078.json
"You are a sensor expert. Given the following situation:
Context: Voltage: 0.999998728 V, Height: 0.181818182 cm, Soil Type: Dry and Limy
KG context: YPG | CRREL | ROIs | Cold Regions Research and Engineering Laboratory | buried objects
Target: Land mine Mine Type: Anti-Tank

Recommend the most appropriate type of sensor...

**Recommendation:**

Based on the provided context and the target (land mine – specifically an Anti-Tank mine), the most appropriate sensor type is a **Ground Penetrating Radar (GPR)**.

**Rationale:**

Here's a breakdown of why GPR is the best choice, and why other sensor types are less suitable:

*   **Buried Objects & Depth:** The target is a buried object, and the height reading (0.1818181",/content/drive/MyDrive/CMDACapstone_2025-11-30_16-18-29/attentions/attn_0079.json
"You are a sensor expert. Given the following situation:
Context: Voltage: 0.999998728 V, Height: 0.272727273 cm, Soil Type: Dry and Limy
KG context: YPG | CRREL | ROIs | Cold Regions Research and Engineering Laboratory | buried objects
Target: Land mine Mine Type: Anti-Tank

Recommend the most appropriate type of sensor...

**Recommendation: Ground Penetrating Radar (GPR)**

**Rationale:**

*   **Target Characteristics:** The target is a buried anti-tank land mine. This implies a metallic component, which GPR is exceptionally good at detecting. Even with a small amount of cover (soil), GPR can penetrate and create an image of the buried object.
*   **Soil Conditions:** The soil is described as ""Dry and Limy."" While dry soil can sometimes be problematic for GPR",/content/drive/MyDrive/CMDACapstone_2025-11-30_16-18-29/attentions/attn_0080.json
"You are a sensor expert. Given the following situation:
Context: Voltage: 0.999998728 V, Height: 0.454545455 cm, Soil Type: Dry and Limy
KG context: YPG | CRREL | ROIs | Cold Regions Research and Engineering Laboratory | buried objects
Target: Land mine Mine Type: Anti-Tank

Recommend the most appropriate type of sensor...

**Recommendation: Ground Penetrating Radar (GPR)**

**Rationale:**

*   **Target Characteristics:** The target is a buried anti-tank land mine. This means it's located beneath the soil surface.
*   **Environmental Factors:** The soil type is ""Dry and Limy,"" which can be challenging for some sensor types. Dry soil can attenuate electromagnetic waves, and limy soil can have high electrical conductivity, potentially interfering with readings. However, GPR is relatively robust",/content/drive/MyDrive/CMDACapstone_2025-11-30_16-18-29/attentions/attn_0081.json
"You are a sensor expert. Given the following situation:
Context: Voltage: 0.999998728 V, Height: 0.545454545 cm, Soil Type: Dry and Limy
KG context: YPG | CRREL | ROIs | Cold Regions Research and Engineering Laboratory | buried objects
Target: Land mine Mine Type: Anti-Tank

Recommend the most appropriate type of sensor...
**Recommendation: Ground Penetrating Radar (GPR)**

**Rationale:**

*   **Target Characteristics:** We're dealing with a buried anti-tank land mine. These mines are often buried at shallow depths (as indicated by the height measurement of 0.545454545 cm) and can be partially obscured by the soil.
*   **Soil Conditions:** The soil is described as ""Dry and Limy."" Dry soil can sometimes attenuate radar signals",/content/drive/MyDrive/CMDACapstone_2025-11-30_16-18-29/attentions/attn_0082.json
"You are a sensor expert. Given the following situation:
Context: Voltage: 0.854983817 V, Height: 0.727272727 cm, Soil Type: Dry and Limy
KG context: YPG | CRREL | ROIs | Cold Regions Research and Engineering Laboratory | buried objects
Target: Land mine Mine Type: Anti-Tank

Recommend the most appropriate type of sensor...

**Recommendation:**

Based on the provided data and the target of detecting a buried anti-tank land mine, I recommend utilizing a **Ground Penetrating Radar (GPR)** sensor. Here's a detailed rationale:

**Reasoning:**

*   **Buried Object Detection:** GPR is specifically designed to detect buried objects by transmitting electromagnetic pulses into the ground and analyzing the reflected signals.  This is crucial for locating land mines, which are often buried beneath the surface.
*",/content/drive/MyDrive/CMDACapstone_2025-11-30_16-18-29/attentions/attn_0083.json
"You are a sensor expert. Given the following situation:
Context: Voltage: 0.628398019 V, Height: 0.818181818 cm, Soil Type: Dry and Limy
KG context: YPG | CRREL | ROIs | Cold Regions Research and Engineering Laboratory | buried objects
Target: Land mine Mine Type: Anti-Tank

Recommend the most appropriate type of sensor...
**Recommendation: Ground Penetrating Radar (GPR)**

**Rationale:**

*   **Target Type:** The target is a buried land mine (specifically an anti-tank mine). This means we need to detect objects beneath the surface.
*   **Context:** The soil type is ""Dry and Limy."" While this can affect other sensor performance, it doesn't significantly hinder GPR's effectiveness. GPR works well in a variety of soil types, including dry and rocky",/content/drive/MyDrive/CMDACapstone_2025-11-30_16-18-29/attentions/attn_0084.json
"You are a sensor expert. Given the following situation:
Context: Voltage: 0.549848276 V, Height: 1 cm, Soil Type: Dry and Limy
KG context: YPG | CRREL | ROIs | Cold Regions Research and Engineering Laboratory | buried objects
Target: Land mine Mine Type: Anti-Tank

Recommend the most appropriate type of sensor...

**Recommendation: Ground Penetrating Radar (GPR)**

**Rationale:**

1.  **Target Characteristics:** The target is a buried land mine (Anti-Tank type). This means it's located beneath the soil surface, making it difficult to detect with traditional methods like metal detectors alone.
2.  **Soil Conditions:** The soil is described as ""Dry and Limy.""  This type of soil can attenuate electromagnetic waves, but GPR is robust enough to operate effectively in",/content/drive/MyDrive/CMDACapstone_2025-11-30_16-18-29/attentions/attn_0085.json
"You are a sensor expert. Given the following situation:
Context: Voltage: 0.999998728 V, Height: 0 cm, Soil Type: Humid and Limy
KG context: YPG | CRREL | ROIs | Cold Regions Research and Engineering Laboratory | buried objects
Target: Land mine Mine Type: Anti-Tank

Recommend the most appropriate type of sensor...

**Recommendation: Ground Penetrating Radar (GPR)**

**Rationale:**

*   **Target Characteristics:** We're dealing with a buried land mine, specifically an anti-tank type. These mines are often buried shallowly and can be partially concealed by soil.
*   **Contextual Information:** The soil is described as ""Humid and Limy"". This is important because it affects the propagation of electromagnetic waves, which GPR relies on.  Humid soil can attenuate the",/content/drive/MyDrive/CMDACapstone_2025-11-30_16-18-29/attentions/attn_0086.json
"You are a sensor expert. Given the following situation:
Context: Voltage: 0.891237545 V, Height: 0.181818182 cm, Soil Type: Humid and Limy
KG context: YPG | CRREL | ROIs | Cold Regions Research and Engineering Laboratory | buried objects
Target: Land mine Mine Type: Anti-Tank

Recommend the most appropriate type of sensor...

**Rationale:**

The provided context strongly suggests a scenario involving buried objects, specifically a land mine. The ""KG context"" referencing the CRREL and ROIs indicates this is likely a cold region research application, which often involves detecting buried hazards. The combination of voltage, height, and soil type provides valuable data for sensor selection.

Here's a breakdown of why each sensor type is considered and why the recommendation is made:

*   **Ground Penetrating Radar (GPR):**",/content/drive/MyDrive/CMDACapstone_2025-11-30_16-18-29/attentions/attn_0087.json
"You are a sensor expert. Given the following situation:
Context: Voltage: 0.999998728 V, Height: 0.272727273 cm, Soil Type: Humid and Limy
KG context: YPG | CRREL | ROIs | Cold Regions Research and Engineering Laboratory | buried objects
Target: Land mine Mine Type: Anti-Tank

Recommend the most appropriate type of sensor...

**Recommendation: Ground Penetrating Radar (GPR)**

**Rationale:**

Here's a breakdown of why GPR is the most suitable sensor, considering the context and target:

1.  **Target Identification (Land Mine):** Land mines, particularly anti-tank mines, are often buried and their location is difficult to determine visually. GPR excels at detecting buried objects and changes in subsurface materials.

2.  **Subsurface Information:** The ""Humid and Limy",/content/drive/MyDrive/CMDACapstone_2025-11-30_16-18-29/attentions/attn_0088.json
"You are a sensor expert. Given the following situation:
Context: Voltage: 0.809666657 V, Height: 0.454545455 cm, Soil Type: Humid and Limy
KG context: YPG | CRREL | ROIs | Cold Regions Research and Engineering Laboratory | buried objects
Target: Land mine Mine Type: Anti-Tank

Recommend the most appropriate type of sensor...
**Recommendation: Ground Penetrating Radar (GPR)**

**Rationale:**

Here's a breakdown of why GPR is the most suitable sensor for this scenario, considering the context and target:

1.  **Target Identification:** The target is a buried land mine, specifically an anti-tank mine.  These mines are designed to be concealed and are often buried at shallow depths.
2.  **Environmental Factors:**
    *   **Voltage (0.809",/content/drive/MyDrive/CMDACapstone_2025-11-30_16-18-29/attentions/attn_0089.json
"You are a sensor expert. Given the following situation:
Context: Voltage: 0.716011194 V, Height: 0.545454545 cm, Soil Type: Humid and Limy
KG context: YPG | CRREL | ROIs | Cold Regions Research and Engineering Laboratory | buried objects
Target: Land mine Mine Type: Anti-Tank

Recommend the most appropriate type of sensor...

**Recommendation: Ground Penetrating Radar (GPR)**

**Rationale:**

*   **Target Characteristics:** We are looking for a buried land mine, specifically an anti-tank mine. These mines are typically buried at shallow depths (as indicated by the height of 0.545454545 cm).
*   **Soil Conditions:** The ""Humid and Limy"" soil type is relevant. GPR works best in relatively dry soils, but it can",/content/drive/MyDrive/CMDACapstone_2025-11-30_16-18-29/attentions/attn_0090.json
"You are a sensor expert. Given the following situation:
Context: Voltage: 0.50755226 V, Height: 0.727272727 cm, Soil Type: Humid and Limy
KG context: YPG | CRREL | ROIs | Cold Regions Research and Engineering Laboratory | buried objects
Target: Land mine Mine Type: Anti-Tank

Recommend the most appropriate type of sensor...
**Recommendation: Ground Penetrating Radar (GPR)**

**Reasoning:**

Here's a detailed breakdown of why GPR is the most suitable sensor in this scenario, considering the context, KG context, and target:

1.  **Target Identification (Landmine):** Landmines are often buried, and their detection relies on identifying anomalies in the soil profile. GPR excels at this. It sends radio waves into the ground and analyzes the reflected signals to create a subsurface image",/content/drive/MyDrive/CMDACapstone_2025-11-30_16-18-29/attentions/attn_0091.json
"You are a sensor expert. Given the following situation:
Context: Voltage: 0.549848276 V, Height: 0.818181818 cm, Soil Type: Humid and Limy
KG context: YPG | CRREL | ROIs | Cold Regions Research and Engineering Laboratory | buried objects
Target: Land mine Mine Type: Anti-Tank

Recommend the most appropriate type of sensor...

**Reasoning:**

The context provides crucial information for identifying a land mine.  The presence of buried objects is a key factor, and the soil type (Humid and Limy) is also relevant as land mines are often hidden in such environments. The voltage reading (0.549848276 V) and height reading (0.818181818 cm) are potentially indicative of a metallic object buried in the soil. Given the",/content/drive/MyDrive/CMDACapstone_2025-11-30_16-18-29/attentions/attn_0092.json
"You are a sensor expert. Given the following situation:
Context: Voltage: 0.444108237 V, Height: 1 cm, Soil Type: Humid and Limy
KG context: YPG | CRREL | ROIs | Cold Regions Research and Engineering Laboratory | buried objects
Target: Land mine Mine Type: Anti-Tank

Recommend the most appropriate type of sensor...

**Reasoning:**

The context describes a scenario involving the detection of a buried land mine. The key information is the presence of a buried object (land mine) and the environment surrounding it – specifically, the soil conditions (humid and limy) and the depth (1 cm).  Given this, we need a sensor capable of detecting objects buried at relatively shallow depths and that can function in a potentially damp environment.

Here's a breakdown of why different sensor types are suitable or unsuitable",/content/drive/MyDrive/CMDACapstone_2025-11-30_16-18-29/attentions/attn_0093.json
"You are a sensor expert. Given the following situation:
Context: Voltage: 0.389304766 V, Height: 0 cm, Soil Type: Dry and Sandy
KG context: YPG | CRREL | ROIs | Cold Regions Research and Engineering Laboratory | buried objects
Target: Land mine Mine Type: Anti-Personnel

Recommend the most appropriate type of sensor...
**Recommendation: Ground Penetrating Radar (GPR)**

**Rationale:**

Here’s a breakdown of why GPR is the most suitable sensor for detecting an anti-personnel land mine in this context, considering the provided information and the KG context:

*   **Buried Objects (KG Context):** The KG context explicitly mentions “buried objects” as the focus of CRREL’s research. Land mines are precisely buried objects.
*   **Soil Type (Context):",/content/drive/MyDrive/CMDACapstone_2025-11-30_16-18-29/attentions/attn_0094.json
"You are a sensor expert. Given the following situation:
Context: Voltage: 0.365347054 V, Height: 0.181818182 cm, Soil Type: Dry and Sandy
KG context: YPG | CRREL | ROIs | Cold Regions Research and Engineering Laboratory | buried objects
Target: Land mine Mine Type: Anti-Personnel

Recommend the most appropriate type of sensor...

**Recommendation: Ground Penetrating Radar (GPR)**

**Rationale:**

*   **Target Characteristics:** We are dealing with a buried land mine, specifically an anti-personnel type. This means it's hidden beneath the surface, and its presence is primarily defined by its shape and material composition, not by surface features like vegetation or soil moisture.
*   **Contextual Data:** The ""Dry and Sandy"" soil type is crucial.  Dry sand can attenuate electromagnetic waves,",/content/drive/MyDrive/CMDACapstone_2025-11-30_16-18-29/attentions/attn_0095.json
"You are a sensor expert. Given the following situation:
Context: Voltage: 0.368579638 V, Height: 0.272727273 cm, Soil Type: Dry and Sandy
KG context: YPG | CRREL | ROIs | Cold Regions Research and Engineering Laboratory | buried objects
Target: Land mine Mine Type: Anti-Personnel

Recommend the most appropriate type of sensor...

**Recommendation:**

Given the context and KG information, the most appropriate sensor type would be **Ground Penetrating Radar (GPR)**.

**Reasoning:**

*   **Target Identification:** Identifying buried landmines, particularly anti-personnel mines, requires detecting subtle changes in the soil’s dielectric properties due to the mine's presence.
*   **Soil Conditions:** The ""Dry and Sandy"" soil type is well-suited for GPR.  Dry sand has relatively",/content/drive/MyDrive/CMDACapstone_2025-11-30_16-18-29/attentions/attn_0096.json
"You are a sensor expert. Given the following situation:
Context: Voltage: 0.338156758 V, Height: 0.454545455 cm, Soil Type: Dry and Sandy
KG context: YPG | CRREL | ROIs | Cold Regions Research and Engineering Laboratory | buried objects
Target: Land mine Mine Type: Anti-Personnel

Recommend the most appropriate type of sensor...

**Recommendation: Ground Penetrating Radar (GPR)**

**Rationale:**

*   **Target Characteristics:** The target is a buried land mine, specifically an anti-personnel mine. These mines are often buried shallowly (as indicated by the relatively low height measurement of 0.454545455 cm) and can be difficult to detect with traditional methods.
*   **Soil Type:** The ""Dry and Sandy"" soil type is ideal for GPR",/content/drive/MyDrive/CMDACapstone_2025-11-30_16-18-29/attentions/attn_0097.json
"You are a sensor expert. Given the following situation:
Context: Voltage: 0.31722019 V, Height: 0.545454545 cm, Soil Type: Dry and Sandy
KG context: YPG | CRREL | ROIs | Cold Regions Research and Engineering Laboratory | buried objects
Target: Land mine Mine Type: Anti-Personnel

Recommend the most appropriate type of sensor...

**Recommendation:**

Based on the provided data and the target (Land mine, specifically an Anti-Personnel mine), the most appropriate sensor type is a **Ground Penetrating Radar (GPR)**.

**Reasoning:**

Here's a detailed breakdown of why GPR is the best choice, considering the context and KG:

*   **Target Characteristics:** Detecting buried landmines, especially those buried in sandy soil, requires penetrating the ground to identify anomalies.  Anti-Personnel mines",/content/drive/MyDrive/CMDACapstone_2025-11-30_16-18-29/attentions/attn_0098.json
"You are a sensor expert. Given the following situation:
Context: Voltage: 0.319093326 V, Height: 0.727272727 cm, Soil Type: Dry and Sandy
KG context: YPG | CRREL | ROIs | Cold Regions Research and Engineering Laboratory | buried objects
Target: Land mine Mine Type: Anti-Personnel

Recommend the most appropriate type of sensor...

**Recommendation: Ground Penetrating Radar (GPR)**

**Rationale:**

1.  **Contextual Clues:** The combination of ""Dry and Sandy"" soil type and a ""Buried Objects"" KG context strongly suggests a scenario where a buried object is suspected.  Dry and sandy soils are common in areas where landmines are often deployed - they provide good drainage but also can be difficult to detect with traditional methods.

2.  **Landmine Detection:** Landmines are often",/content/drive/MyDrive/CMDACapstone_2025-11-30_16-18-29/attentions/attn_0099.json
"You are a sensor expert. Given the following situation:
Context: Voltage: 0.335347054 V, Height: 0.818181818 cm, Soil Type: Dry and Sandy
KG context: YPG | CRREL | ROIs | Cold Regions Research and Engineering Laboratory | buried objects
Target: Land mine Mine Type: Anti-Personnel

Recommend the most appropriate type of sensor...

**Recommendation: Ground Penetrating Radar (GPR)**

**Rationale:**

*   **Target Characteristics:** We're dealing with a buried land mine, specifically an anti-personnel type. These mines are often buried shallowly (as indicated by the 0.818181818 cm height) and can be difficult to detect with conventional methods due to the soil's composition (Dry and Sandy).
*   **Soil Conditions:** Dry and sandy soil",/content/drive/MyDrive/CMDACapstone_2025-11-30_16-18-29/attentions/attn_0100.json
"You are a sensor expert. Given the following situation:
Context: Voltage: 0.303262478 V, Height: 1 cm, Soil Type: Dry and Sandy
KG context: YPG | CRREL | ROIs | Cold Regions Research and Engineering Laboratory | buried objects
Target: Land mine Mine Type: Anti-Personnel

Recommend the most appropriate type of sensor...

**Recommendation:**

Given the context and target, the most appropriate sensor type is a **Ground Penetrating Radar (GPR)**.

**Rationale:**

*   **Buried Objects:** The target is a buried land mine, necessitating a method to detect subsurface anomalies. GPR excels at this.
*   **Soil Type:** Dry and sandy soil can be challenging for some sensor types (e.g., electromagnetic induction), but GPR is relatively robust across a range of soil types",/content/drive/MyDrive/CMDACapstone_2025-11-30_16-18-29/attentions/attn_0101.json
"You are a sensor expert. Given the following situation:
Context: Voltage: 0.613292299 V, Height: 0.181818182 cm, Soil Type: Humid and Sandy
KG context: YPG | CRREL | ROIs | Cold Regions Research and Engineering Laboratory | buried objects
Target: Land mine Mine Type: Anti-Personnel

Recommend the most appropriate type of sensor...

**Recommendation: Ground Penetrating Radar (GPR)**

**Rationale:**

*   **Buried Objects:** The KG context explicitly references buried objects, specifically landmines. GPR is *the* most effective sensor for detecting buried objects in the ground.
*   **Soil Type:** The soil type (Humid and Sandy) is relevant. GPR works well in a variety of soil types, although high moisture content can sometimes affect signal penetration.  The sandy nature may require careful",/content/drive/MyDrive/CMDACapstone_2025-11-30_16-18-29/attentions/attn_0102.json
"You are a sensor expert. Given the following situation:
Context: Voltage: 0.425981373 V, Height: 0.363636364 cm, Soil Type: Humid and Sandy
KG context: YPG | CRREL | ROIs | Cold Regions Research and Engineering Laboratory | buried objects
Target: Land mine Mine Type: Anti-Personnel

Recommend the most appropriate type of sensor...

**Recommendation:**

Based on the provided data and the target (Land mine - Anti-Personnel), I recommend utilizing a **Ground Penetrating Radar (GPR)** sensor. Here's a detailed rationale:

**Justification:**

*   **Buried Objects Detection:** The KG context clearly indicates the CRREL's expertise in detecting buried objects, specifically in cold regions. GPR is *the* primary technology for locating buried objects, including landmines, with high accuracy.",/content/drive/MyDrive/CMDACapstone_2025-11-30_16-18-29/attentions/attn_0103.json
"You are a sensor expert. Given the following situation:
Context: Voltage: 0.384621926 V, Height: 0.454545455 cm, Soil Type: Humid and Sandy
KG context: YPG | CRREL | ROIs | Cold Regions Research and Engineering Laboratory | buried objects
Target: Land mine Mine Type: Anti-Personnel

Recommend the most appropriate type of sensor...

**Recommendation: Ground Penetrating Radar (GPR)**

**Rationale:**

*   **Target Characteristics:** The target is a buried land mine, and the context indicates a potentially challenging environment (buried, sandy soil).
*   **Soil Type:** Humid and sandy soil is known to attenuate electromagnetic waves, making it difficult for traditional sensors like metal detectors to function effectively. GPR, however, utilizes radar waves that can penetrate the soil to a significant depth, providing subsurface imaging.",/content/drive/MyDrive/CMDACapstone_2025-11-30_16-18-29/attentions/attn_0104.json
"You are a sensor expert. Given the following situation:
Context: Voltage: 0.356495062 V, Height: 0.636363636 cm, Soil Type: Humid and Sandy
KG context: YPG | CRREL | ROIs | Cold Regions Research and Engineering Laboratory | buried objects
Target: Land mine Mine Type: Anti-Personnel

Recommend the most appropriate type of sensor...
**Recommendation: Ground Penetrating Radar (GPR)**

**Rationale:**

1.  **Target Characteristics:** The target is a buried land mine, specifically an anti-personnel mine. This implies a relatively shallow burial depth (0.636 cm) and a likely metallic composition.

2.  **Contextual Clues:**
    *   **Voltage (0.356495062 V):**  While voltage can be a useful parameter",/content/drive/MyDrive/CMDACapstone_2025-11-30_16-18-29/attentions/attn_0105.json
"You are a sensor expert. Given the following situation:
Context: Voltage: 0.350685358 V, Height: 0.727272727 cm, Soil Type: Humid and Sandy
KG context: YPG | CRREL | ROIs | Cold Regions Research and Engineering Laboratory | buried objects
Target: Land mine Mine Type: Anti-Personnel

Recommend the most appropriate type of sensor...
**Recommendation: Ground Penetrating Radar (GPR)**

**Reasoning:**

Here's a detailed breakdown of why GPR is the most suitable sensor for this scenario, considering the context, KG context, and target:

1.  **Target Characteristics:** We're looking for a buried land mine, specifically an anti-personnel type. Land mines are often buried shallowly and are typically made of metal.

2.  **Contextual Clues:**
    *",/content/drive/MyDrive/CMDACapstone_2025-11-30_16-18-29/attentions/attn_0106.json
"You are a sensor expert. Given the following situation:
Context: Voltage: 0.338368198 V, Height: 0.909090909 cm, Soil Type: Humid and Sandy
KG context: YPG | CRREL | ROIs | Cold Regions Research and Engineering Laboratory | buried objects
Target: Land mine Mine Type: Anti-Personnel

Recommend the most appropriate type of sensor...

**Sensor Recommendation: Ground Penetrating Radar (GPR)**

**Rationale:**

1.  **Target Characteristics:** We're dealing with a buried land mine, specifically an anti-personnel mine. These mines are often buried shallowly, and their shape and composition can be difficult to determine visually or through basic soil analysis.

2.  **Contextual Clues:**
    *   **Voltage (0.338368198 V):** While",/content/drive/MyDrive/CMDACapstone_2025-11-30_16-18-29/attentions/attn_0107.json
"You are a sensor expert. Given the following situation:
Context: Voltage: 0.344410486 V, Height: 1 cm, Soil Type: Humid and Sandy
KG context: YPG | CRREL | ROIs | Cold Regions Research and Engineering Laboratory | buried objects
Target: Land mine Mine Type: Anti-Personnel

Recommend the most appropriate type of sensor...

**Rationale:**

The scenario describes a potential land mine detection in a humid and sandy soil environment.  The voltage reading of 0.344 V is a crucial piece of information, suggesting a geophysical technique is being used, likely Ground Penetrating Radar (GPR). The presence of humid and sandy soil presents challenges for traditional metal detectors, which are often ineffective in such conditions.  The KG context of buried objects and the ROIs (Regions of Interest) associated with CRREL (",/content/drive/MyDrive/CMDACapstone_2025-11-30_16-18-29/attentions/attn_0108.json
"You are a sensor expert. Given the following situation:
Context: Voltage: 0.444108237 V, Height: 0.090909091 cm, Soil Type: Dry and Humus
KG context: YPG | CRREL | ROIs | Cold Regions Research and Engineering Laboratory | buried objects
Target: Land mine Mine Type: Anti-Personnel

Recommend the most appropriate type of sensor...

**Recommendation:**

Based on the provided data and the target (land mine - Anti-Personnel), the most appropriate sensor type is a **Ground Penetrating Radar (GPR)**.

**Rationale:**

*   **Target Characteristics:** Land mines are buried objects, often at shallow depths. The provided height measurement (0.090909091 cm) strongly suggests a shallow burial.
*   **Data Correlation:** The ""Dry and Humus"" soil type",/content/drive/MyDrive/CMDACapstone_2025-11-30_16-18-29/attentions/attn_0109.json
"You are a sensor expert. Given the following situation:
Context: Voltage: 0.389727645 V, Height: 0.181818182 cm, Soil Type: Dry and Humus
KG context: YPG | CRREL | ROIs | Cold Regions Research and Engineering Laboratory | buried objects
Target: Land mine Mine Type: Anti-Personnel

Recommend the most appropriate type of sensor...

**Recommendation: Ground Penetrating Radar (GPR)**

**Rationale:**

*   **Target Characteristics:** We're looking for a buried object – a land mine – in a challenging environment (buried, potentially beneath soil layers). The soil type (Dry and Humus) adds complexity as it can affect the signal propagation of other sensor types.
*   **KG Context (CRREL - Cold Regions Research and Engineering Laboratory):** This lab specializes in detecting buried objects in cold and challenging",/content/drive/MyDrive/CMDACapstone_2025-11-30_16-18-29/attentions/attn_0110.json
"You are a sensor expert. Given the following situation:
Context: Voltage: 0.356495062 V, Height: 0.363636364 cm, Soil Type: Dry and Humus
KG context: YPG | CRREL | ROIs | Cold Regions Research and Engineering Laboratory | buried objects
Target: Land mine Mine Type: Anti-Personnel

Recommend the most appropriate type of sensor...

**Recommendation:**

Based on the provided data and the target (land mine – Anti-Personnel), the most appropriate sensor type is a **Ground Penetrating Radar (GPR)**.

**Rationale:**

*   **Target Characteristics:** Land mines are buried objects, often concealed beneath the soil surface.  The ""Dry and Humus"" soil type adds complexity, as it can attenuate radar signals.
*   **Voltage Data:** The 0.356 V reading, while",/content/drive/MyDrive/CMDACapstone_2025-11-30_16-18-29/attentions/attn_0111.json
"You are a sensor expert. Given the following situation:
Context: Voltage: 0.353473918 V, Height: 0.454545455 cm, Soil Type: Dry and Humus
KG context: YPG | CRREL | ROIs | Cold Regions Research and Engineering Laboratory | buried objects
Target: Land mine Mine Type: Anti-Personnel

Recommend the most appropriate type of sensor...

**Reasoning:**

Given the context – a voltage of 0.353473918 V, a height of 0.454545455 cm, ""Dry and Humus"" soil type, and the target being a buried landmine (specifically an anti-personnel mine) – we're looking for a sensor capable of detecting small, buried objects in challenging soil conditions.  The voltage reading suggests a potential electromagnetic anomaly,",/content/drive/MyDrive/CMDACapstone_2025-11-30_16-18-29/attentions/attn_0112.json
"You are a sensor expert. Given the following situation:
Context: Voltage: 0.356495062 V, Height: 0.636363636 cm, Soil Type: Dry and Humus
KG context: YPG | CRREL | ROIs | Cold Regions Research and Engineering Laboratory | buried objects
Target: Land mine Mine Type: Anti-Personnel

Recommend the most appropriate type of sensor...
**Recommendation: Ground Penetrating Radar (GPR)**

**Rationale:**

*   **Target Characteristics:** The target is a buried land mine, specifically an anti-personnel mine. This indicates a subsurface object of interest.
*   **Contextual Data:**
    *   **Voltage (0.356495062 V):** While this data point is present, it's likely a noise reading or a byproduct of another sensor. It's",/content/drive/MyDrive/CMDACapstone_2025-11-30_16-18-29/attentions/attn_0113.json
"You are a sensor expert. Given the following situation:
Context: Voltage: 0.314199046 V, Height: 0.727272727 cm, Soil Type: Dry and Humus
KG context: YPG | CRREL | ROIs | Cold Regions Research and Engineering Laboratory | buried objects
Target: Land mine Mine Type: Anti-Personnel

Recommend the most appropriate type of sensor...

**Reasoning:**

The context provides information about a buried object (likely a land mine) and includes details related to the soil, voltage, and height.  The ""KG context"" points towards research related to buried objects in cold regions, which is a crucial consideration for land mine detection.  The key challenge here is detecting a buried object with limited information.

Given this, a **Ground Penetrating Radar (GPR)** sensor is the most appropriate choice. Here's why:",/content/drive/MyDrive/CMDACapstone_2025-11-30_16-18-29/attentions/attn_0114.json
"You are a sensor expert. Given the following situation:
Context: Voltage: 0.253776167 V, Height: 0.909090909 cm, Soil Type: Dry and Humus
KG context: YPG | CRREL | ROIs | Cold Regions Research and Engineering Laboratory | buried objects
Target: Land mine Mine Type: Anti-Personnel

Recommend the most appropriate type of sensor...

**Recommended Sensor:** Ground Penetrating Radar (GPR)

**Reasoning:**

1.  **Contextual Clues:** The situation strongly suggests the presence of a buried object, specifically a land mine. The ""buried objects"" KG context from CRREL aligns with this. The ""Dry and Humus"" soil type is common in areas where landmines are often hidden.

2.  **Limitations of Other Sensors:**
    *   **Voltage Sensor:** A voltage sensor alone",/content/drive/MyDrive/CMDACapstone_2025-11-30_16-18-29/attentions/attn_0115.json
"You are a sensor expert. Given the following situation:
Context: Voltage: 0.574017428 V, Height: 0 cm, Soil Type: Humid and Humus
KG context: YPG | CRREL | ROIs | Cold Regions Research and Engineering Laboratory | buried objects
Target: Land mine Mine Type: Anti-Personnel

Recommend the most appropriate type of sensor...

**Recommendation: Ground Penetrating Radar (GPR)**

**Rationale:**

*   **Target Characteristics:** The target is a buried object (land mine) and the context suggests the object is likely buried within the soil.
*   **Soil Conditions:** The soil is described as ""Humid and Humus,"" which can attenuate electromagnetic signals, but GPR is designed to overcome these limitations.
*   **KG Context (CRREL):** The KG context relates to buried objects and",/content/drive/MyDrive/CMDACapstone_2025-11-30_16-18-29/attentions/attn_0116.json
"You are a sensor expert. Given the following situation:
Context: Voltage: 0.477340821 V, Height: 0.181818182 cm, Soil Type: Humid and Humus
KG context: YPG | CRREL | ROIs | Cold Regions Research and Engineering Laboratory | buried objects
Target: Land mine Mine Type: Anti-Personnel

Recommend the most appropriate type of sensor...

**Recommendation:**

Given the context and target, the most appropriate sensor type is a **Ground Penetrating Radar (GPR)**.

**Rationale:**

*   **Target Location:** The target is a buried object (land mine). GPR is specifically designed to detect and map buried objects without excavation.
*   **Environmental Conditions:** The ""Humid and Humus"" soil type can attenuate electromagnetic signals, but GPR systems are robust enough to operate in such conditions, particularly with",/content/drive/MyDrive/CMDACapstone_2025-11-30_16-18-29/attentions/attn_0117.json
"You are a sensor expert. Given the following situation:
Context: Voltage: 0.483383109 V, Height: 0.272727273 cm, Soil Type: Humid and Humus
KG context: YPG | CRREL | ROIs | Cold Regions Research and Engineering Laboratory | buried objects
Target: Land mine Mine Type: Anti-Personnel

Recommend the most appropriate type of sensor...

**Reasoning:**

The context describes a scenario involving the detection of a buried land mine. The provided data includes voltage (0.483383109 V), height (0.272727273 cm), and soil type (Humid and Humus). The KG context points to research by the CRREL (Cold Regions Research and Engineering Laboratory) focused on buried objects.  This strongly suggests the need for a sensor designed to detect subsurface",/content/drive/MyDrive/CMDACapstone_2025-11-30_16-18-29/attentions/attn_0118.json
"You are a sensor expert. Given the following situation:
Context: Voltage: 0.407854509 V, Height: 0.454545455 cm, Soil Type: Humid and Humus
KG context: YPG | CRREL | ROIs | Cold Regions Research and Engineering Laboratory | buried objects
Target: Land mine Mine Type: Anti-Personnel

Recommend the most appropriate type of sensor...

**Reasoning:**

The context provides information relevant to detecting buried objects, specifically landmines. The key factors are:

1.  **Voltage (0.407854509 V):** This suggests a geophysical method, likely Ground Penetrating Radar (GPR). GPR emits electromagnetic pulses into the ground and analyzes the reflected signals to detect buried objects. The voltage value likely represents the output signal strength, which can be correlated with the depth and size of the",/content/drive/MyDrive/CMDACapstone_2025-11-30_16-18-29/attentions/attn_0119.json
"You are a sensor expert. Given the following situation:
Context: Voltage: 0.386706501 V, Height: 0.545454545 cm, Soil Type: Humid and Humus
KG context: YPG | CRREL | ROIs | Cold Regions Research and Engineering Laboratory | buried objects
Target: Land mine Mine Type: Anti-Personnel

Recommend the most appropriate type of sensor...

**Recommended Sensor:**

Given the context and target, the most appropriate sensor is a **Ground Penetrating Radar (GPR)**.

**Rationale:**

*   **Target Identification:** Landmines, particularly anti-personnel mines, are often buried underground. GPR excels at detecting subsurface anomalies and identifying buried objects without excavation.
*   **Soil Conditions:** The ""Humid and Humus"" soil type is common in areas where landmines are frequently deployed. Humus-rich",/content/drive/MyDrive/CMDACapstone_2025-11-30_16-18-29/attentions/attn_0120.json
"You are a sensor expert. Given the following situation:
Context: Voltage: 0.389727645 V, Height: 0.727272727 cm, Soil Type: Humid and Humus
KG context: YPG | CRREL | ROIs | Cold Regions Research and Engineering Laboratory | buried objects
Target: Land mine Mine Type: Anti-Personnel

Recommend the most appropriate type of sensor...
**Recommendation: Ground Penetrating Radar (GPR)**

**Rationale:**

Here's a breakdown of why GPR is the best sensor choice in this scenario, considering the provided context and the target (land mine):

1. **Target Characteristics:**  Land mines, particularly anti-personnel mines, are often buried just beneath the surface.  The ""Humid and Humus"" soil type is ideal for GPR performance – it’s a conductive soil, which significantly enhances",/content/drive/MyDrive/CMDACapstone_2025-11-30_16-18-29/attentions/attn_0121.json
"You are a sensor expert. Given the following situation:
Context: Voltage: 0.365558494 V, Height: 0.818181818 cm, Soil Type: Humid and Humus
KG context: YPG | CRREL | ROIs | Cold Regions Research and Engineering Laboratory | buried objects
Target: Land mine Mine Type: Anti-Personnel

Recommend the most appropriate type of sensor...
**Recommendation:**

Given the context and target, the most appropriate sensor would be a **Ground Penetrating Radar (GPR)**.

**Rationale:**

*   **Target Identification:** Land mines, particularly anti-personnel mines, are often buried beneath the surface. Visual inspection and manual probing are time-consuming, dangerous, and may not always detect the mine.
*   **Soil Conditions:** The ""Humid and Humus"" soil type is typical for many buried mine locations",/content/drive/MyDrive/CMDACapstone_2025-11-30_16-18-29/attentions/attn_0122.json
"You are a sensor expert. Given the following situation:
Context: Voltage: 0.326283622 V, Height: 1 cm, Soil Type: Humid and Humus
KG context: YPG | CRREL | ROIs | Cold Regions Research and Engineering Laboratory | buried objects
Target: Land mine Mine Type: Anti-Personnel

Recommend the most appropriate type of sensor...

**Recommendation:**

Given the context – a voltage of 0.326283622 V, a height of 1 cm, a soil type described as ""humid and humus,"" and the target being a buried land mine (specifically an anti-personnel type) – the most appropriate sensor type is a **Ground Penetrating Radar (GPR)**.

**Rationale:**

Let's break down why GPR is superior to other sensor options in this scenario",/content/drive/MyDrive/CMDACapstone_2025-11-30_16-18-29/attentions/attn_0123.json
"You are a sensor expert. Given the following situation:
Context: Voltage: 0.664651747 V, Height: 0.181818182 cm, Soil Type: Dry and Limy
KG context: YPG | CRREL | ROIs | Cold Regions Research and Engineering Laboratory | buried objects
Target: Land mine Mine Type: Anti-Personnel

Recommend the most appropriate type of sensor...
**Recommendation: Ground Penetrating Radar (GPR)**

**Rationale:**

*   **Target Characteristics:** The target is a buried land mine, specifically an anti-personnel type. This means it's concealed beneath the soil surface.
*   **Environmental Conditions:** The soil is dry and limy. This can affect the performance of some sensors (e.g., electromagnetic induction sensors) due to its conductivity.
*   **Sensor Suitability:** GPR is exceptionally well",/content/drive/MyDrive/CMDACapstone_2025-11-30_16-18-29/attentions/attn_0124.json
"You are a sensor expert. Given the following situation:
Context: Voltage: 0.510573404 V, Height: 0.363636364 cm, Soil Type: Dry and Limy
KG context: YPG | CRREL | ROIs | Cold Regions Research and Engineering Laboratory | buried objects
Target: Land mine Mine Type: Anti-Personnel

Recommend the most appropriate type of sensor...

**Recommendation:**

Given the context – a voltage of 0.510573404 V, a height of 0.363636364 cm, and a soil type of ""Dry and Limy"" – alongside the target being a buried land mine (specifically an Anti-Personnel type), the most appropriate sensor type is a **Ground Penetrating Radar (GPR)**.

**Rationale:**

*   **Buried Object Detection",/content/drive/MyDrive/CMDACapstone_2025-11-30_16-18-29/attentions/attn_0125.json
"You are a sensor expert. Given the following situation:
Context: Voltage: 0.483383109 V, Height: 0.454545455 cm, Soil Type: Dry and Limy
KG context: YPG | CRREL | ROIs | Cold Regions Research and Engineering Laboratory | buried objects
Target: Land mine Mine Type: Anti-Personnel

Recommend the most appropriate type of sensor...

**Recommendation:**

Given the context – a low voltage reading (0.483383109 V), a relatively small height measurement (0.454545455 cm), and a soil type of ""Dry and Limy"" – combined with the target being a land mine, it strongly suggests the use of **Ground Penetrating Radar (GPR)**.

Here's a breakdown of why and the considerations:

*   **Low",/content/drive/MyDrive/CMDACapstone_2025-11-30_16-18-29/attentions/attn_0126.json
"You are a sensor expert. Given the following situation:
Context: Voltage: 0.395769933 V, Height: 0.636363636 cm, Soil Type: Dry and Limy
KG context: YPG | CRREL | ROIs | Cold Regions Research and Engineering Laboratory | buried objects
Target: Land mine Mine Type: Anti-Personnel

Recommend the most appropriate type of sensor...

**Recommendation:**

Given the context – low voltage (0.396V), relatively low height (0.636 cm), dry and limy soil – and the target being a land mine, I recommend utilizing a **Ground Penetrating Radar (GPR)** sensor. Here's a breakdown of why and a more detailed explanation:

**Rationale:**

*   **Low Height and Soil Type:** The small height reading (0.636 cm) suggests the",/content/drive/MyDrive/CMDACapstone_2025-11-30_16-18-29/attentions/attn_0127.json
"You are a sensor expert. Given the following situation:
Context: Voltage: 0.36253735 V, Height: 0.727272727 cm, Soil Type: Dry and Limy
KG context: YPG | CRREL | ROIs | Cold Regions Research and Engineering Laboratory | buried objects
Target: Land mine Mine Type: Anti-Personnel

Recommend the most appropriate type of sensor...

**Sensor Recommendation: Ground Penetrating Radar (GPR)**

**Rationale:**

1.  **Target Characteristics:** The target is a buried land mine, specifically an anti-personnel mine.  These mines are typically buried just beneath the surface, often in dry and compact soils.
2.  **Soil Conditions:** The soil type is described as ""Dry and Limy.""  Dry soils are generally good for GPR penetration, and limy soils can sometimes exhibit slightly different radar",/content/drive/MyDrive/CMDACapstone_2025-11-30_16-18-29/attentions/attn_0128.json
"You are a sensor expert. Given the following situation:
Context: Voltage: 0.352748789 V, Height: 0.909090909 cm, Soil Type: Dry and Limy
KG context: YPG | CRREL | ROIs | Cold Regions Research and Engineering Laboratory | buried objects
Target: Land mine Mine Type: Anti-Personnel

Recommend the most appropriate type of sensor...
**Recommendation: Ground Penetrating Radar (GPR)**

**Rationale:**

1.  **Contextual Clues:**
    *   **Voltage (0.352748789 V):** This low voltage reading is indicative of a buried object, potentially a mine. The voltage may be generated by the mine's electronics or by the disturbance it causes in the soil.
    *   **Height (0.90909090",/content/drive/MyDrive/CMDACapstone_2025-11-30_16-18-29/attentions/attn_0129.json
"You are a sensor expert. Given the following situation:
Context: Voltage: 0.352960229 V, Height: 1 cm, Soil Type: Dry and Limy
KG context: YPG | CRREL | ROIs | Cold Regions Research and Engineering Laboratory | buried objects
Target: Land mine Mine Type: Anti-Personnel

Recommend the most appropriate type of sensor...
**Recommendation: Ground Penetrating Radar (GPR)**

**Rationale:**

Here's a detailed breakdown of why GPR is the most suitable sensor in this scenario, considering the context and target:

1. **Target Characteristics:**
   - **Land Mine (Anti-Personnel):** Land mines are buried objects, often partially or completely concealed by soil.  They are typically metallic (though some are non-metallic). 
   - **Depth:** The height of 1",/content/drive/MyDrive/CMDACapstone_2025-11-30_16-18-29/attentions/attn_0130.json
"You are a sensor expert. Given the following situation:
Context: Voltage: 0.561932852 V, Height: 0.181818182 cm, Soil Type: Humid and Limy
KG context: YPG | CRREL | ROIs | Cold Regions Research and Engineering Laboratory | buried objects
Target: Land mine Mine Type: Anti-Personnel

Recommend the most appropriate type of sensor...

**Reasoning:**

The context strongly suggests a buried object detection scenario, specifically a land mine. The provided data – voltage, height, and soil type – are all relevant for detecting buried objects using Ground Penetrating Radar (GPR).  Here's a breakdown of why:

*   **Voltage (0.561932852 V):** This is a key signal reading from a GPR sensor.  GPR works by transmitting electromagnetic waves into the",/content/drive/MyDrive/CMDACapstone_2025-11-30_16-18-29/attentions/attn_0131.json
"You are a sensor expert. Given the following situation:
Context: Voltage: 0.586102004 V, Height: 0.272727273 cm, Soil Type: Humid and Limy
KG context: YPG | CRREL | ROIs | Cold Regions Research and Engineering Laboratory | buried objects
Target: Land mine Mine Type: Anti-Personnel

Recommend the most appropriate type of sensor...
**Recommendation:**

Given the context – a buried landmine (Anti-Personnel type), voltage, height, and soil type – the most appropriate sensor type is a **Ground Penetrating Radar (GPR)**.

**Rationale:**

Here's a breakdown of why GPR is the best choice and why other sensor types are less suitable:

*   **Buried Objects:** GPR excels at detecting buried objects, including landmines. It transmits radio waves into the ground and analyzes",/content/drive/MyDrive/CMDACapstone_2025-11-30_16-18-29/attentions/attn_0132.json
"You are a sensor expert. Given the following situation:
Context: Voltage: 0.489425397 V, Height: 0.454545455 cm, Soil Type: Humid and Limy
KG context: YPG | CRREL | ROIs | Cold Regions Research and Engineering Laboratory | buried objects
Target: Land mine Mine Type: Anti-Personnel

Recommend the most appropriate type of sensor...

**Recommendation:**

Based on the provided context and target, the most appropriate sensor type is a **Ground Penetrating Radar (GPR)**.

**Rationale:**

*   **Target Identification:** The target is a buried landmine, specifically an anti-personnel mine. GPR is exceptionally well-suited for detecting buried objects, even at shallow depths.
*   **Soil Conditions:** The ""Humid and Limy"" soil type is not ideal for all sensor types. High",/content/drive/MyDrive/CMDACapstone_2025-11-30_16-18-29/attentions/attn_0133.json
"You are a sensor expert. Given the following situation:
Context: Voltage: 0.425981373 V, Height: 0.545454545 cm, Soil Type: Humid and Limy
KG context: YPG | CRREL | ROIs | Cold Regions Research and Engineering Laboratory | buried objects
Target: Land mine Mine Type: Anti-Personnel

Recommend the most appropriate type of sensor...

**Reasoning:**

The context strongly suggests a buried object detection scenario, specifically a land mine. The provided data—voltage, height, and soil type—are all relevant to geophysical methods used for detecting buried objects. The ""KG context"" referencing CRREL (Cold Regions Research and Engineering Laboratory) further reinforces this, as they specialize in detecting buried objects in cold environments, often involving landmines.

Here's a breakdown of why each data point is important:

*   **Voltage",/content/drive/MyDrive/CMDACapstone_2025-11-30_16-18-29/attentions/attn_0134.json
"You are a sensor expert. Given the following situation:
Context: Voltage: 0.350452774 V, Height: 0.727272727 cm, Soil Type: Humid and Limy
KG context: YPG | CRREL | ROIs | Cold Regions Research and Engineering Laboratory | buried objects
Target: Land mine Mine Type: Anti-Personnel

Recommend the most appropriate type of sensor...

**Reasoning:**

The context strongly suggests a buried object detection scenario, specifically a land mine. The KG context points to the expertise of CRREL (Cold Regions Research and Engineering Laboratory) in this area.  We need a sensor capable of detecting objects buried beneath the soil. The provided data (voltage, height, and soil type) provides some initial information, but the primary need is for a detection system.

Considering these factors, the best sensor type would be a **Ground Penetrating",/content/drive/MyDrive/CMDACapstone_2025-11-30_16-18-29/attentions/attn_0135.json
"You are a sensor expert. Given the following situation:
Context: Voltage: 0.335347054 V, Height: 0.818181818 cm, Soil Type: Humid and Limy
KG context: YPG | CRREL | ROIs | Cold Regions Research and Engineering Laboratory | buried objects
Target: Land mine Mine Type: Anti-Personnel

Recommend the most appropriate type of sensor...
**Recommendation: Ground Penetrating Radar (GPR)**

**Rationale:**

*   **Target Characteristics:** The target is a buried land mine, specifically an anti-personnel mine. This means it's hidden beneath the surface and requires detection methods that can penetrate the soil.
*   **Environmental Conditions:** The soil is described as ""Humid and Limy.""  Humidity can affect the performance of some sensors (e.g., electromagnetic sensors), but GPR is relatively robust",/content/drive/MyDrive/CMDACapstone_2025-11-30_16-18-29/attentions/attn_0136.json
"You are a sensor expert. Given the following situation:
Context: Voltage: 0.306495062 V, Height: 1 cm, Soil Type: Humid and Limy
KG context: YPG | CRREL | ROIs | Cold Regions Research and Engineering Laboratory | buried objects
Target: Land mine Mine Type: Anti-Personnel

Recommend the most appropriate type of sensor...

**Recommended Sensor:**

Given the context, the most appropriate sensor type is a **Ground Penetrating Radar (GPR)**.

**Reasoning:**

*   **Target:** The target is a buried land mine, specifically an anti-personnel mine. This indicates that the mine is located beneath the soil surface.
*   **Context:**
    *   **Voltage (0.306495062 V):** While voltage readings are useful in some",/content/drive/MyDrive/CMDACapstone_2025-11-30_16-18-29/attentions/attn_0137.json
"You are a sensor expert. Given the following situation:
Context: Voltage: 0.513594548 V, Height: 0.090909091 cm, Soil Type: Dry and Sandy
KG context: YPG | CRREL | ROIs | Cold Regions Research and Engineering Laboratory | buried objects
Target: Land mine Mine Type: Booby Trap Anti-Personnel

Recommend the most appropriate type of sensor...

**Recommendation:**

Given the context and KG information, the most appropriate sensor type would be a **Ground Penetrating Radar (GPR)**.

**Reasoning:**

*   **Target Identification:** The target is a buried land mine (Booby Trap, Anti-Personnel).  Detecting buried objects is the primary function of GPR.
*   **Soil Conditions:** The soil type (Dry and Sandy) is ideal for GPR operation. Dry sand has relatively low conductivity,",/content/drive/MyDrive/CMDACapstone_2025-11-30_16-18-29/attentions/attn_0138.json
"You are a sensor expert. Given the following situation:
Context: Voltage: 0.407854509 V, Height: 0.272727273 cm, Soil Type: Dry and Sandy
KG context: YPG | CRREL | ROIs | Cold Regions Research and Engineering Laboratory | buried objects
Target: Land mine Mine Type: Booby Trap Anti-Personnel

Recommend the most appropriate type of sensor...

**Recommendation:**

Based on the provided context, the most appropriate sensor type is a **Ground Penetrating Radar (GPR)**.

**Rationale:**

*   **Target Identification:** The target is a buried land mine (specifically a booby trap).  This requires detecting objects beneath the surface.
*   **Soil Conditions:** The soil is described as ""Dry and Sandy."" GPR is particularly effective in sandy soils because the radar signal propagates well through them, minimizing attenuation and allowing",/content/drive/MyDrive/CMDACapstone_2025-11-30_16-18-29/attentions/attn_0139.json
"You are a sensor expert. Given the following situation:
Context: Voltage: 0.389727645 V, Height: 0.363636364 cm, Soil Type: Dry and Sandy
KG context: YPG | CRREL | ROIs | Cold Regions Research and Engineering Laboratory | buried objects
Target: Land mine Mine Type: Booby Trap Anti-Personnel

Recommend the most appropriate type of sensor...

**Recommendation:**

Based on the provided context and the target (Land mine - Booby Trap, Anti-Personnel), the most appropriate sensor type is a **Ground Penetrating Radar (GPR)**.

**Reasoning:**

*   **Target Characteristics:**  Booby traps, particularly anti-personnel mines, are often buried shallowly and can be concealed within the ground. The ""Dry and Sandy"" soil type is ideal for GPR as it offers good penetration characteristics.",/content/drive/MyDrive/CMDACapstone_2025-11-30_16-18-29/attentions/attn_0140.json
"You are a sensor expert. Given the following situation:
Context: Voltage: 0.338368198 V, Height: 0.545454545 cm, Soil Type: Dry and Sandy
KG context: YPG | CRREL | ROIs | Cold Regions Research and Engineering Laboratory | buried objects
Target: Land mine Mine Type: Booby Trap Anti-Personnel

Recommend the most appropriate type of sensor...
**Recommendation:**

Based on the provided context and the target (Land mine Booby Trap Anti-Personnel), the most appropriate sensor type is a **Ground Penetrating Radar (GPR)**.

**Rationale:**

*   **Target Identification:** Booby traps and landmines are often buried underground. GPR excels at detecting subsurface anomalies – changes in dielectric properties – that can indicate the presence of buried objects.
*   **Soil Type Compatibility:** GPR works reasonably well in dry and",/content/drive/MyDrive/CMDACapstone_2025-11-30_16-18-29/attentions/attn_0141.json
"You are a sensor expert. Given the following situation:
Context: Voltage: 0.353473918 V, Height: 0.636363636 cm, Soil Type: Dry and Sandy
KG context: YPG | CRREL | ROIs | Cold Regions Research and Engineering Laboratory | buried objects
Target: Land mine Mine Type: Booby Trap Anti-Personnel

Recommend the most appropriate type of sensor...
**Recommendation: Ground Penetrating Radar (GPR)**

**Rationale:**

*   **Target Identification:** Booby traps, particularly anti-personnel mines, are often buried shallowly and can be concealed beneath surface layers of soil.  The ""Dry and Sandy"" soil type is ideal for GPR performance, as it offers good penetration.
*   **Depth of Investigation:** GPR excels at detecting buried objects at shallow depths (typically up to 1-2 meters, and",/content/drive/MyDrive/CMDACapstone_2025-11-30_16-18-29/attentions/attn_0142.json
"You are a sensor expert. Given the following situation:
Context: Voltage: 0.368579638 V, Height: 0.818181818 cm, Soil Type: Dry and Sandy
KG context: YPG | CRREL | ROIs | Cold Regions Research and Engineering Laboratory | buried objects
Target: Land mine Mine Type: Booby Trap Anti-Personnel

Recommend the most appropriate type of sensor...
**Recommendation: Ground Penetrating Radar (GPR)**

**Rationale:**

1.  **Contextual Clues:** The ""Dry and Sandy"" soil type is a crucial factor. GPR performs exceptionally well in these types of soil, as sand and dry soil have relatively low conductivity, which minimizes signal distortion and allows for deeper penetration. The ""buried objects"" KG context, specifically ""buried objects,"" directly points to the possibility of a landmine.

2.  **Target Identification",/content/drive/MyDrive/CMDACapstone_2025-11-30_16-18-29/attentions/attn_0143.json
"You are a sensor expert. Given the following situation:
Context: Voltage: 0.36253735 V, Height: 0.909090909 cm, Soil Type: Dry and Sandy
KG context: YPG | CRREL | ROIs | Cold Regions Research and Engineering Laboratory | buried objects
Target: Land mine Mine Type: Booby Trap Anti-Personnel

Recommend the most appropriate type of sensor...

**Recommendation:**

Based on the provided context, the most appropriate sensor type for detecting a booby trap anti-personnel land mine in a dry and sandy environment is a **Ground Penetrating Radar (GPR)**.

**Reasoning:**

*   **Target Identification:** The target is a buried object (land mine), indicating the need to detect subsurface anomalies.
*   **Environment:** The ""Dry and Sandy"" soil type presents challenges for traditional methods like metal detectors, as",/content/drive/MyDrive/CMDACapstone_2025-11-30_16-18-29/attentions/attn_0144.json
"You are a sensor expert. Given the following situation:
Context: Voltage: 0.501509972 V, Height: 0 cm, Soil Type: Humid and Sandy
KG context: YPG | CRREL | ROIs | Cold Regions Research and Engineering Laboratory | buried objects
Target: Land mine Mine Type: Booby Trap Anti-Personnel

Recommend the most appropriate type of sensor...

**Recommendation: Ground Penetrating Radar (GPR)**

**Rationale:**

*   **Target Characteristics:** The target is a buried land mine (Booby Trap, Anti-Personnel). This means the mine is hidden beneath the surface.
*   **Environmental Context:** The soil is described as ""Humid and Sandy."" This type of soil can attenuate electromagnetic waves, making it challenging for some sensors. However, GPR is relatively robust to these conditions.
*   **KG Context",/content/drive/MyDrive/CMDACapstone_2025-11-30_16-18-29/attentions/attn_0145.json
"You are a sensor expert. Given the following situation:
Context: Voltage: 0.441087093 V, Height: 0.090909091 cm, Soil Type: Humid and Sandy
KG context: YPG | CRREL | ROIs | Cold Regions Research and Engineering Laboratory | buried objects
Target: Land mine Mine Type: Booby Trap Anti-Personnel

Recommend the most appropriate type of sensor...

**Rationale:**

Given the context, we're looking for a sensor capable of detecting buried objects, specifically landmines, in a challenging environment. The low voltage (0.441087093 V) suggests a potential weak signal, likely related to the electromagnetic field generated by the mine. The height of 0.090909091 cm indicates the mine is very close to the surface. The soil type (humid and sandy) is",/content/drive/MyDrive/CMDACapstone_2025-11-30_16-18-29/attentions/attn_0146.json
"You are a sensor expert. Given the following situation:
Context: Voltage: 0.404833365 V, Height: 0.363636364 cm, Soil Type: Humid and Sandy
KG context: YPG | CRREL | ROIs | Cold Regions Research and Engineering Laboratory | buried objects
Target: Land mine Mine Type: Booby Trap Anti-Personnel

Recommend the most appropriate type of sensor...

**Recommendation:**

Given the context and target, the most appropriate sensor type would be a **Ground Penetrating Radar (GPR)**.

**Reasoning:**

*   **Target Identification:** Identifying a buried landmine, specifically a booby trap, requires penetrating the soil to detect the presence of the object without excavation.
*   **Soil Conditions:** The ""Humid and Sandy"" soil type is ideal for GPR.  GPR works best in dry or semi-dry",/content/drive/MyDrive/CMDACapstone_2025-11-30_16-18-29/attentions/attn_0147.json
"You are a sensor expert. Given the following situation:
Context: Voltage: 0.37764307 V, Height: 0.454545455 cm, Soil Type: Humid and Sandy
KG context: YPG | CRREL | ROIs | Cold Regions Research and Engineering Laboratory | buried objects
Target: Land mine Mine Type: Booby Trap Anti-Personnel

Recommend the most appropriate type of sensor...
**Recommendation: Ground Penetrating Radar (GPR)**

**Rationale:**

*   **Target Identification:** The target is a buried land mine, specifically a booby trap. GPR excels at detecting buried objects and anomalies in the subsurface. Its ability to image the soil profile is crucial for identifying the mine's depth and shape.
*   **Soil Type Consideration:** The ""Humid and Sandy"" soil type is suitable for GPR.  While sand can attenuate radar signals,",/content/drive/MyDrive/CMDACapstone_2025-11-30_16-18-29/attentions/attn_0148.json
"You are a sensor expert. Given the following situation:
Context: Voltage: 0.34743163 V, Height: 0.636363636 cm, Soil Type: Humid and Sandy
KG context: YPG | CRREL | ROIs | Cold Regions Research and Engineering Laboratory | buried objects
Target: Land mine Mine Type: Booby Trap Anti-Personnel

Recommend the most appropriate type of sensor...

**Reasoning:**

The scenario describes the detection of a buried landmine, specifically a booby trap anti-personnel mine.  The provided data—voltage, height, and soil type—suggests a potential use of a Ground Penetrating Radar (GPR) system. Here's a breakdown of why and how:

*   **Buried Object Detection:** GPR is specifically designed to detect buried objects by emitting radio waves into the ground and analyzing the reflected signals. The",/content/drive/MyDrive/CMDACapstone_2025-11-30_16-18-29/attentions/attn_0149.json
"You are a sensor expert. Given the following situation:
Context: Voltage: 0.330664214 V, Height: 0.727272727 cm, Soil Type: Humid and Sandy
KG context: YPG | CRREL | ROIs | Cold Regions Research and Engineering Laboratory | buried objects
Target: Land mine Mine Type: Booby Trap Anti-Personnel

Recommend the most appropriate type of sensor...

**Recommendation:**

Given the context – a low voltage (0.33V), a relatively low height (0.73cm), and a soil type described as ""Humid and Sandy"" – the most appropriate sensor type would be a **Ground Penetrating Radar (GPR)**.

**Rationale:**

*   **Low Signal Strength:** The extremely low voltage suggests the signal is weak, likely due to the depth of the target (mine). GPR is well-suited",/content/drive/MyDrive/CMDACapstone_2025-11-30_16-18-29/attentions/attn_0150.json
"You are a sensor expert. Given the following situation:
Context: Voltage: 0.329304766 V, Height: 0.909090909 cm, Soil Type: Humid and Sandy
KG context: YPG | CRREL | ROIs | Cold Regions Research and Engineering Laboratory | buried objects
Target: Land mine Mine Type: Booby Trap Anti-Personnel

Recommend the most appropriate type of sensor...
**Recommendation: Ground Penetrating Radar (GPR)**

**Rationale:**

Here's a breakdown of why GPR is the most suitable sensor for this scenario, considering the context and KG information:

1.  **Target Identification - Booby Traps (Land Mines):** Land mines, particularly booby traps, are frequently buried just below the surface. They often have associated wiring, tripwires, or other components that are not visible. GPR excels at detecting buried metallic objects",/content/drive/MyDrive/CMDACapstone_2025-11-30_16-18-29/attentions/attn_0151.json
"You are a sensor expert. Given the following situation:
Context: Voltage: 0.309516206 V, Height: 1 cm, Soil Type: Humid and Sandy
KG context: YPG | CRREL | ROIs | Cold Regions Research and Engineering Laboratory | buried objects
Target: Land mine Mine Type: Booby Trap Anti-Personnel

Recommend the most appropriate type of sensor...

**Recommendation:**

Given the context – a voltage of 0.309516206 V, a height of 1 cm, and a soil type of humid and sandy – and the target of a buried land mine (specifically a booby trap, anti-personnel type) – the most appropriate sensor type is a **Ground Penetrating Radar (GPR)**.

**Rationale:**

Here’s a breakdown of why GPR is the best choice and",/content/drive/MyDrive/CMDACapstone_2025-11-30_16-18-29/attentions/attn_0152.json
"You are a sensor expert. Given the following situation:
Context: Voltage: 0.531721412 V, Height: 0.181818182 cm, Soil Type: Dry and Humus
KG context: YPG | CRREL | ROIs | Cold Regions Research and Engineering Laboratory | buried objects
Target: Land mine Mine Type: Booby Trap Anti-Personnel

Recommend the most appropriate type of sensor...

**Recommendation:**

Based on the provided context and the target (land mine - Booby Trap, Anti-Personnel), the most appropriate sensor type is a **Ground Penetrating Radar (GPR)**.

**Reasoning:**

Here's a breakdown of why GPR is the best choice, considering the data and the target:

*   **Buried Objects:** The KG context explicitly references ""buried objects"" (land mines). GPR excels at detecting objects buried beneath the surface",/content/drive/MyDrive/CMDACapstone_2025-11-30_16-18-29/attentions/attn_0153.json
"You are a sensor expert. Given the following situation:
Context: Voltage: 0.504531116 V, Height: 0.272727273 cm, Soil Type: Dry and Humus
KG context: YPG | CRREL | ROIs | Cold Regions Research and Engineering Laboratory | buried objects
Target: Land mine Mine Type: Booby Trap Anti-Personnel

Recommend the most appropriate type of sensor...
**Recommendation: Ground Penetrating Radar (GPR)**

**Rationale:**

*   **Target Characteristics:** The target is a buried land mine (Booby Trap, Anti-Personnel). This indicates the need to detect objects beneath the surface.
*   **Environmental Conditions:** The soil type (Dry and Humus) presents a challenge. Dry soil can attenuate radar signals, but humus content might provide some scattering, which could be beneficial.
*   **Contextual Information (KG):",/content/drive/MyDrive/CMDACapstone_2025-11-30_16-18-29/attentions/attn_0154.json
"You are a sensor expert. Given the following situation:
Context: Voltage: 0.438065949 V, Height: 0.454545455 cm, Soil Type: Dry and Humus
KG context: YPG | CRREL | ROIs | Cold Regions Research and Engineering Laboratory | buried objects
Target: Land mine Mine Type: Booby Trap Anti-Personnel

Recommend the most appropriate type of sensor...

**Reasoning:**

The context provides several key pieces of information that point towards the need for a sensor capable of detecting buried objects, specifically landmines. Let's break down why:

*   **Voltage (0.438065949 V):** This is a crucial piece of data. The presence of a buried object, especially a metallic one like a landmine, will induce a voltage in the surrounding soil. This is due to the principle of electromagnetic",/content/drive/MyDrive/CMDACapstone_2025-11-30_16-18-29/attentions/attn_0155.json
"You are a sensor expert. Given the following situation:
Context: Voltage: 0.398791077 V, Height: 0.545454545 cm, Soil Type: Dry and Humus
KG context: YPG | CRREL | ROIs | Cold Regions Research and Engineering Laboratory | buried objects
Target: Land mine Mine Type: Booby Trap Anti-Personnel

Recommend the most appropriate type of sensor...

**Recommendation:**

Based on the provided context, the most appropriate sensor type is a **Ground Penetrating Radar (GPR)**.

**Rationale:**

*   **Target:** The target is a buried land mine (specifically a booby trap, an anti-personnel device).  This indicates a need to detect objects hidden beneath the surface.
*   **Context:**
    *   **Voltage (0.398791077 V):** While",/content/drive/MyDrive/CMDACapstone_2025-11-30_16-18-29/attentions/attn_0156.json
"You are a sensor expert. Given the following situation:
Context: Voltage: 0.36253735 V, Height: 0.727272727 cm, Soil Type: Dry and Humus
KG context: YPG | CRREL | ROIs | Cold Regions Research and Engineering Laboratory | buried objects
Target: Land mine Mine Type: Booby Trap Anti-Personnel

Recommend the most appropriate type of sensor...
**Recommendation: Ground Penetrating Radar (GPR)**

**Reasoning:**

Here's a breakdown of why GPR is the best choice, considering the context and KG information:

1.  **Target Identification:** The target is a buried landmine (specifically a Booby Trap - Anti-Personnel).  This means we need to detect something beneath the surface, likely partially or completely obscured.

2.  **Contextual Clues:**
    *   **Voltage (",/content/drive/MyDrive/CMDACapstone_2025-11-30_16-18-29/attentions/attn_0157.json
"You are a sensor expert. Given the following situation:
Context: Voltage: 0.314199046 V, Height: 0.818181818 cm, Soil Type: Dry and Humus
KG context: YPG | CRREL | ROIs | Cold Regions Research and Engineering Laboratory | buried objects
Target: Land mine Mine Type: Booby Trap Anti-Personnel

Recommend the most appropriate type of sensor...

**Reasoning:**

The scenario describes the detection of a buried landmine, specifically a booby trap anti-personnel mine. The key factors are:

*   **Buried Object:** This immediately rules out surface-level sensors. We need a sensor capable of detecting objects hidden beneath the soil.
*   **Voltage (0.314199046 V):** This is a crucial piece of information. It suggests the sensor is detecting a change in",/content/drive/MyDrive/CMDACapstone_2025-11-30_16-18-29/attentions/attn_0158.json
"You are a sensor expert. Given the following situation:
Context: Voltage: 0.329304766 V, Height: 1 cm, Soil Type: Dry and Humus
KG context: YPG | CRREL | ROIs | Cold Regions Research and Engineering Laboratory | buried objects
Target: Land mine Mine Type: Booby Trap Anti-Personnel

Recommend the most appropriate type of sensor...

**Recommendation:**

Given the context – a low voltage (0.329 V), a small height measurement (1 cm), and a soil type of dry and humus – the most appropriate sensor type would be a **Ground Penetrating Radar (GPR)**.

**Reasoning:**

Here's a breakdown of why GPR is the best choice, and why other sensors are less suitable:

*   **Low Voltage & Small Height:** This suggests the object of interest is",/content/drive/MyDrive/CMDACapstone_2025-11-30_16-18-29/attentions/attn_0159.json
"You are a sensor expert. Given the following situation:
Context: Voltage: 0.28125225 V, Height: 0 cm, Soil Type: Humid and Humus
KG context: YPG | CRREL | ROIs | Cold Regions Research and Engineering Laboratory | buried objects
Target: Land mine Mine Type: Booby Trap Anti-Personnel

Recommend the most appropriate type of sensor...
**Recommendation:**

Based on the provided context and target, I recommend utilizing a **Ground Penetrating Radar (GPR)** sensor, specifically configured for buried object detection.

**Rationale:**

1.  **Target Type (Booby Trap, Anti-Personnel Land Mine):**  Landmines are typically buried beneath the surface, and booby traps often involve hidden mechanisms. GPR excels at detecting buried objects without excavation.

2.  **Contextual Clues:**
    *",/content/drive/MyDrive/CMDACapstone_2025-11-30_16-18-29/attentions/attn_0160.json
"You are a sensor expert. Given the following situation:
Context: Voltage: 0.273866976 V, Height: 0.181818182 cm, Soil Type: Humid and Humus
KG context: YPG | CRREL | ROIs | Cold Regions Research and Engineering Laboratory | buried objects
Target: Land mine Mine Type: Booby Trap Anti-Personnel

Recommend the most appropriate type of sensor...

**Reasoning:**

The context provides a detailed environmental and physical measurement. The key elements are:

*   **Low Voltage (0.273866976 V):** This suggests a potential electromagnetic signal, likely from a buried device.  The low voltage implies a weak signal, possibly a battery or a low-power circuit.
*   **Small Height (0.181818182 cm):**  This indicates that the",/content/drive/MyDrive/CMDACapstone_2025-11-30_16-18-29/attentions/attn_0161.json
"You are a sensor expert. Given the following situation:
Context: Voltage: 0.256465241 V, Height: 0.272727273 cm, Soil Type: Humid and Humus
KG context: YPG | CRREL | ROIs | Cold Regions Research and Engineering Laboratory | buried objects
Target: Land mine Mine Type: Booby Trap Anti-Personnel

Recommend the most appropriate type of sensor...
**Sensor Recommendation: Ground Penetrating Radar (GPR)**

**Rationale:**

*   **Target Identification:** Booby traps, particularly anti-personnel mines, are often buried just beneath the surface. Visual inspection alone is unlikely to reveal them.
*   **Soil Conditions:** The ""Humid and Humus"" soil type can attenuate electromagnetic waves, but GPR is robust enough to still provide subsurface imaging.  Humus can create some scattering, but the signal will still be",/content/drive/MyDrive/CMDACapstone_2025-11-30_16-18-29/attentions/attn_0162.json
"You are a sensor expert. Given the following situation:
Context: Voltage: 0.227522439 V, Height: 0.454545455 cm, Soil Type: Humid and Humus
KG context: YPG | CRREL | ROIs | Cold Regions Research and Engineering Laboratory | buried objects
Target: Land mine Mine Type: Booby Trap Anti-Personnel

Recommend the most appropriate type of sensor...

**Recommendation:**

Given the context and target, the most appropriate sensor type is a **Ground Penetrating Radar (GPR)**.

**Reasoning:**

*   **Target Identification:** The target is a buried land mine (specifically a booby trap, an anti-personnel device). This means we need to detect a small, metallic object buried beneath the soil.
*   **Soil Conditions:** The soil is described as ""Humid and Humus."" Humus can attenuate",/content/drive/MyDrive/CMDACapstone_2025-11-30_16-18-29/attentions/attn_0163.json
"You are a sensor expert. Given the following situation:
Context: Voltage: 0.235649303 V, Height: 0.545454545 cm, Soil Type: Humid and Humus
KG context: YPG | CRREL | ROIs | Cold Regions Research and Engineering Laboratory | buried objects
Target: Land mine Mine Type: Booby Trap Anti-Personnel

Recommend the most appropriate type of sensor...
**Recommendation:**

Given the context and target, the most appropriate sensor type is a **Ground Penetrating Radar (GPR)**.

**Reasoning:**

Here's a breakdown of why GPR is the best choice, considering the provided information:

*   **Target Identification:** The target is a buried land mine, specifically a booby trap.  GPR excels at detecting buried objects, even those partially covered by soil.  The ""KG context"" referencing CRREL (",/content/drive/MyDrive/CMDACapstone_2025-11-30_16-18-29/attentions/attn_0164.json
"You are a sensor expert. Given the following situation:
Context: Voltage: 0.207945319 V, Height: 0.727272727 cm, Soil Type: Humid and Humus
KG context: YPG | CRREL | ROIs | Cold Regions Research and Engineering Laboratory | buried objects
Target: Land mine Mine Type: Booby Trap Anti-Personnel

Recommend the most appropriate type of sensor...
**Recommendation: Ground Penetrating Radar (GPR)**

**Rationale:**

*   **Target Identification:** Booby traps, particularly anti-personnel mines, are often buried and partially concealed. GPR excels at detecting subsurface anomalies and metallic objects without excavation.
*   **Soil Conditions:** The ""Humid and Humus"" soil type is ideal for GPR. Humus can scatter radar signals, but GPR systems are designed to mitigate this effect. The humidity itself isn'",/content/drive/MyDrive/CMDACapstone_2025-11-30_16-18-29/attentions/attn_0165.json
"You are a sensor expert. Given the following situation:
Context: Voltage: 0.197733879 V, Height: 0.818181818 cm, Soil Type: Humid and Humus
KG context: YPG | CRREL | ROIs | Cold Regions Research and Engineering Laboratory | buried objects
Target: Land mine Mine Type: Booby Trap Anti-Personnel

Recommend the most appropriate type of sensor...
**Recommendation: Ground Penetrating Radar (GPR)**

**Rationale:**

Here's a detailed breakdown of why GPR is the most suitable sensor for this scenario, considering the context and KG information:

1. **Target Identification (Land Mine - Booby Trap):**  Booby traps are often concealed and buried, making visual inspection insufficient. GPR excels at detecting subsurface anomalies – specifically, changes in the dielectric properties of the soil caused by buried objects like metal mine components.",/content/drive/MyDrive/CMDACapstone_2025-11-30_16-18-29/attentions/attn_0166.json
"You are a sensor expert. Given the following situation:
Context: Voltage: 0.24220528 V, Height: 0.090909091 cm, Soil Type: Dry and Limy
KG context: YPG | CRREL | ROIs | Cold Regions Research and Engineering Laboratory | buried objects
Target: Land mine Mine Type: Booby Trap Anti-Personnel

Recommend the most appropriate type of sensor...
**Sensor Recommendation: Ground Penetrating Radar (GPR)**

**Rationale:**

*   **Target Type:** The target is a buried land mine, specifically a booby trap (Anti-Personnel). This indicates a shallow burial depth and the potential for the mine to be concealed beneath the soil surface.
*   **Soil Type:** ""Dry and Limy"" soil can attenuate electromagnetic waves, which is a factor to consider for GPR. However, GPR is generally effective in a",/content/drive/MyDrive/CMDACapstone_2025-11-30_16-18-29/attentions/attn_0167.json
"You are a sensor expert. Given the following situation:
Context: Voltage: 0.240332143 V, Height: 0.181818182 cm, Soil Type: Dry and Limy
KG context: YPG | CRREL | ROIs | Cold Regions Research and Engineering Laboratory | buried objects
Target: Land mine Mine Type: Booby Trap Anti-Personnel

Recommend the most appropriate type of sensor...
**Recommendation: Electromagnetic Induction Sensor (EMI)**

**Rationale:**

Here's a breakdown of why an EMI sensor is the best choice in this scenario, considering the provided context and the target (land mine booby trap):

1. **Contextual Relevance:**
   - **Voltage (0.240332143 V):**  This low voltage reading is highly suggestive of buried metallic objects. EMI sensors are particularly adept at detecting the minute electromagnetic fields generated",/content/drive/MyDrive/CMDACapstone_2025-11-30_16-18-29/attentions/attn_0168.json
"You are a sensor expert. Given the following situation:
Context: Voltage: 0.262839599 V, Height: 0.454545455 cm, Soil Type: Dry and Limy
KG context: YPG | CRREL | ROIs | Cold Regions Research and Engineering Laboratory | buried objects
Target: Land mine Mine Type: Booby Trap Anti-Personnel

Recommend the most appropriate type of sensor...
**Recommendation: Ground Penetrating Radar (GPR)**

**Rationale:**

1.  **Contextual Clues:** The presence of a buried landmine (specifically a booby trap) is the primary target. This indicates a need to detect objects beneath the surface.
2.  **Soil Type:** The ""Dry and Limy"" soil type is relevant. GPR works well with a variety of soil types, including dry and rocky ones, though it can be affected by high",/content/drive/MyDrive/CMDACapstone_2025-11-30_16-18-29/attentions/attn_0169.json
"You are a sensor expert. Given the following situation:
Context: Voltage: 0.255860743 V, Height: 0.545454545 cm, Soil Type: Dry and Limy
KG context: YPG | CRREL | ROIs | Cold Regions Research and Engineering Laboratory | buried objects
Target: Land mine Mine Type: Booby Trap Anti-Personnel

Recommend the most appropriate type of sensor...

**Recommendation:**

Based on the provided context, the most appropriate sensor type is a **Ground Penetrating Radar (GPR)**.

**Rationale:**

Here's a breakdown of why GPR is the best choice and why other sensor types are less suitable:

*   **Target Identification:** The target is a buried land mine, specifically a booby trap.  GPR excels at detecting buried objects, even those with irregular shapes and depths.
*   **Soil Conditions:**",/content/drive/MyDrive/CMDACapstone_2025-11-30_16-18-29/attentions/attn_0170.json
"You are a sensor expert. Given the following situation:
Context: Voltage: 0.233987607 V, Height: 0.727272727 cm, Soil Type: Dry and Limy
KG context: YPG | CRREL | ROIs | Cold Regions Research and Engineering Laboratory | buried objects
Target: Land mine Mine Type: Booby Trap Anti-Personnel

Recommend the most appropriate type of sensor...

**Reasoning:**

The situation describes a potential land mine detection scenario, specifically a booby trap, in a cold region (suggested by the KG context). The provided data – voltage, height, and soil type – are all potentially relevant for sensor operation. Let's break down why each data point matters and what kind of sensor would be best suited:

*   **Voltage (0.233987607 V):** This is the most critical piece",/content/drive/MyDrive/CMDACapstone_2025-11-30_16-18-29/attentions/attn_0171.json
"You are a sensor expert. Given the following situation:
Context: Voltage: 0.213096646 V, Height: 0.818181818 cm, Soil Type: Dry and Limy
KG context: YPG | CRREL | ROIs | Cold Regions Research and Engineering Laboratory | buried objects
Target: Land mine Mine Type: Booby Trap Anti-Personnel

Recommend the most appropriate type of sensor...
...and explain your reasoning.

**Recommendation: Ground Penetrating Radar (GPR)**

**Reasoning:**

Here's a breakdown of why GPR is the most suitable sensor for this scenario, considering the provided context and target:

1. **Target Identification - Booby Traps:** Booby traps, particularly anti-personnel mines, are often buried just beneath the surface.  They frequently consist of wires, tripwires, and other mechanical components that are difficult to detect",/content/drive/MyDrive/CMDACapstone_2025-11-30_16-18-29/attentions/attn_0172.json
"You are a sensor expert. Given the following situation:
Context: Voltage: 0.234924175 V, Height: 1 cm, Soil Type: Dry and Limy
KG context: YPG | CRREL | ROIs | Cold Regions Research and Engineering Laboratory | buried objects
Target: Land mine Mine Type: Booby Trap Anti-Personnel

Recommend the most appropriate type of sensor...

**Recommendation: Ground Penetrating Radar (GPR)**

**Rationale:**

*   **Target Characteristics:** The target is a buried land mine, specifically a booby trap (anti-personnel). This indicates the mine is hidden beneath the surface, making traditional methods of detection (e.g., metal detectors) ineffective.
*   **Environmental Factors:** The soil is dry and limy. Dry soil can sometimes attenuate GPR signals, but this is generally manageable with proper antenna selection",/content/drive/MyDrive/CMDACapstone_2025-11-30_16-18-29/attentions/attn_0173.json
"You are a sensor expert. Given the following situation:
Context: Voltage: 0.592144292 V, Height: 0 cm, Soil Type: Humid and Limy
KG context: YPG | CRREL | ROIs | Cold Regions Research and Engineering Laboratory | buried objects
Target: Land mine Mine Type: Booby Trap Anti-Personnel

Recommend the most appropriate type of sensor...
**Recommendation: Ground Penetrating Radar (GPR)**

**Rationale:**

*   **Target Characteristics:** We're dealing with a buried land mine, specifically a booby trap. This suggests a concealed object buried beneath the surface.
*   **Contextual Information:**
    *   **Voltage (0.592144292 V):**  While voltage can be a clue in some sensor applications (e.g., metal detectors), it's",/content/drive/MyDrive/CMDACapstone_2025-11-30_16-18-29/attentions/attn_0174.json
"You are a sensor expert. Given the following situation:
Context: Voltage: 0.416917941 V, Height: 0.181818182 cm, Soil Type: Humid and Limy
KG context: YPG | CRREL | ROIs | Cold Regions Research and Engineering Laboratory | buried objects
Target: Land mine Mine Type: Booby Trap Anti-Personnel

Recommend the most appropriate type of sensor...

**Reasoning:**

The context describes a scenario involving the detection of a buried land mine, specifically a booby trap anti-personnel device. This is a high-risk situation requiring precise and reliable detection methods. The sensor needs to be capable of penetrating the soil and identifying anomalies associated with the mine's presence. The provided data (Voltage, Height, Soil Type) suggests a shallow burial, which further emphasizes the need for a localized sensing approach.

Considering the KG context of """,/content/drive/MyDrive/CMDACapstone_2025-11-30_16-18-29/attentions/attn_0175.json
"You are a sensor expert. Given the following situation:
Context: Voltage: 0.422960229 V, Height: 0.272727273 cm, Soil Type: Humid and Limy
KG context: YPG | CRREL | ROIs | Cold Regions Research and Engineering Laboratory | buried objects
Target: Land mine Mine Type: Booby Trap Anti-Personnel

Recommend the most appropriate type of sensor...

**Recommendation:**

Given the context – a buried land mine (Booby Trap, Anti-Personnel) detected with a voltage of 0.423 V, a height of 0.273 cm, and soil identified as ""Humid and Limy"" – the most appropriate sensor type is a **Ground Penetrating Radar (GPR)**.

**Reasoning:**

Here's a breakdown of why GPR is the best choice, and why other sensor types",/content/drive/MyDrive/CMDACapstone_2025-11-30_16-18-29/attentions/attn_0176.json
"You are a sensor expert. Given the following situation:
Context: Voltage: 0.407854509 V, Height: 0.454545455 cm, Soil Type: Humid and Limy
KG context: YPG | CRREL | ROIs | Cold Regions Research and Engineering Laboratory | buried objects
Target: Land mine Mine Type: Booby Trap Anti-Personnel

Recommend the most appropriate type of sensor...

**Reasoning:**

The context describes a situation involving the detection of a buried land mine, specifically a booby trap anti-personnel mine. The key factors are the voltage, height, and soil type.  Given the KG context of ""buried objects"" and ""Cold Regions Research and Engineering Laboratory,"" we're dealing with a challenging environment – likely cold, potentially frozen ground.  The low voltage (0.407854509 V) and small height",/content/drive/MyDrive/CMDACapstone_2025-11-30_16-18-29/attentions/attn_0177.json
"You are a sensor expert. Given the following situation:
Context: Voltage: 0.33232591 V, Height: 0.545454545 cm, Soil Type: Humid and Limy
KG context: YPG | CRREL | ROIs | Cold Regions Research and Engineering Laboratory | buried objects
Target: Land mine Mine Type: Booby Trap Anti-Personnel

Recommend the most appropriate type of sensor...
**Recommendation: Ground Penetrating Radar (GPR)**

**Rationale:**

Here's a detailed breakdown of why GPR is the most suitable sensor for this target:

1.  **Target Characteristics:**
    *   **Buried Object (Land Mine):** Land mines are designed to be buried, making direct visual or electrical sensing methods ineffective.
    *   **Mine Type (Booby Trap, Anti-Personnel):** Booby traps often involve hidden mechanisms and wiring",/content/drive/MyDrive/CMDACapstone_2025-11-30_16-18-29/attentions/attn_0178.json
"You are a sensor expert. Given the following situation:
Context: Voltage: 0.329304766 V, Height: 0.727272727 cm, Soil Type: Humid and Limy
KG context: YPG | CRREL | ROIs | Cold Regions Research and Engineering Laboratory | buried objects
Target: Land mine Mine Type: Booby Trap Anti-Personnel

Recommend the most appropriate type of sensor...

**Recommendation: Ground Penetrating Radar (GPR)**

**Rationale:**

Here's a detailed breakdown of why GPR is the best sensor choice, considering the context and target:

1.  **Target Identification:** The target is a buried land mine, specifically a booby trap.  This indicates a need to detect objects *under* the surface.  Visual inspection and simple soil analysis (like the provided Soil Type) are insufficient for this task.

2.  **",/content/drive/MyDrive/CMDACapstone_2025-11-30_16-18-29/attentions/attn_0179.json
"You are a sensor expert. Given the following situation:
Context: Voltage: 0.365558494 V, Height: 0.818181818 cm, Soil Type: Humid and Limy
KG context: YPG | CRREL | ROIs | Cold Regions Research and Engineering Laboratory | buried objects
Target: Land mine Mine Type: Booby Trap Anti-Personnel

Recommend the most appropriate type of sensor...
**Recommendation: Ground Penetrating Radar (GPR)**

**Reasoning:**

Here’s a detailed breakdown of why GPR is the most suitable sensor for this scenario, considering the context and KG information:

1.  **Target Identification:**  The target is a buried land mine (specifically a booby trap - Anti-Personnel).  Land mines are often buried shallowly, and their presence is difficult to detect visually or through basic soil analysis. 

2.  **",/content/drive/MyDrive/CMDACapstone_2025-11-30_16-18-29/attentions/attn_0180.json
"You are a sensor expert. Given the following situation:
Context: Voltage: 0.329304766 V, Height: 1 cm, Soil Type: Humid and Limy
KG context: YPG | CRREL | ROIs | Cold Regions Research and Engineering Laboratory | buried objects
Target: Land mine Mine Type: Booby Trap Anti-Personnel

Recommend the most appropriate type of sensor...
**Recommendation:**

Based on the provided context and target, I recommend utilizing a **Ground Penetrating Radar (GPR)** sensor.

**Justification:**

Here's a breakdown of why GPR is the most suitable sensor in this scenario:

*   **Target Identification:**  Booby traps, specifically anti-personnel mines, are often buried just beneath the surface. GPR excels at detecting buried metallic objects and changes in soil dielectric properties, which can indicate the presence of",/content/drive/MyDrive/CMDACapstone_2025-11-30_16-18-29/attentions/attn_0181.json
"You are a sensor expert. Given the following situation:
Context: Voltage: 0.58308086 V, Height: 0 cm, Soil Type: Dry and Sandy
KG context: YPG | CRREL | ROIs | Cold Regions Research and Engineering Laboratory | buried objects
Target: Land mine Mine Type: M14 Anti-Personnel

Recommend the most appropriate type of sensor...
**Recommendation:**

Given the context – a voltage of 0.58308086 V, height of 0 cm, dry and sandy soil, and the target being a buried land mine (specifically an M14 anti-personnel mine) – the most appropriate sensor type is a **Ground Penetrating Radar (GPR)**.

**Reasoning:**

Let's break down why GPR is superior to other sensor options in this scenario:

*",/content/drive/MyDrive/CMDACapstone_2025-11-30_16-18-29/attentions/attn_0182.json
"You are a sensor expert. Given the following situation:
Context: Voltage: 0.311177902 V, Height: 0.181818182 cm, Soil Type: Dry and Sandy
KG context: YPG | CRREL | ROIs | Cold Regions Research and Engineering Laboratory | buried objects
Target: Land mine Mine Type: M14 Anti-Personnel

Recommend the most appropriate type of sensor...

**Recommendation: Ground Penetrating Radar (GPR)**

**Rationale:**

Here's a breakdown of why GPR is the most suitable sensor in this scenario, considering the context and KG information:

*   **Buried Objects (KG Context):** The KG explicitly mentions ""buried objects"" – landmines are precisely that.  GPR is *the* primary technology for detecting buried objects non-destructively.
*   **Soil Type (Context):** Dry and",/content/drive/MyDrive/CMDACapstone_2025-11-30_16-18-29/attentions/attn_0183.json
"You are a sensor expert. Given the following situation:
Context: Voltage: 0.277945319 V, Height: 0.272727273 cm, Soil Type: Dry and Sandy
KG context: YPG | CRREL | ROIs | Cold Regions Research and Engineering Laboratory | buried objects
Target: Land mine Mine Type: M14 Anti-Personnel

Recommend the most appropriate type of sensor...

**Recommendation: Ground Penetrating Radar (GPR)**

**Rationale:**

*   **Target Characteristics:** The target is a buried landmine (M14). Landmines are typically buried, making visual inspection impossible.
*   **Environmental Conditions:** The soil is dry and sandy. This type of soil can attenuate electromagnetic waves, which is a challenge for some sensors. However, GPR is less affected by soil conditions than other methods like metal detectors.
*   **KG Context",/content/drive/MyDrive/CMDACapstone_2025-11-30_16-18-29/attentions/attn_0184.json
"You are a sensor expert. Given the following situation:
Context: Voltage: 0.335347054 V, Height: 0.454545455 cm, Soil Type: Dry and Sandy
KG context: YPG | CRREL | ROIs | Cold Regions Research and Engineering Laboratory | buried objects
Target: Land mine Mine Type: M14 Anti-Personnel

Recommend the most appropriate type of sensor...
**Recommendation: Ground Penetrating Radar (GPR)**

**Rationale:**

*   **Target Characteristics:** The target is a buried land mine (M14). This means the mine is hidden beneath the soil surface.
*   **Soil Conditions:** The soil is dry and sandy. This is a challenging environment for many sensors due to the high conductivity of sandy soil, which can distort electromagnetic signals. However, GPR is relatively robust in these conditions.
*   **Contextual",/content/drive/MyDrive/CMDACapstone_2025-11-30_16-18-29/attentions/attn_0185.json
"You are a sensor expert. Given the following situation:
Context: Voltage: 0.229607015 V, Height: 0.545454545 cm, Soil Type: Dry and Sandy
KG context: YPG | CRREL | ROIs | Cold Regions Research and Engineering Laboratory | buried objects
Target: Land mine Mine Type: M14 Anti-Personnel

Recommend the most appropriate type of sensor...

**Recommendation:**

Given the context and target, the most appropriate sensor type is a **Ground Penetrating Radar (GPR)**.

**Rationale:**

*   **Buried Objects:** The KG context explicitly points to buried objects, specifically landmines. GPR is exceptionally well-suited for detecting buried objects, regardless of material composition.
*   **Soil Type:** The dry and sandy soil presents a challenge for some sensors. GPR is less affected by soil moisture and conductivity compared",/content/drive/MyDrive/CMDACapstone_2025-11-30_16-18-29/attentions/attn_0186.json
"You are a sensor expert. Given the following situation:
Context: Voltage: 0.290029894 V, Height: 0.727272727 cm, Soil Type: Dry and Sandy
KG context: YPG | CRREL | ROIs | Cold Regions Research and Engineering Laboratory | buried objects
Target: Land mine Mine Type: M14 Anti-Personnel

Recommend the most appropriate type of sensor...

**Reasoning:**

The context describes a situation involving a buried object (likely a land mine) in a cold, dry, and sandy environment. The sensor needs to be capable of detecting and identifying buried objects, and it must function reliably in these challenging conditions.  The KG context mentions the CRREL's work on buried objects in cold regions, suggesting a need for specialized techniques.

Considering the available information, the best sensor type is a Ground Penetrating Radar (GPR). Here",/content/drive/MyDrive/CMDACapstone_2025-11-30_16-18-29/attentions/attn_0187.json
"You are a sensor expert. Given the following situation:
Context: Voltage: 0.30211447 V, Height: 0.818181818 cm, Soil Type: Dry and Sandy
KG context: YPG | CRREL | ROIs | Cold Regions Research and Engineering Laboratory | buried objects
Target: Land mine Mine Type: M14 Anti-Personnel

Recommend the most appropriate type of sensor...
**Recommendation: Ground Penetrating Radar (GPR)**

**Rationale:**

*   **Target Identification:** Land mines, particularly the M14 anti-personnel type, are often buried at shallow depths. GPR excels at detecting subsurface anomalies caused by buried objects.
*   **Soil Type:** Dry and sandy soil can attenuate electromagnetic waves, but GPR can still operate effectively with proper antenna selection and scanning parameters. The key is to use a low-frequency antenna to penetrate the",/content/drive/MyDrive/CMDACapstone_2025-11-30_16-18-29/attentions/attn_0188.json
"You are a sensor expert. Given the following situation:
Context: Voltage: 0.314199046 V, Height: 1 cm, Soil Type: Dry and Sandy
KG context: YPG | CRREL | ROIs | Cold Regions Research and Engineering Laboratory | buried objects
Target: Land mine Mine Type: M14 Anti-Personnel

Recommend the most appropriate type of sensor...
**Recommendation: Ground Penetrating Radar (GPR)**

**Rationale:**

Here's a detailed breakdown of why GPR is the most suitable sensor for this specific scenario, considering the context and KG information:

1.  **Target Identification (Land Mine):** Land mines, particularly the M14 anti-personnel type, are often buried and their presence is difficult to detect visually or through simple soil analysis.  GPR excels at detecting buried objects, even those partially covered",/content/drive/MyDrive/CMDACapstone_2025-11-30_16-18-29/attentions/attn_0189.json
"You are a sensor expert. Given the following situation:
Context: Voltage: 0.558911708 V, Height: 0 cm, Soil Type: Humid and Sandy
KG context: YPG | CRREL | ROIs | Cold Regions Research and Engineering Laboratory | buried objects
Target: Land mine Mine Type: M14 Anti-Personnel

Recommend the most appropriate type of sensor...

**Recommendation: Ground Penetrating Radar (GPR)**

**Rationale:**

*   **Target Characteristics:** The target is a buried landmine (M14 Anti-Personnel).  Landmines are typically buried at shallow depths, often just below the surface.
*   **Environmental Conditions:** The soil type (Humid and Sandy) is suitable for GPR.  Sand is a good medium for GPR signals to propagate, and the humidity isn't expected to significantly degrade performance",/content/drive/MyDrive/CMDACapstone_2025-11-30_16-18-29/attentions/attn_0190.json
"You are a sensor expert. Given the following situation:
Context: Voltage: 0.501509972 V, Height: 0.181818182 cm, Soil Type: Humid and Sandy
KG context: YPG | CRREL | ROIs | Cold Regions Research and Engineering Laboratory | buried objects
Target: Land mine Mine Type: M14 Anti-Personnel

Recommend the most appropriate type of sensor...
**Recommendation: Ground Penetrating Radar (GPR)**

**Rationale:**

Here's a detailed breakdown of why GPR is the most suitable sensor in this scenario, considering the context, KG context, and target:

1. **Target Characteristics (Land Mine):** Land mines, particularly the M14 Anti-Personnel, are buried objects.  They are often concealed beneath the surface, making visual or electromagnetic detection methods (like metal detectors) unreliable.

2. **Context",/content/drive/MyDrive/CMDACapstone_2025-11-30_16-18-29/attentions/attn_0191.json
"You are a sensor expert. Given the following situation:
Context: Voltage: 0.534742556 V, Height: 0.272727273 cm, Soil Type: Humid and Sandy
KG context: YPG | CRREL | ROIs | Cold Regions Research and Engineering Laboratory | buried objects
Target: Land mine Mine Type: M14 Anti-Personnel

Recommend the most appropriate type of sensor...
**Recommendation: Ground Penetrating Radar (GPR)**

**Rationale:**

*   **Target Characteristics:** The target is a buried landmine (M14). Landmines are typically buried underground, often at shallow depths.
*   **Environmental Conditions:** The soil type is ""Humid and Sandy,"" which is a challenging environment for some sensors. Sandy soil can attenuate radar signals, but GPR is relatively robust to these effects compared to other methods. The humidity will also slightly affect",/content/drive/MyDrive/CMDACapstone_2025-11-30_16-18-29/attentions/attn_0192.json
"You are a sensor expert. Given the following situation:
Context: Voltage: 0.489425397 V, Height: 0.454545455 cm, Soil Type: Humid and Sandy
KG context: YPG | CRREL | ROIs | Cold Regions Research and Engineering Laboratory | buried objects
Target: Land mine Mine Type: M14 Anti-Personnel

Recommend the most appropriate type of sensor...

**Recommendation: Ground Penetrating Radar (GPR)**

**Rationale:**

*   **Target Characteristics:** The target is a buried land mine (M14).  This requires penetrating the soil to detect its presence.
*   **Soil Conditions:** The soil is described as ""Humid and Sandy.""  Sand is a common soil type for land mine burial and can attenuate electromagnetic waves, but GPR can still be effective, especially with careful antenna selection and data processing. Humidity can",/content/drive/MyDrive/CMDACapstone_2025-11-30_16-18-29/attentions/attn_0193.json
"You are a sensor expert. Given the following situation:
Context: Voltage: 0.443805988 V, Height: 0.545454545 cm, Soil Type: Humid and Sandy
KG context: YPG | CRREL | ROIs | Cold Regions Research and Engineering Laboratory | buried objects
Target: Land mine Mine Type: M14 Anti-Personnel

Recommend the most appropriate type of sensor...

**Reasoning:**

The scenario describes a potential land mine detection in a cold, humid, and sandy environment. The key elements are the voltage, height, and soil type. Given the context of buried objects and the KG information from CRREL (Cold Regions Research and Engineering Laboratory), we can infer that detecting buried objects in challenging conditions is the primary goal.  Voltage measurements in this context are often associated with electromagnetic induction, which can be used to detect metallic objects buried beneath the ground. Height",/content/drive/MyDrive/CMDACapstone_2025-11-30_16-18-29/attentions/attn_0194.json
"You are a sensor expert. Given the following situation:
Context: Voltage: 0.389727645 V, Height: 0.727272727 cm, Soil Type: Humid and Sandy
KG context: YPG | CRREL | ROIs | Cold Regions Research and Engineering Laboratory | buried objects
Target: Land mine Mine Type: M14 Anti-Personnel

Recommend the most appropriate type of sensor...

**Recommendation:**

Based on the provided context and the target (Land mine M14 Anti-Personnel), the most appropriate sensor type is a **Ground Penetrating Radar (GPR)**.

**Rationale:**

*   **Buried Objects:** The KG context specifically mentions ""buried objects,"" aligning perfectly with the nature of a land mine.
*   **Low Voltage & Height:** The low voltage (0.389727645 V) and small height",/content/drive/MyDrive/CMDACapstone_2025-11-30_16-18-29/attentions/attn_0195.json
"You are a sensor expert. Given the following situation:
Context: Voltage: 0.395044805 V, Height: 0.818181818 cm, Soil Type: Humid and Sandy
KG context: YPG | CRREL | ROIs | Cold Regions Research and Engineering Laboratory | buried objects
Target: Land mine Mine Type: M14 Anti-Personnel

Recommend the most appropriate type of sensor...

**Reasoning:**

The context provides a combination of environmental and target information relevant to land mine detection. Here's a breakdown of why different sensor types would be useful and why the recommended one is best:

*   **Voltage Sensors:**  A voltage reading of 0.395V is intriguing.  Landmines, especially buried ones, can generate a small electrical charge due to the electrochemical reactions within their electronics. This is a key aspect of mine detection.
*",/content/drive/MyDrive/CMDACapstone_2025-11-30_16-18-29/attentions/attn_0196.json
"You are a sensor expert. Given the following situation:
Context: Voltage: 0.365558494 V, Height: 1 cm, Soil Type: Humid and Sandy
KG context: YPG | CRREL | ROIs | Cold Regions Research and Engineering Laboratory | buried objects
Target: Land mine Mine Type: M14 Anti-Personnel

Recommend the most appropriate type of sensor...

**Recommendation: Ground Penetrating Radar (GPR)**

**Rationale:**

*   **Target Characteristics:** We're looking for a buried land mine (M14) in a specific location.  Land mines are typically buried at shallow depths (like 1 cm), and their metallic components are often shielded by the surrounding soil.
*   **Soil Conditions:** The ""Humid and Sandy"" soil type presents a challenge. High moisture content can attenuate GPR signals, but it",/content/drive/MyDrive/CMDACapstone_2025-11-30_16-18-29/attentions/attn_0197.json
"You are a sensor expert. Given the following situation:
Context: Voltage: 0.422960229 V, Height: 0.181818182 cm, Soil Type: Dry and Humus
KG context: YPG | CRREL | ROIs | Cold Regions Research and Engineering Laboratory | buried objects
Target: Land mine Mine Type: M14 Anti-Personnel

Recommend the most appropriate type of sensor...
**Recommendation: Ground Penetrating Radar (GPR)**

**Reasoning:**

Here's a breakdown of why GPR is the most suitable sensor for this scenario, considering the context and KG information:

1.  **Target Identification (Land Mine):**  Land mines, particularly the M14 anti-personnel type, are often buried just beneath the surface.  They are typically made of metal and can be difficult to detect visually or with simple conductivity measurements.

2",/content/drive/MyDrive/CMDACapstone_2025-11-30_16-18-29/attentions/attn_0198.json
"You are a sensor expert. Given the following situation:
Context: Voltage: 0.34743163 V, Height: 0.545454545 cm, Soil Type: Dry and Humus
KG context: YPG | CRREL | ROIs | Cold Regions Research and Engineering Laboratory | buried objects
Target: Land mine Mine Type: M14 Anti-Personnel

Recommend the most appropriate type of sensor...

**Rationale:**

The context describes a scenario involving the detection of a buried landmine. The key factors are:

*   **Voltage (0.34743163 V):** This suggests the use of a geophysical method that generates a small electrical current and measures the resulting voltage difference. This is characteristic of Ground Penetrating Radar (GPR) or Electrical Resistivity Tomography (ERT).
*   **Height (0.5454545",/content/drive/MyDrive/CMDACapstone_2025-11-30_16-18-29/attentions/attn_0199.json
"You are a sensor expert. Given the following situation:
Context: Voltage: 0.33232591 V, Height: 0.636363636 cm, Soil Type: Dry and Humus
KG context: YPG | CRREL | ROIs | Cold Regions Research and Engineering Laboratory | buried objects
Target: Land mine Mine Type: M14 Anti-Personnel

Recommend the most appropriate type of sensor...

**Recommendation:**

Given the context – a voltage of 0.33232591 V, a height of 0.636363636 cm, and a soil type of ""Dry and Humus"" – combined with the target being a buried landmine (M14 Anti-Personnel), the most appropriate sensor type is a **Ground Penetrating Radar (GPR)**.

**Rationale:**

Here's a detailed breakdown of",/content/drive/MyDrive/CMDACapstone_2025-11-30_16-18-29/attentions/attn_0200.json
"You are a sensor expert. Given the following situation:
Context: Voltage: 0.296072182 V, Height: 0.909090909 cm, Soil Type: Dry and Humus
KG context: YPG | CRREL | ROIs | Cold Regions Research and Engineering Laboratory | buried objects
Target: Land mine Mine Type: M14 Anti-Personnel

Recommend the most appropriate type of sensor...
**Recommendations:**

Based on the provided context and the target (land mine M14), here's a breakdown of sensor recommendations and the rationale:

**1. Ground Penetrating Radar (GPR):  HIGHLY RECOMMENDED**

*   **Rationale:** This is by far the *most* appropriate sensor for detecting buried landmines, especially considering the target type (M14).  Landmines are often buried just below the surface, and GPR excels at imaging the",/content/drive/MyDrive/CMDACapstone_2025-11-30_16-18-29/attentions/attn_0201.json
"You are a sensor expert. Given the following situation:
Context: Voltage: 0.33232591 V, Height: 1 cm, Soil Type: Dry and Humus
KG context: YPG | CRREL | ROIs | Cold Regions Research and Engineering Laboratory | buried objects
Target: Land mine Mine Type: M14 Anti-Personnel

Recommend the most appropriate type of sensor...
**Recommendation: Ground Penetrating Radar (GPR)**

**Rationale:**

Here's a detailed breakdown of why GPR is the most suitable sensor for this target and context, followed by considerations for other sensor types:

1.  **Target Characteristics:** We're looking for a buried landmine (M14 specifically). Landmines are typically buried at shallow depths – 1 cm is a very plausible burial depth.  They are metallic, but often heavily corroded or encased",/content/drive/MyDrive/CMDACapstone_2025-11-30_16-18-29/attentions/attn_0202.json
"You are a sensor expert. Given the following situation:
Context: Voltage: 0.419184136 V, Height: 0.090909091 cm, Soil Type: Humid and Humus
KG context: YPG | CRREL | ROIs | Cold Regions Research and Engineering Laboratory | buried objects
Target: Land mine Mine Type: M14 Anti-Personnel

Recommend the most appropriate type of sensor...

**Recommendation: Ground Penetrating Radar (GPR)**

**Rationale:**

*   **Buried Objects Detection:** The target is a buried land mine (M14). GPR is specifically designed to detect buried objects and anomalies in the soil. It works by transmitting electromagnetic pulses into the ground and analyzing the reflected signals to create an image of the subsurface.
*   **Soil Type Consideration:** The ""Humid and Humus"" soil type can affect GPR performance. Humus",/content/drive/MyDrive/CMDACapstone_2025-11-30_16-18-29/attentions/attn_0203.json
"You are a sensor expert. Given the following situation:
Context: Voltage: 0.422839599 V, Height: 0.181818182 cm, Soil Type: Humid and Humus
KG context: YPG | CRREL | ROIs | Cold Regions Research and Engineering Laboratory | buried objects
Target: Land mine Mine Type: M14 Anti-Personnel

Recommend the most appropriate type of sensor...

**Recommendation:**

Based on the provided data and the target (Land mine M14), the most appropriate sensor type would be a **Ground Penetrating Radar (GPR)**.

**Reasoning:**

*   **Target Characteristics:** Land mines are often buried, and their presence is not always visually apparent.  The ""buried objects"" KG context further supports this.
*   **Data Provided:** The voltage reading (0.422839599 V",/content/drive/MyDrive/CMDACapstone_2025-11-30_16-18-29/attentions/attn_0204.json
"You are a sensor expert. Given the following situation:
Context: Voltage: 0.378368198 V, Height: 0.363636364 cm, Soil Type: Humid and Humus
KG context: YPG | CRREL | ROIs | Cold Regions Research and Engineering Laboratory | buried objects
Target: Land mine Mine Type: M14 Anti-Personnel

Recommend the most appropriate type of sensor...
**Recommendation:**

Given the context – a voltage of 0.378368198 V, a height of 0.363636364 cm, soil type described as ""Humid and Humus,"" and the target being a suspected land mine (M14 Anti-Personnel) – the most appropriate sensor type is a **Ground Penetrating Radar (GPR)**.

**Rationale:**

Let's break down why other",/content/drive/MyDrive/CMDACapstone_2025-11-30_16-18-29/attentions/attn_0205.json
"You are a sensor expert. Given the following situation:
Context: Voltage: 0.371600782 V, Height: 0.454545455 cm, Soil Type: Humid and Humus
KG context: YPG | CRREL | ROIs | Cold Regions Research and Engineering Laboratory | buried objects
Target: Land mine Mine Type: M14 Anti-Personnel

Recommend the most appropriate type of sensor...
**Recommendation: Ground Penetrating Radar (GPR)**

**Rationale:**

1.  **Target Characteristics:** We are looking for a buried landmine (M14 specifically). Landmines are typically buried at shallow depths (as indicated by the height measurement of 0.454545455 cm, which is very shallow).

2.  **Soil Conditions:** The ""Humid and Humus"" soil type is relevant because it can significantly affect the performance",/content/drive/MyDrive/CMDACapstone_2025-11-30_16-18-29/attentions/attn_0206.json
"You are a sensor expert. Given the following situation:
Context: Voltage: 0.348791077 V, Height: 0.636363636 cm, Soil Type: Humid and Humus
KG context: YPG | CRREL | ROIs | Cold Regions Research and Engineering Laboratory | buried objects
Target: Land mine Mine Type: M14 Anti-Personnel

Recommend the most appropriate type of sensor...

**Recommendation: Ground Penetrating Radar (GPR)**

**Rationale:**

*   **Target Characteristics:** The target is a buried land mine (M14).  Detecting buried objects requires penetrating the soil to identify anomalies in the subsurface.
*   **Soil Conditions:** The soil is described as ""Humid and Humus.""  Humus-rich soil can attenuate electromagnetic waves, but GPR is generally robust enough to operate in such conditions, especially with proper antenna selection and",/content/drive/MyDrive/CMDACapstone_2025-11-30_16-18-29/attentions/attn_0207.json
"You are a sensor expert. Given the following situation:
Context: Voltage: 0.353685358 V, Height: 0.727272727 cm, Soil Type: Humid and Humus
KG context: YPG | CRREL | ROIs | Cold Regions Research and Engineering Laboratory | buried objects
Target: Land mine Mine Type: M14 Anti-Personnel

Recommend the most appropriate type of sensor...

**Recommendation: Ground Penetrating Radar (GPR)**

**Rationale:**

1.  **Target Characteristics:** The target is a buried land mine (M14, Anti-Personnel). This means the mine is hidden beneath the soil surface, making traditional methods of detection (e.g., metal detectors) ineffective.

2.  **Contextual Information:**
    *   **Voltage (0.353685358 V):**  While voltage data",/content/drive/MyDrive/CMDACapstone_2025-11-30_16-18-29/attentions/attn_0208.json
"You are a sensor expert. Given the following situation:
Context: Voltage: 0.323262478 V, Height: 0.909090909 cm, Soil Type: Humid and Humus
KG context: YPG | CRREL | ROIs | Cold Regions Research and Engineering Laboratory | buried objects
Target: Land mine Mine Type: M14 Anti-Personnel

Recommend the most appropriate type of sensor...

**Recommendation:**

Given the context, the most appropriate sensor type is a **Ground Penetrating Radar (GPR)**. Here's a breakdown of why and how it aligns with the data:

*   **Contextual Relevance:**
    *   **Voltage (0.323262478 V):** While a voltage reading can be useful in some sensor applications, it's not particularly informative in this scenario. It's likely a transient or incidental",/content/drive/MyDrive/CMDACapstone_2025-11-30_16-18-29/attentions/attn_0209.json
"You are a sensor expert. Given the following situation:
Context: Voltage: 0.295347054 V, Height: 1 cm, Soil Type: Humid and Humus
KG context: YPG | CRREL | ROIs | Cold Regions Research and Engineering Laboratory | buried objects
Target: Land mine Mine Type: M14 Anti-Personnel

Recommend the most appropriate type of sensor...

**Reasoning:**

The context describes a scenario involving the detection of a buried landmine, specifically an M14 anti-personnel mine. The key factors are:

1.  **Buried Object:** This immediately indicates the need for sensors capable of penetrating the soil to detect the presence of the mine.
2.  **Low Voltage (0.295347054 V):** This suggests a low-power or contactless detection method is preferable,",/content/drive/MyDrive/CMDACapstone_2025-11-30_16-18-29/attentions/attn_0210.json
"You are a sensor expert. Given the following situation:
Context: Voltage: 0.471298533 V, Height: 0.181818182 cm, Soil Type: Dry and Limy
KG context: YPG | CRREL | ROIs | Cold Regions Research and Engineering Laboratory | buried objects
Target: Land mine Mine Type: M14 Anti-Personnel

Recommend the most appropriate type of sensor...
**Recommendation:**

Given the context and target, the most appropriate sensor type is a **Ground Penetrating Radar (GPR)**.

**Rationale:**

*   **Target Characteristics:** We are attempting to locate a buried land mine (M14 Anti-Personnel) at a shallow depth (0.1818 cm). This is a crucial factor that significantly limits the effectiveness of many other sensor types.
*   **Soil Conditions:** The ""Dry and Limy"" soil",/content/drive/MyDrive/CMDACapstone_2025-11-30_16-18-29/attentions/attn_0211.json
"You are a sensor expert. Given the following situation:
Context: Voltage: 0.444108237 V, Height: 0.272727273 cm, Soil Type: Dry and Limy
KG context: YPG | CRREL | ROIs | Cold Regions Research and Engineering Laboratory | buried objects
Target: Land mine Mine Type: M14 Anti-Personnel

Recommend the most appropriate type of sensor...

**Recommendation: Ground Penetrating Radar (GPR)**

**Rationale:**

*   **Target Identification:** The target is a buried landmine (M14, Anti-Personnel).  GPR excels at detecting buried objects, especially metallic ones, by analyzing the reflected signals from subsurface changes.
*   **Soil Conditions:** The ""Dry and Limy"" soil type is not ideal for traditional metal detectors. Dry soil can reduce the effectiveness of electromagnetic detection, while the lime content can",/content/drive/MyDrive/CMDACapstone_2025-11-30_16-18-29/attentions/attn_0212.json
"You are a sensor expert. Given the following situation:
Context: Voltage: 0.383685358 V, Height: 0.454545455 cm, Soil Type: Dry and Limy
KG context: YPG | CRREL | ROIs | Cold Regions Research and Engineering Laboratory | buried objects
Target: Land mine Mine Type: M14 Anti-Personnel

Recommend the most appropriate type of sensor...

**Recommendation:**

Given the context – a voltage of 0.383685358 V, a height of 0.454545455 cm, a dry and limy soil type, and the target being a buried land mine (specifically an M14 anti-personnel mine) – the most appropriate sensor type is a **Ground Penetrating Radar (GPR)**.

**Reasoning:**

Let's break down",/content/drive/MyDrive/CMDACapstone_2025-11-30_16-18-29/attentions/attn_0213.json
"You are a sensor expert. Given the following situation:
Context: Voltage: 0.350875653 V, Height: 0.545454545 cm, Soil Type: Dry and Limy
KG context: YPG | CRREL | ROIs | Cold Regions Research and Engineering Laboratory | buried objects
Target: Land mine Mine Type: M14 Anti-Personnel

Recommend the most appropriate type of sensor...

**Recommendation:**

Based on the provided context and target, the most appropriate sensor type is a **Ground Penetrating Radar (GPR)**.

**Rationale:**

*   **Target Identification:** Landmines, particularly the M14 anti-personnel mine, are often buried underground.  The ""buried objects"" KG context specifically highlights the CRREL's expertise in this area.
*   **Low-Level Information:** The voltage (0.35V) and height",/content/drive/MyDrive/CMDACapstone_2025-11-30_16-18-29/attentions/attn_0214.json
"You are a sensor expert. Given the following situation:
Context: Voltage: 0.341389342 V, Height: 0.727272727 cm, Soil Type: Dry and Limy
KG context: YPG | CRREL | ROIs | Cold Regions Research and Engineering Laboratory | buried objects
Target: Land mine Mine Type: M14 Anti-Personnel

Recommend the most appropriate type of sensor...

**Recommendation:**

Given the context – a voltage of 0.341389342 V, a height of 0.727272727 cm, and a soil type of dry and limy – and the target of a land mine (M14 Anti-Personnel), the most appropriate sensor type is a **Ground Penetrating Radar (GPR)**.

**Rationale:**

Here’s a breakdown of why GPR is",/content/drive/MyDrive/CMDACapstone_2025-11-30_16-18-29/attentions/attn_0215.json
"You are a sensor expert. Given the following situation:
Context: Voltage: 0.341389342 V, Height: 0.818181818 cm, Soil Type: Dry and Limy
KG context: YPG | CRREL | ROIs | Cold Regions Research and Engineering Laboratory | buried objects
Target: Land mine Mine Type: M14 Anti-Personnel

Recommend the most appropriate type of sensor...
**Recommendation: Ground Penetrating Radar (GPR)**

**Rationale:**

Here's a breakdown of why GPR is the most suitable sensor for this scenario, considering the provided context and the target (land mine):

1.  **Target Characteristics:**
    *   **Buried Object:** The target is a buried land mine (M14).  Land mines are typically concealed underground.
    *   **Soil Type:** The soil is ""Dry and Limy.""",/content/drive/MyDrive/CMDACapstone_2025-11-30_16-18-29/attentions/attn_0216.json
"You are a sensor expert. Given the following situation:
Context: Voltage: 0.296072182 V, Height: 1 cm, Soil Type: Dry and Limy
KG context: YPG | CRREL | ROIs | Cold Regions Research and Engineering Laboratory | buried objects
Target: Land mine Mine Type: M14 Anti-Personnel

Recommend the most appropriate type of sensor...

**Rationale:**

Given the context, the primary goal is to detect a buried land mine (M14). The situation involves a low voltage reading (0.296V), a small height (1 cm), and a soil type that is dry and limy. This suggests a shallow burial depth and a potentially challenging soil environment.

Here's a breakdown of why different sensor types might be unsuitable and why the recommended approach is best:

*   **Electromagnetic Sensors (",/content/drive/MyDrive/CMDACapstone_2025-11-30_16-18-29/attentions/attn_0217.json
"You are a sensor expert. Given the following situation:
Context: Voltage: 0.495467684 V, Height: 0.090909091 cm, Soil Type: Humid and Limy
KG context: YPG | CRREL | ROIs | Cold Regions Research and Engineering Laboratory | buried objects
Target: Land mine Mine Type: M14 Anti-Personnel

Recommend the most appropriate type of sensor...

**Rationale:**

Given the context, the primary goal is to detect a buried land mine, specifically an M14 anti-personnel mine. The provided data – voltage, height, and soil type – suggests a proximity detection system is being used, likely employing a ground-penetrating radar (GPR) or a similar electromagnetic sensor. Let's break down why:

*   **Voltage (0.495467684 V):** This is a",/content/drive/MyDrive/CMDACapstone_2025-11-30_16-18-29/attentions/attn_0218.json
"You are a sensor expert. Given the following situation:
Context: Voltage: 0.410875653 V, Height: 0.272727273 cm, Soil Type: Humid and Limy
KG context: YPG | CRREL | ROIs | Cold Regions Research and Engineering Laboratory | buried objects
Target: Land mine Mine Type: M14 Anti-Personnel

Recommend the most appropriate type of sensor...

**Recommendation: Ground Penetrating Radar (GPR)**

**Rationale:**

*   **Target Characteristics:** We are searching for a buried land mine (M14 Anti-Personnel). Land mines are typically buried at shallow depths, often just below the surface.
*   **Environmental Conditions:** The soil type (Humid and Limy) is a significant factor. High moisture content can attenuate radar signals, but GPR is generally robust and can still provide useful data. The limy",/content/drive/MyDrive/CMDACapstone_2025-11-30_16-18-29/attentions/attn_0219.json
"You are a sensor expert. Given the following situation:
Context: Voltage: 0.371600782 V, Height: 0.363636364 cm, Soil Type: Humid and Limy
KG context: YPG | CRREL | ROIs | Cold Regions Research and Engineering Laboratory | buried objects
Target: Land mine Mine Type: M14 Anti-Personnel

Recommend the most appropriate type of sensor...

**Recommendation:**

Given the context – a voltage reading of 0.3716V, a small height reading of 0.3636 cm, and a soil type described as ""Humid and Limy"" – coupled with the target identification of a land mine (specifically an M14 anti-personnel mine) and the KG context of buried objects from CRREL, the most appropriate sensor type is a **Ground Penetrating Radar (GPR)**.",/content/drive/MyDrive/CMDACapstone_2025-11-30_16-18-29/attentions/attn_0220.json
"You are a sensor expert. Given the following situation:
Context: Voltage: 0.323262478 V, Height: 0.545454545 cm, Soil Type: Humid and Limy
KG context: YPG | CRREL | ROIs | Cold Regions Research and Engineering Laboratory | buried objects
Target: Land mine Mine Type: M14 Anti-Personnel

Recommend the most appropriate type of sensor...

**Rationale:**

The context provides critical information for detecting a buried landmine, specifically focusing on the soil conditions and a potential buried object. The presence of a voltage reading (0.323262478 V) suggests a geophysical method might be employed, likely Ground Penetrating Radar (GPR).  The height measurement (0.545454545 cm) could be related to the depth of the radar signal penetration or potentially the depth of",/content/drive/MyDrive/CMDACapstone_2025-11-30_16-18-29/attentions/attn_0221.json
"You are a sensor expert. Given the following situation:
Context: Voltage: 0.30211447 V, Height: 0.636363636 cm, Soil Type: Humid and Limy
KG context: YPG | CRREL | ROIs | Cold Regions Research and Engineering Laboratory | buried objects
Target: Land mine Mine Type: M14 Anti-Personnel

Recommend the most appropriate type of sensor...
**Recommendation: Ground Penetrating Radar (GPR)**

**Rationale:**

Here's a breakdown of why GPR is the most suitable sensor, considering the context and target:

1. **Target Identification - Land Mines:** Land mines, particularly the M14 Anti-Personnel type, are often buried just beneath the surface.  They're typically irregularly shaped and don't have a strong electromagnetic signature.  Traditional methods like metal detectors are often ineffective.

2. **",/content/drive/MyDrive/CMDACapstone_2025-11-30_16-18-29/attentions/attn_0222.json
"You are a sensor expert. Given the following situation:
Context: Voltage: 0.350452774 V, Height: 0.818181818 cm, Soil Type: Humid and Limy
KG context: YPG | CRREL | ROIs | Cold Regions Research and Engineering Laboratory | buried objects
Target: Land mine Mine Type: M14 Anti-Personnel

Recommend the most appropriate type of sensor...
**Recommendation: Ground Penetrating Radar (GPR)**

**Rationale:**

*   **Target Characteristics:** We're dealing with a buried land mine (M14, anti-personnel). This means the mine is hidden beneath the soil surface.
*   **Environmental Factors:** The soil is described as ""Humid and Limy."" This can affect the performance of some sensors. Humidity can create signal scattering and attenuation, while limy soil can have variable dielectric properties.",/content/drive/MyDrive/CMDACapstone_2025-11-30_16-18-29/attentions/attn_0223.json
"You are a sensor expert. Given the following situation:
Context: Voltage: 0.308156758 V, Height: 0.909090909 cm, Soil Type: Humid and Limy
KG context: YPG | CRREL | ROIs | Cold Regions Research and Engineering Laboratory | buried objects
Target: Land mine Mine Type: M14 Anti-Personnel

Recommend the most appropriate type of sensor...
**Recommendation: Ground Penetrating Radar (GPR)**

**Rationale:**

Here's a breakdown of why GPR is the most suitable sensor in this scenario, considering the context and target:

*   **Target Characteristics:** We're dealing with a buried land mine (M14 Anti-Personnel).  Landmines are typically buried relatively shallowly. The height reading (0.909 cm) supports this – it's a very shallow burial.
*",/content/drive/MyDrive/CMDACapstone_2025-11-30_16-18-29/attentions/attn_0224.json
"You are a sensor expert. Given the following situation:
Context: Voltage: 0.320241334 V, Height: 0.090909091 cm, Soil Type: Dry and Sandy
KG context: YPG | CRREL | ROIs | Cold Regions Research and Engineering Laboratory | buried objects
Target: Land mine Mine Type: NA

Recommend the most appropriate type of sensor...

**Recommendation:**

Based on the provided context and the target (land mine), the most appropriate sensor type is a **Ground Penetrating Radar (GPR)**.

**Reasoning:**

*   **Target Characteristics:** Landmines are buried objects, often at shallow depths.
*   **Contextual Data:**
    *   **Voltage (0.320241334 V):** This likely represents a signal strength reading, potentially from a GPR.",/content/drive/MyDrive/CMDACapstone_2025-11-30_16-18-29/attentions/attn_0225.json
"You are a sensor expert. Given the following situation:
Context: Voltage: 0.268881887 V, Height: 0.363636364 cm, Soil Type: Dry and Sandy
KG context: YPG | CRREL | ROIs | Cold Regions Research and Engineering Laboratory | buried objects
Target: Land mine Mine Type: NA

Recommend the most appropriate type of sensor...

**Recommendation:**

Given the context – a low voltage (0.268881887 V), a relatively small height reading (0.363636364 cm), a ""Dry and Sandy"" soil type, and the target identified as a ""Land mine"" – the most appropriate sensor type is a **Ground Penetrating Radar (GPR)**.

**Reasoning:**

Here's a breakdown of why GPR is the best",/content/drive/MyDrive/CMDACapstone_2025-11-30_16-18-29/attentions/attn_0226.json
"You are a sensor expert. Given the following situation:
Context: Voltage: 0.250241334 V, Height: 0.636363636 cm, Soil Type: Dry and Sandy
KG context: YPG | CRREL | ROIs | Cold Regions Research and Engineering Laboratory | buried objects
Target: Land mine Mine Type: NA

Recommend the most appropriate type of sensor...
**Recommendation:**

Given the context – a voltage of 0.250241334 V, a height of 0.636363636 cm, a dry and sandy soil type, and the target being a buried land mine – I recommend utilizing a **Ground Penetrating Radar (GPR)** sensor.

**Rationale:**

Here's a breakdown of why GPR is the best choice, considering the specific details:

*",/content/drive/MyDrive/CMDACapstone_2025-11-30_16-18-29/attentions/attn_0227.json
"You are a sensor expert. Given the following situation:
Context: Voltage: 0.253776167 V, Height: 0.909090909 cm, Soil Type: Dry and Sandy
KG context: YPG | CRREL | ROIs | Cold Regions Research and Engineering Laboratory | buried objects
Target: Land mine Mine Type: NA

Recommend the most appropriate type of sensor...
**Recommendation: Ground Penetrating Radar (GPR)**

**Rationale:**

*   **Target Identification:** The primary objective is to detect a buried land mine. GPR is exceptionally well-suited for this task. It works by transmitting radar pulses into the ground and analyzing the reflected signals. Changes in material density, soil composition, and the presence of buried objects (like a mine) significantly alter the reflected signals, allowing the system to create an image of the subsurface.
*   **",/content/drive/MyDrive/CMDACapstone_2025-11-30_16-18-29/attentions/attn_0228.json
"You are a sensor expert. Given the following situation:
Context: Voltage: 0.365860743 V, Height: 0.090909091 cm, Soil Type: Humid and Sandy
KG context: YPG | CRREL | ROIs | Cold Regions Research and Engineering Laboratory | buried objects
Target: Land mine Mine Type: NA

Recommend the most appropriate type of sensor...

**Recommendation:**

Based on the provided data and the target (land mine), I recommend utilizing a **Ground Penetrating Radar (GPR)** sensor.

**Rationale:**

*   **Target Identification:** Land mines are often buried and their presence can be difficult to detect visually or through simple soil measurements. GPR excels at detecting subsurface anomalies – specifically, changes in dielectric properties caused by buried objects like land mines.
*   **Data Correlation:** The provided data (Voltage, Height,",/content/drive/MyDrive/CMDACapstone_2025-11-30_16-18-29/attentions/attn_0229.json
"You are a sensor expert. Given the following situation:
Context: Voltage: 0.326072182 V, Height: 0.363636364 cm, Soil Type: Humid and Sandy
KG context: YPG | CRREL | ROIs | Cold Regions Research and Engineering Laboratory | buried objects
Target: Land mine Mine Type: NA

Recommend the most appropriate type of sensor...
**Recommendation: Ground Penetrating Radar (GPR)**

**Reasoning:**

Here's a breakdown of why GPR is the most suitable sensor in this scenario, considering the context and KG information:

*   **Target Identification (Land Mine):** Land mines are often buried and irregularly shaped.  Visual inspection (using cameras or human observation) is unlikely to be effective, especially given the ""buried objects"" KG context.
*   **Soil Conditions (Humid and Sandy",/content/drive/MyDrive/CMDACapstone_2025-11-30_16-18-29/attentions/attn_0230.json
"You are a sensor expert. Given the following situation:
Context: Voltage: 0.293776167 V, Height: 0.636363636 cm, Soil Type: Humid and Sandy
KG context: YPG | CRREL | ROIs | Cold Regions Research and Engineering Laboratory | buried objects
Target: Land mine Mine Type: NA

Recommend the most appropriate type of sensor...
**Recommendation:**

Given the context and target, the most appropriate sensor would be an **Ground Penetrating Radar (GPR)**.

**Reasoning:**

*   **Target:** The target is a buried object – a land mine. This requires detecting objects beneath the surface, which is precisely what GPR excels at.
*   **Context:** The soil type (Humid and Sandy) is a common environment for land mines, and it can also affect the performance of other sensors",/content/drive/MyDrive/CMDACapstone_2025-11-30_16-18-29/attentions/attn_0231.json
"You are a sensor expert. Given the following situation:
Context: Voltage: 0.244712735 V, Height: 0.909090909 cm, Soil Type: Humid and Sandy
KG context: YPG | CRREL | ROIs | Cold Regions Research and Engineering Laboratory | buried objects
Target: Land mine Mine Type: NA

Recommend the most appropriate type of sensor...
**Recommendation:**

Given the context – a buried land mine detection scenario, particularly focusing on the ""buried objects"" aspect highlighted by the KG context (CRREL research), and considering the limited sensor data – I recommend utilizing a **Ground Penetrating Radar (GPR)** sensor.

**Reasoning:**

*   **Buried Object Detection:** GPR is specifically designed to detect buried objects. It works by transmitting electromagnetic pulses into the ground and analyzing the reflected signals. Changes in the soil",/content/drive/MyDrive/CMDACapstone_2025-11-30_16-18-29/attentions/attn_0232.json
"You are a sensor expert. Given the following situation:
Context: Voltage: 0.296585871 V, Height: 0.090909091 cm, Soil Type: Dry and Humus
KG context: YPG | CRREL | ROIs | Cold Regions Research and Engineering Laboratory | buried objects
Target: Land mine Mine Type: NA

Recommend the most appropriate type of sensor...
**Recommendation: Ground Penetrating Radar (GPR)**

**Reasoning:**

*   **Target Identification:** The target is a buried object - a land mine. GPR is exceptionally well-suited for detecting buried objects, particularly metallic and sometimes non-metallic ones, by analyzing the dielectric properties of the soil.
*   **Soil Conditions:** The soil type (Dry and Humus) is not particularly challenging for GPR. Humus can slightly attenuate the signal, but GPR",/content/drive/MyDrive/CMDACapstone_2025-11-30_16-18-29/attentions/attn_0233.json
"You are a sensor expert. Given the following situation:
Context: Voltage: 0.274712735 V, Height: 0.363636364 cm, Soil Type: Dry and Humus
KG context: YPG | CRREL | ROIs | Cold Regions Research and Engineering Laboratory | buried objects
Target: Land mine Mine Type: NA

Recommend the most appropriate type of sensor...

**Recommendation:**

Given the context – a voltage of 0.274712735V, a height of 0.363636364 cm, soil type of ""Dry and Humus,"" and the target being a buried land mine – I recommend utilizing a **Ground Penetrating Radar (GPR)** sensor system.

**Rationale:**

Here's a breakdown of why GPR is the most suitable choice and why other sensor",/content/drive/MyDrive/CMDACapstone_2025-11-30_16-18-29/attentions/attn_0234.json
"You are a sensor expert. Given the following situation:
Context: Voltage: 0.280966463 V, Height: 0.636363636 cm, Soil Type: Dry and Humus
KG context: YPG | CRREL | ROIs | Cold Regions Research and Engineering Laboratory | buried objects
Target: Land mine Mine Type: NA

Recommend the most appropriate type of sensor...

**Recommendation: Ground Penetrating Radar (GPR)**

**Rationale:**

*   **Target Characteristics:** The target is a buried land mine, and the context suggests a buried object. This requires penetrating the soil to detect anomalies.
*   **Soil Conditions:** The ""Dry and Humus"" soil type is suitable for GPR, as it doesn't significantly attenuate the radar signal. Humus can sometimes slightly affect GPR performance, but it's generally manageable.
*",/content/drive/MyDrive/CMDACapstone_2025-11-30_16-18-29/attentions/attn_0235.json
"You are a sensor expert. Given the following situation:
Context: Voltage: 0.229607015 V, Height: 0.909090909 cm, Soil Type: Dry and Humus
KG context: YPG | CRREL | ROIs | Cold Regions Research and Engineering Laboratory | buried objects
Target: Land mine Mine Type: NA

Recommend the most appropriate type of sensor...

**Recommendation: Ground Penetrating Radar (GPR)**

**Rationale:**

Given the context – a potentially buried mine, a dry and humus soil type, and a relatively low voltage reading (which is not particularly informative on its own) – Ground Penetrating Radar (GPR) is the most suitable sensor for this situation. Here's a breakdown of why:

*   **Buried Object Detection:** GPR excels at detecting buried objects, particularly metallic ones, which is the primary",/content/drive/MyDrive/CMDACapstone_2025-11-30_16-18-29/attentions/attn_0236.json
"You are a sensor expert. Given the following situation:
Context: Voltage: 0.31700875 V, Height: 0.090909091 cm, Soil Type: Humid and Humus
KG context: YPG | CRREL | ROIs | Cold Regions Research and Engineering Laboratory | buried objects
Target: Land mine Mine Type: NA

Recommend the most appropriate type of sensor...

**Recommendation:**

Given the context – a voltage of 0.317V, a small height of 0.09 cm, and a soil type described as ""Humid and Humus"" – and the target being a land mine, the most appropriate sensor type is a **Ground Penetrating Radar (GPR)**.

**Reasoning:**

Here's a breakdown of why GPR is the best choice and why other options are less suitable:

*",/content/drive/MyDrive/CMDACapstone_2025-11-30_16-18-29/attentions/attn_0237.json
"You are a sensor expert. Given the following situation:
Context: Voltage: 0.314199046 V, Height: 0.363636364 cm, Soil Type: Humid and Humus
KG context: YPG | CRREL | ROIs | Cold Regions Research and Engineering Laboratory | buried objects
Target: Land mine Mine Type: NA

Recommend the most appropriate type of sensor...
**Recommendation:**

Based on the provided context and the target (land mine), the most appropriate sensor type is a **Ground Penetrating Radar (GPR)**.

**Rationale:**

*   **Target Identification:** Land mines are often buried beneath the surface, making visual inspection impractical. GPR excels at detecting subsurface anomalies and buried objects.
*   **Soil Type Compatibility:** The ""Humid and Humus"" soil type is generally suitable for GPR operation. Humus can slightly",/content/drive/MyDrive/CMDACapstone_2025-11-30_16-18-29/attentions/attn_0238.json
"You are a sensor expert. Given the following situation:
Context: Voltage: 0.305135614 V, Height: 0.636363636 cm, Soil Type: Humid and Humus
KG context: YPG | CRREL | ROIs | Cold Regions Research and Engineering Laboratory | buried objects
Target: Land mine Mine Type: NA

Recommend the most appropriate type of sensor...

**Recommendation: Ground Penetrating Radar (GPR)**

**Reasoning:**

1.  **Target Identification:** The target is a buried land mine.  This requires penetrating the soil to detect the object's presence and location.
2.  **Soil Conditions:** The soil is described as ""Humid and Humus."" Humus-rich soil can attenuate electromagnetic signals, but GPR can still operate effectively by adjusting parameters like frequency and penetration depth. The humidity will also affect",/content/drive/MyDrive/CMDACapstone_2025-11-30_16-18-29/attentions/attn_0239.json
"You are a sensor expert. Given the following situation:
Context: Voltage: 0.296072182 V, Height: 0.909090909 cm, Soil Type: Humid and Humus
KG context: YPG | CRREL | ROIs | Cold Regions Research and Engineering Laboratory | buried objects
Target: Land mine Mine Type: NA

Recommend the most appropriate type of sensor...
**Recommendation: Ground Penetrating Radar (GPR)**

**Rationale:**

1.  **Contextual Clues:** The situation strongly suggests the presence of a buried object (land mine) and provides supporting data:
    *   **Low Voltage (0.296 V):** This is a very low voltage reading, which could indicate a buried object interfering with the electromagnetic field.  It's a strong indicator of something metallic or conductive beneath the surface.
    *",/content/drive/MyDrive/CMDACapstone_2025-11-30_16-18-29/attentions/attn_0240.json
"You are a sensor expert. Given the following situation:
Context: Voltage: 0.338368198 V, Height: 0.090909091 cm, Soil Type: Dry and Limy
KG context: YPG | CRREL | ROIs | Cold Regions Research and Engineering Laboratory | buried objects
Target: Land mine Mine Type: NA

Recommend the most appropriate type of sensor...
**Recommendation: Ground Penetrating Radar (GPR)**

**Rationale:**

Here's a breakdown of why GPR is the most suitable sensor in this context, considering the available information:

1. **Target Identification (Land Mine):** Land mines are often buried, and their presence can be difficult to detect with traditional methods like visual inspection or simple voltage measurements. GPR excels at detecting subsurface anomalies, making it highly effective for locating buried objects.

2. **Soil Type (",/content/drive/MyDrive/CMDACapstone_2025-11-30_16-18-29/attentions/attn_0241.json
"You are a sensor expert. Given the following situation:
Context: Voltage: 0.30211447 V, Height: 0.363636364 cm, Soil Type: Dry and Limy
KG context: YPG | CRREL | ROIs | Cold Regions Research and Engineering Laboratory | buried objects
Target: Land mine Mine Type: NA

Recommend the most appropriate type of sensor...
**Recommendation:**

Considering the context and target, the most appropriate sensor type is a **Ground Penetrating Radar (GPR)**.

**Rationale:**

*   **Target Identification:** The target is a buried land mine. GPR excels at detecting buried objects, even those partially covered by soil. The KG context (CRREL - Cold Regions Research and Engineering Laboratory) suggests expertise in detecting buried objects in challenging environments, further reinforcing the need for a robust detection method.
*   **",/content/drive/MyDrive/CMDACapstone_2025-11-30_16-18-29/attentions/attn_0242.json
"You are a sensor expert. Given the following situation:
Context: Voltage: 0.33232591 V, Height: 0.636363636 cm, Soil Type: Dry and Limy
KG context: YPG | CRREL | ROIs | Cold Regions Research and Engineering Laboratory | buried objects
Target: Land mine Mine Type: NA

Recommend the most appropriate type of sensor...

**Reasoning:**

The context describes a situation involving a buried object (likely a land mine) in a challenging environment: cold, dry, and limy soil. The voltage reading (0.33232591 V) is a crucial piece of information, suggesting the sensor is detecting a metallic presence. The soil type, ""Dry and Limy,"" indicates potential difficulties with signal transmission and stability. Given the target is a land mine, we need a sensor that can",/content/drive/MyDrive/CMDACapstone_2025-11-30_16-18-29/attentions/attn_0243.json
"You are a sensor expert. Given the following situation:
Context: Voltage: 0.30211447 V, Height: 0.909090909 cm, Soil Type: Dry and Limy
KG context: YPG | CRREL | ROIs | Cold Regions Research and Engineering Laboratory | buried objects
Target: Land mine Mine Type: NA

Recommend the most appropriate type of sensor...

**Recommendation:**

Given the context - voltage (0.30211447 V), height (0.909090909 cm), soil type (Dry and Limy), and the target being a buried land mine - the most appropriate sensor type is a **Ground Penetrating Radar (GPR)**.

**Rationale:**

Here's a breakdown of why GPR is the best choice and why other sensor types are less suitable:",/content/drive/MyDrive/CMDACapstone_2025-11-30_16-18-29/attentions/attn_0244.json
"You are a sensor expert. Given the following situation:
Context: Voltage: 0.290029894 V, Height: 0.090909091 cm, Soil Type: Humid and Limy
KG context: YPG | CRREL | ROIs | Cold Regions Research and Engineering Laboratory | buried objects
Target: Land mine Mine Type: NA

Recommend the most appropriate type of sensor...
**Recommendation: Ground Penetrating Radar (GPR)**

**Reasoning:**

Here's a breakdown of why GPR is the most suitable sensor in this scenario, considering the context and target:

*   **Target Identification:** The target is a land mine, which is buried.  Visual inspection alone is unlikely to be effective due to the depth and potential concealment.
*   **Contextual Clues:**
    *   **Voltage (0.29002",/content/drive/MyDrive/CMDACapstone_2025-11-30_16-18-29/attentions/attn_0245.json
"You are a sensor expert. Given the following situation:
Context: Voltage: 0.259093326 V, Height: 0.363636364 cm, Soil Type: Humid and Limy
KG context: YPG | CRREL | ROIs | Cold Regions Research and Engineering Laboratory | buried objects
Target: Land mine Mine Type: NA

Recommend the most appropriate type of sensor...

**Recommendation: Ground Penetrating Radar (GPR)**

**Rationale:**

*   **Context:** The situation involves detecting a buried object (land mine) within the soil. The soil type (Humid and Limy) is relevant as it can affect the radar signal propagation.
*   **KG Context:** The ""KG context"" provided, referencing CRREL (Cold Regions Research and Engineering Laboratory), strongly suggests a focus on buried objects and detection in cold or challenging environments.
*",/content/drive/MyDrive/CMDACapstone_2025-11-30_16-18-29/attentions/attn_0246.json
"You are a sensor expert. Given the following situation:
Context: Voltage: 0.288368198 V, Height: 0.636363636 cm, Soil Type: Humid and Limy
KG context: YPG | CRREL | ROIs | Cold Regions Research and Engineering Laboratory | buried objects
Target: Land mine Mine Type: NA

Recommend the most appropriate type of sensor...
**Sensor Recommendation: Ground Penetrating Radar (GPR)**

**Rationale:**

Here's a breakdown of why GPR is the best choice, considering the context and target:

*   **Target Identification (Land Mine):**  Land mines are often buried, and their presence can be obscured by soil conditions. GPR excels at detecting subsurface anomalies, including metallic objects like land mines, without the need for extensive excavation.
*   **Soil Conditions (Humid and Limy",/content/drive/MyDrive/CMDACapstone_2025-11-30_16-18-29/attentions/attn_0247.json
"You are a sensor expert. Given the following situation:
Context: Voltage: 0.28700875 V, Height: 1 cm, Soil Type: Humid and Limy
KG context: YPG | CRREL | ROIs | Cold Regions Research and Engineering Laboratory | buried objects
Target: Land mine Mine Type: NA

Recommend the most appropriate type of sensor...

**Recommendation: Ground Penetrating Radar (GPR)**

**Rationale:**

*   **Target Characteristics:** The target is a buried land mine. Land mines are typically buried at shallow depths (as indicated by the 1 cm height).
*   **Soil Conditions:** The ""Humid and Limy"" soil type presents a challenge for many sensor types. High moisture content can attenuate electromagnetic signals, while limestone can have variable dielectric properties, affecting radar performance. However, GPR is relatively",/content/drive/MyDrive/CMDACapstone_2025-11-30_16-18-29/attentions/attn_0248.json
"You are a sensor expert. Given the following situation:
Context: Voltage: 0.999998728 V, Height: 0.181818182 cm, Soil Type: Dry and Sandy
KG context: YPG | CRREL | ROIs | Cold Regions Research and Engineering Laboratory | buried objects
Target: Land mine Mine Type: Anti-Tank

Recommend the most appropriate type of sensor...
**Recommendation: Ground Penetrating Radar (GPR)**

**Reasoning:**

Here's a breakdown of why GPR is the most suitable sensor in this scenario, considering the context and KG context:

*   **Target Identification (Land Mine):** Land mines, particularly anti-tank mines, are often buried and their presence is difficult to detect with visual or simple electrical sensors. GPR excels at detecting subsurface anomalies and buried objects.
*   **Soil Type (Dry and",/content/drive/MyDrive/CMDACapstone_2025-11-30_16-18-29/attentions/attn_0249.json
"You are a sensor expert. Given the following situation:
Context: Voltage: 0.78851865 V, Height: 0.454545455 cm, Soil Type: Dry and Sandy
KG context: YPG | CRREL | ROIs | Cold Regions Research and Engineering Laboratory | buried objects
Target: Land mine Mine Type: Anti-Tank

Recommend the most appropriate type of sensor...
**Recommendation: Ground Penetrating Radar (GPR)**

**Rationale:**

*   **Target Characteristics:** We are dealing with a buried land mine, specifically an Anti-Tank type. These mines are often buried shallowly and their metallic components can be detected by GPR.
*   **Soil Conditions:** The soil type (Dry and Sandy) is ideal for GPR. Sand is a good transmitter and receiver of radar waves, providing a clear signal for subsurface detection. Dry soil minimizes",/content/drive/MyDrive/CMDACapstone_2025-11-30_16-18-29/attentions/attn_0250.json
"You are a sensor expert. Given the following situation:
Context: Voltage: 0.586102004 V, Height: 0.727272727 cm, Soil Type: Dry and Sandy
KG context: YPG | CRREL | ROIs | Cold Regions Research and Engineering Laboratory | buried objects
Target: Land mine Mine Type: Anti-Tank

Recommend the most appropriate type of sensor...

**Reasoning:**

The scenario describes a potential land mine detection in a cold, dry, and sandy environment. The provided data – voltage, height, and soil type – suggests a buried object. The KG context, specifically referencing CRREL's work on buried objects, indicates a focus on detecting such items.  Given this, we need a sensor capable of detecting buried objects, particularly those of the anti-tank variety.

Here's a breakdown of why different sensor types might be",/content/drive/MyDrive/CMDACapstone_2025-11-30_16-18-29/attentions/attn_0251.json
"You are a sensor expert. Given the following situation:
Context: Voltage: 0.439213957 V, Height: 1 cm, Soil Type: Dry and Sandy
KG context: YPG | CRREL | ROIs | Cold Regions Research and Engineering Laboratory | buried objects
Target: Land mine Mine Type: Anti-Tank

Recommend the most appropriate type of sensor...
**Recommendation: Ground Penetrating Radar (GPR)**

**Rationale:**

Here’s a detailed breakdown of why GPR is the most suitable sensor for this scenario, considering the context and KG context:

1.  **Target Characteristics:**
    *   **Target Type (Land Mine - Anti-Tank):**  Land mines, particularly anti-tank mines, are typically buried objects.  They are often located at shallow depths (centimeters to a few meters) and are",/content/drive/MyDrive/CMDACapstone_2025-11-30_16-18-29/attentions/attn_0252.json
"You are a sensor expert. Given the following situation:
Context: Voltage: 0.999998728 V, Height: 0.181818182 cm, Soil Type: Humid and Sandy
KG context: YPG | CRREL | ROIs | Cold Regions Research and Engineering Laboratory | buried objects
Target: Land mine Mine Type: Anti-Tank

Recommend the most appropriate type of sensor...

**Recommendation:**

Based on the provided data and the target of identifying a buried anti-tank land mine, I recommend utilizing **Ground Penetrating Radar (GPR)**.

**Rationale:**

*   **Low Voltage:** A voltage of 0.999998728 V suggests a very low power scenario. GPR systems, particularly modern ones, can operate on relatively low power consumption, especially when focusing on shallow investigations.
*   **Small Height:**",/content/drive/MyDrive/CMDACapstone_2025-11-30_16-18-29/attentions/attn_0253.json
"You are a sensor expert. Given the following situation:
Context: Voltage: 0.725074626 V, Height: 0.454545455 cm, Soil Type: Humid and Sandy
KG context: YPG | CRREL | ROIs | Cold Regions Research and Engineering Laboratory | buried objects
Target: Land mine Mine Type: Anti-Tank

Recommend the most appropriate type of sensor...
**Recommendation: Ground Penetrating Radar (GPR)**

**Rationale:**

*   **Target Characteristics:** We're dealing with a buried land mine, specifically an anti-tank type. These mines are often buried at shallow depths, and their metallic components (often steel or iron) are ideal targets for GPR.
*   **Contextual Clues:**
    *   **Voltage (0.725 V):** This voltage reading, combined with the height reading,",/content/drive/MyDrive/CMDACapstone_2025-11-30_16-18-29/attentions/attn_0254.json
"You are a sensor expert. Given the following situation:
Context: Voltage: 0.534742556 V, Height: 0.727272727 cm, Soil Type: Humid and Sandy
KG context: YPG | CRREL | ROIs | Cold Regions Research and Engineering Laboratory | buried objects
Target: Land mine Mine Type: Anti-Tank

Recommend the most appropriate type of sensor...

**Reasoning:**

The context describes a scenario involving the detection of a buried land mine, specifically an anti-tank mine.  The provided data – voltage, height, and soil type – are all potential inputs for various sensor technologies. However, given the KG context of buried objects and the specific target of a land mine, we need a sensor that excels at detecting objects buried beneath the surface.

Here's a breakdown of why certain sensor types are more suitable than others:

*",/content/drive/MyDrive/CMDACapstone_2025-11-30_16-18-29/attentions/attn_0255.json
"You are a sensor expert. Given the following situation:
Context: Voltage: 0.450150525 V, Height: 1 cm, Soil Type: Humid and Sandy
KG context: YPG | CRREL | ROIs | Cold Regions Research and Engineering Laboratory | buried objects
Target: Land mine Mine Type: Anti-Tank

Recommend the most appropriate type of sensor...

**Recommendation: Ground Penetrating Radar (GPR)**

**Rationale:**

*   **Target Characteristics:** We're dealing with a buried anti-tank land mine, which is typically housed in a metal casing (often steel) and is buried beneath the surface.  The soil type (humid and sandy) presents challenges for traditional detection methods.
*   **Sensor Capabilities:**
    *   **GPR excels at detecting buried metallic objects.** The radar pulses penetrate the ground and reflect",/content/drive/MyDrive/CMDACapstone_2025-11-30_16-18-29/attentions/attn_0256.json
"You are a sensor expert. Given the following situation:
Context: Voltage: 0.513594548 V, Height: 0.181818182 cm, Soil Type: Dry and Humus
KG context: YPG | CRREL | ROIs | Cold Regions Research and Engineering Laboratory | buried objects
Target: Land mine Mine Type: Anti-Tank

Recommend the most appropriate type of sensor...

**Recommendation: Ground Penetrating Radar (GPR)**

**Rationale:**

Here's a breakdown of why GPR is the most suitable sensor in this scenario, considering the context and KG information:

*   **Target Identification:** The target is a buried landmine (specifically, an anti-tank mine).  GPR excels at detecting buried objects, even at shallow depths.
*   **Soil Conditions:** The soil is described as ""Dry and Humus."" Humus-",/content/drive/MyDrive/CMDACapstone_2025-11-30_16-18-29/attentions/attn_0257.json
"You are a sensor expert. Given the following situation:
Context: Voltage: 0.480361965 V, Height: 0.454545455 cm, Soil Type: Dry and Humus
KG context: YPG | CRREL | ROIs | Cold Regions Research and Engineering Laboratory | buried objects
Target: Land mine Mine Type: Anti-Tank

Recommend the most appropriate type of sensor...
**Recommendation: Ground Penetrating Radar (GPR)**

**Reasoning:**

Here's a breakdown of why GPR is the most suitable sensor in this scenario, considering the context and KG:

*   **Target Identification (Land Mine):** Land mines, particularly anti-tank mines, are often buried and their presence is not readily apparent through visual inspection or simple soil measurements. GPR excels at detecting subsurface anomalies.
*   **Soil Conditions (Dry and Humus):",/content/drive/MyDrive/CMDACapstone_2025-11-30_16-18-29/attentions/attn_0258.json
"You are a sensor expert. Given the following situation:
Context: Voltage: 0.371600782 V, Height: 0.727272727 cm, Soil Type: Dry and Humus
KG context: YPG | CRREL | ROIs | Cold Regions Research and Engineering Laboratory | buried objects
Target: Land mine Mine Type: Anti-Tank

Recommend the most appropriate type of sensor...

**Recommendation: Ground Penetrating Radar (GPR)**

**Reasoning:**

Here's a detailed breakdown of why GPR is the most suitable sensor for this situation, considering the provided context and the target (Land Mine - Anti-Tank):

1. **Target Characteristics:**
   - **Land Mine (Anti-Tank):** Anti-tank mines are designed to be buried, often at shallow depths.  They are typically made of metal and can be difficult to detect visually",/content/drive/MyDrive/CMDACapstone_2025-11-30_16-18-29/attentions/attn_0259.json
"You are a sensor expert. Given the following situation:
Context: Voltage: 0.999998728 V, Height: 0.090909091 cm, Soil Type: Humid and Humus
KG context: YPG | CRREL | ROIs | Cold Regions Research and Engineering Laboratory | buried objects
Target: Land mine Mine Type: Anti-Tank

Recommend the most appropriate type of sensor...

**Recommendation:**

Based on the provided context, the most appropriate sensor type is a **Ground Penetrating Radar (GPR)**.

**Rationale:**

*   **Target:** The target is a buried landmine (specifically, an anti-tank mine). Detecting buried objects is the core challenge.
*   **Context:** The soil type (Humid and Humus) is a typical condition for buried landmines.  Humus-rich soil can attenuate electromagnetic waves, but G",/content/drive/MyDrive/CMDACapstone_2025-11-30_16-18-29/attentions/attn_0260.json
"You are a sensor expert. Given the following situation:
Context: Voltage: 0.71299005 V, Height: 0.363636364 cm, Soil Type: Humid and Humus
KG context: YPG | CRREL | ROIs | Cold Regions Research and Engineering Laboratory | buried objects
Target: Land mine Mine Type: Anti-Tank

Recommend the most appropriate type of sensor...
**Recommendation: Ground Penetrating Radar (GPR)**

**Reasoning:**

Here's a breakdown of why GPR is the most suitable sensor in this scenario, considering the context and target:

*   **Target Identification:** The target is a buried land mine (specifically an anti-tank mine).  These mines are designed to be hidden beneath the surface.  Visual inspection alone is unlikely to be effective.
*   **Contextual Clues:**
    *   **",/content/drive/MyDrive/CMDACapstone_2025-11-30_16-18-29/attentions/attn_0261.json
"You are a sensor expert. Given the following situation:
Context: Voltage: 0.628398019 V, Height: 0.636363636 cm, Soil Type: Humid and Humus
KG context: YPG | CRREL | ROIs | Cold Regions Research and Engineering Laboratory | buried objects
Target: Land mine Mine Type: Anti-Tank

Recommend the most appropriate type of sensor...
**Recommendation: Ground Penetrating Radar (GPR)**

**Rationale:**

Here's a breakdown of why GPR is the best choice, considering the context and KG context:

*   **Target Identification (Land Mine):** Land mines, particularly anti-tank mines, are often buried at shallow depths. GPR excels at detecting buried objects, even those with irregular shapes and varying dielectric properties.
*   **Soil Type Considerations:** The ""Humid and Humus"" soil",/content/drive/MyDrive/CMDACapstone_2025-11-30_16-18-29/attentions/attn_0262.json
"You are a sensor expert. Given the following situation:
Context: Voltage: 0.483383109 V, Height: 0.909090909 cm, Soil Type: Humid and Humus
KG context: YPG | CRREL | ROIs | Cold Regions Research and Engineering Laboratory | buried objects
Target: Land mine Mine Type: Anti-Tank

Recommend the most appropriate type of sensor...

**Recommendation: Ground Penetrating Radar (GPR)**

**Reasoning:**

Here's a breakdown of why GPR is the most suitable sensor for this situation, considering the context and KG context:

*   **Target Identification (Land Mine):** Land mines, particularly anti-tank mines, are often buried partially or completely beneath the surface.  Visual inspection (based on height alone) is insufficient.
*   **Soil Conditions (Humid and Humus):** Hum",/content/drive/MyDrive/CMDACapstone_2025-11-30_16-18-29/attentions/attn_0263.json
"You are a sensor expert. Given the following situation:
Context: Voltage: 0.999998728 V, Height: 0.090909091 cm, Soil Type: Dry and Limy
KG context: YPG | CRREL | ROIs | Cold Regions Research and Engineering Laboratory | buried objects
Target: Land mine Mine Type: Anti-Tank

Recommend the most appropriate type of sensor...

**Recommendation:**

Based on the provided context, the most appropriate sensor type for detecting an Anti-Tank land mine is a **Ground Penetrating Radar (GPR)**.

**Reasoning:**

*   **Buried Objects:** The KG context explicitly mentions ""buried objects"" – land mines are precisely that.  GPR excels at detecting objects buried beneath the surface.
*   **Soil Type:** The “Dry and Limy” soil type is well-suited for GPR",/content/drive/MyDrive/CMDACapstone_2025-11-30_16-18-29/attentions/attn_0264.json
"You are a sensor expert. Given the following situation:
Context: Voltage: 0.999998728 V, Height: 0.363636364 cm, Soil Type: Dry and Limy
KG context: YPG | CRREL | ROIs | Cold Regions Research and Engineering Laboratory | buried objects
Target: Land mine Mine Type: Anti-Tank

Recommend the most appropriate type of sensor...

**Recommendation:**

Given the context – a voltage of 0.999998728 V, a height of 0.363636364 cm, and a soil type of ""Dry and Limy"" – combined with the target of identifying a buried anti-tank land mine, the most appropriate sensor type is a **Ground Penetrating Radar (GPR)**.

**Rationale:**

*   **Low Signal Strength & Small Height",/content/drive/MyDrive/CMDACapstone_2025-11-30_16-18-29/attentions/attn_0265.json
"You are a sensor expert. Given the following situation:
Context: Voltage: 0.851962673 V, Height: 0.636363636 cm, Soil Type: Dry and Limy
KG context: YPG | CRREL | ROIs | Cold Regions Research and Engineering Laboratory | buried objects
Target: Land mine Mine Type: Anti-Tank

Recommend the most appropriate type of sensor...

**Recommendation:**

Based on the provided context and the target of identifying a buried landmine (specifically an anti-tank mine), I recommend utilizing a **Ground Penetrating Radar (GPR)** sensor.

**Reasoning:**

*   **Buried Objects:** The KG context (""buried objects"") strongly suggests that the target (landmine) is hidden beneath the surface. GPR is specifically designed to detect and map buried objects.
*   **Soil Type:** The ""Dry and",/content/drive/MyDrive/CMDACapstone_2025-11-30_16-18-29/attentions/attn_0266.json
"You are a sensor expert. Given the following situation:
Context: Voltage: 0.592144292 V, Height: 0.909090909 cm, Soil Type: Dry and Limy
KG context: YPG | CRREL | ROIs | Cold Regions Research and Engineering Laboratory | buried objects
Target: Land mine Mine Type: Anti-Tank

Recommend the most appropriate type of sensor...
**Recommendation: Ground Penetrating Radar (GPR)**

**Rationale:**

Here's a detailed breakdown of why GPR is the most suitable sensor in this context, considering the provided data and the target (land mine):

1.  **Target Characteristics:** We're dealing with a buried object – a land mine, specifically an anti-tank mine. Land mines are typically buried at shallow depths, often concealed by soil.

2.  **Sensor Data - Context:**",/content/drive/MyDrive/CMDACapstone_2025-11-30_16-18-29/attentions/attn_0267.json
"You are a sensor expert. Given the following situation:
Context: Voltage: 0.99395644 V, Height: 0.090909091 cm, Soil Type: Humid and Limy
KG context: YPG | CRREL | ROIs | Cold Regions Research and Engineering Laboratory | buried objects
Target: Land mine Mine Type: Anti-Tank

Recommend the most appropriate type of sensor...

**Recommendation:**

Based on the provided context and the target (Land mine, specifically an Anti-Tank mine), I recommend utilizing a **Ground Penetrating Radar (GPR)** sensor in conjunction with a **Metal Detector**.

Here's a breakdown of why and the rationale behind this combination:

*   **GPR - Primary Detection:**  GPR is *highly* effective at detecting buried objects, especially those with a different dielectric constant than the surrounding soil. Landmines, often",/content/drive/MyDrive/CMDACapstone_2025-11-30_16-18-29/attentions/attn_0268.json
"You are a sensor expert. Given the following situation:
Context: Voltage: 0.779455218 V, Height: 0.363636364 cm, Soil Type: Humid and Limy
KG context: YPG | CRREL | ROIs | Cold Regions Research and Engineering Laboratory | buried objects
Target: Land mine Mine Type: Anti-Tank

Recommend the most appropriate type of sensor...
**Recommendation: Ground Penetrating Radar (GPR)**

**Rationale:**

*   **Target Characteristics:** We are looking for a buried anti-tank land mine. This means the mine is hidden beneath the surface.
*   **Contextual Information:**
    *   **Voltage (0.779455218 V):** This reading is potentially anomalous and needs further investigation. While it could be a related sensor signal, it doesn't directly indicate the",/content/drive/MyDrive/CMDACapstone_2025-11-30_16-18-29/attentions/attn_0269.json
"You are a sensor expert. Given the following situation:
Context: Voltage: 0.655588315 V, Height: 0.636363636 cm, Soil Type: Humid and Limy
KG context: YPG | CRREL | ROIs | Cold Regions Research and Engineering Laboratory | buried objects
Target: Land mine Mine Type: Anti-Tank

Recommend the most appropriate type of sensor...

**Recommendation: Ground Penetrating Radar (GPR)**

**Reasoning:**

Here's a breakdown of why GPR is the most suitable sensor in this context, considering the provided data and the target (land mine):

1.  **Target Characteristics:** We're looking for a buried object – a land mine. Landmines are often buried at shallow depths, and their shape and composition can be difficult to discern with other sensor types.

2.  **Data Provided:**",/content/drive/MyDrive/CMDACapstone_2025-11-30_16-18-29/attentions/attn_0270.json
"You are a sensor expert. Given the following situation:
Context: Voltage: 0.444108237 V, Height: 0.909090909 cm, Soil Type: Humid and Limy
KG context: YPG | CRREL | ROIs | Cold Regions Research and Engineering Laboratory | buried objects
Target: Land mine Mine Type: Anti-Tank

Recommend the most appropriate type of sensor...

**Recommendation: Ground Penetrating Radar (GPR)**

**Rationale:**

*   **Target Characteristics:** We are looking for a buried anti-tank land mine. These mines are typically buried just beneath the surface, often in relatively shallow depths (potentially within the given height of 0.909 cm).
*   **Soil Conditions:** The ""Humid and Limy"" soil type is problematic for many sensors. High moisture content can attenuate electromagnetic waves, reducing the effectiveness of",/content/drive/MyDrive/CMDACapstone_2025-11-30_16-18-29/attentions/attn_0271.json
"You are a sensor expert. Given the following situation:
Context: Voltage: 0.374621926 V, Height: 0.090909091 cm, Soil Type: Dry and Sandy
KG context: YPG | CRREL | ROIs | Cold Regions Research and Engineering Laboratory | buried objects
Target: Land mine Mine Type: Anti-Personnel

Recommend the most appropriate type of sensor...
**Recommendation:**

Given the context – a low voltage (0.374621926 V), a small height (0.090909091 cm), a dry and sandy soil type, and the target being a buried land mine – the most appropriate sensor type is a **Ground Penetrating Radar (GPR)**.

**Reasoning:**

Here's a breakdown of why GPR is superior to other sensor options in this scenario",/content/drive/MyDrive/CMDACapstone_2025-11-30_16-18-29/attentions/attn_0272.json
"You are a sensor expert. Given the following situation:
Context: Voltage: 0.344410486 V, Height: 0.363636364 cm, Soil Type: Dry and Sandy
KG context: YPG | CRREL | ROIs | Cold Regions Research and Engineering Laboratory | buried objects
Target: Land mine Mine Type: Anti-Personnel

Recommend the most appropriate type of sensor...
**Recommendation: Ground Penetrating Radar (GPR)**

**Rationale:**

*   **Target Type:** The target is a buried land mine, specifically an anti-personnel mine. This indicates a need to detect objects beneath the surface.
*   **Soil Type:** The soil is dry and sandy. This type of soil can attenuate electromagnetic waves, making it challenging for some sensors. However, GPR can still operate effectively in sandy soils, especially with proper antenna selection and scanning techniques",/content/drive/MyDrive/CMDACapstone_2025-11-30_16-18-29/attentions/attn_0273.json
"You are a sensor expert. Given the following situation:
Context: Voltage: 0.315558494 V, Height: 0.636363636 cm, Soil Type: Dry and Sandy
KG context: YPG | CRREL | ROIs | Cold Regions Research and Engineering Laboratory | buried objects
Target: Land mine Mine Type: Anti-Personnel

Recommend the most appropriate type of sensor...

**Recommendation:**

Given the context – a low voltage (0.315558494 V), a relatively low height of 0.636363636 cm, a dry and sandy soil type, and the target being a buried landmine – the most appropriate sensor type is a **Ground Penetrating Radar (GPR)**.

**Rationale:**

Here's a breakdown of why GPR is the best choice and why other sensor",/content/drive/MyDrive/CMDACapstone_2025-11-30_16-18-29/attentions/attn_0274.json
"You are a sensor expert. Given the following situation:
Context: Voltage: 0.303685358 V, Height: 0.909090909 cm, Soil Type: Dry and Sandy
KG context: YPG | CRREL | ROIs | Cold Regions Research and Engineering Laboratory | buried objects
Target: Land mine Mine Type: Anti-Personnel

Recommend the most appropriate type of sensor...

**Recommendation: Ground Penetrating Radar (GPR)**

**Rationale:**

1.  **Buried Objects:** The KG context explicitly mentions buried objects (land mines). GPR is *the* gold standard for detecting buried objects in soil. It works by transmitting electromagnetic pulses into the ground and analyzing the reflected signals to create an image of the subsurface.

2.  **Soil Type:**  Dry and sandy soil is a common condition for landmines. GPR performs well in sandy",/content/drive/MyDrive/CMDACapstone_2025-11-30_16-18-29/attentions/attn_0275.json
"You are a sensor expert. Given the following situation:
Context: Voltage: 0.492446541 V, Height: 0.272727273 cm, Soil Type: Humid and Sandy
KG context: YPG | CRREL | ROIs | Cold Regions Research and Engineering Laboratory | buried objects
Target: Land mine Mine Type: Anti-Personnel

Recommend the most appropriate type of sensor...

**Recommended Sensor:** Ground Penetrating Radar (GPR)

**Reasoning:**

*   **Contextual Clues:** The context strongly suggests a buried object detection scenario, aligning with the KG context of ""buried objects"" from the CRREL laboratory. The ""Land mine"" target further reinforces this. The soil type (Humid and Sandy) is relevant as it can affect GPR signal propagation.
*   **Challenge:** Detecting a buried landmine at a shallow depth (0",/content/drive/MyDrive/CMDACapstone_2025-11-30_16-18-29/attentions/attn_0276.json
"You are a sensor expert. Given the following situation:
Context: Voltage: 0.374706501 V, Height: 0.545454545 cm, Soil Type: Humid and Sandy
KG context: YPG | CRREL | ROIs | Cold Regions Research and Engineering Laboratory | buried objects
Target: Land mine Mine Type: Anti-Personnel

Recommend the most appropriate type of sensor...
...to detect a buried land mine.

Recommended Sensor Type: Ground Penetrating Radar (GPR)

Justification:
Given the context, specifically the ""Humid and Sandy"" soil type, traditional metal detectors would likely be ineffective due to the soil's conductivity.  The ""buried objects"" KG context strongly suggests the presence of a buried land mine.  Land mines are not metallic, so a metal detector would not provide useful information.  GPR works by transmitting radar pulses",/content/drive/MyDrive/CMDACapstone_2025-11-30_16-18-29/attentions/attn_0277.json
"You are a sensor expert. Given the following situation:
Context: Voltage: 0.356072182 V, Height: 0.818181818 cm, Soil Type: Humid and Sandy
KG context: YPG | CRREL | ROIs | Cold Regions Research and Engineering Laboratory | buried objects
Target: Land mine Mine Type: Anti-Personnel

Recommend the most appropriate type of sensor...
**Recommendation: Ground Penetrating Radar (GPR)**

**Rationale:**

*   **Target Complexity:** Detecting a buried land mine (Anti-Personnel type) requires penetrating the soil to identify anomalies in the subsurface.
*   **Soil Type:** Humid and Sandy soil presents a challenge. High moisture content can attenuate radar signals, but GPR is still the best option. The sand provides a complex scattering profile that can be mapped.
*   **Depth of Target:** Land mines",/content/drive/MyDrive/CMDACapstone_2025-11-30_16-18-29/attentions/attn_0278.json
"You are a sensor expert. Given the following situation:
Context: Voltage: 0.534742556 V, Height: 0 cm, Soil Type: Dry and Humus
KG context: YPG | CRREL | ROIs | Cold Regions Research and Engineering Laboratory | buried objects
Target: Land mine Mine Type: Anti-Personnel

Recommend the most appropriate type of sensor...

**Recommendation:**

Given the context and target, the most appropriate sensor type is a **Ground Penetrating Radar (GPR)**.

**Rationale:**

*   **Target Identification:** Landmines are often buried underground, and their location is often not immediately obvious. GPR excels at detecting subsurface anomalies, such as buried objects, without disturbing the soil.
*   **Soil Conditions:** The ""Dry and Humus"" soil type is well-suited for GPR operation. Humus",/content/drive/MyDrive/CMDACapstone_2025-11-30_16-18-29/attentions/attn_0279.json
"You are a sensor expert. Given the following situation:
Context: Voltage: 0.395769933 V, Height: 0.272727273 cm, Soil Type: Dry and Humus
KG context: YPG | CRREL | ROIs | Cold Regions Research and Engineering Laboratory | buried objects
Target: Land mine Mine Type: Anti-Personnel

Recommend the most appropriate type of sensor...

**Recommendation:**

Given the context and target, the most appropriate sensor type is a **Ground Penetrating Radar (GPR)**.

**Rationale:**

*   **Target Identification:** Landmines, particularly anti-personnel mines, are often buried underground. GPR excels at detecting buried objects and anomalies without disturbing the soil.
*   **Soil Conditions:** The ""Dry and Humus"" soil type is ideal for GPR. Humus can attenuate radar signals, but GPR",/content/drive/MyDrive/CMDACapstone_2025-11-30_16-18-29/attentions/attn_0280.json
"You are a sensor expert. Given the following situation:
Context: Voltage: 0.353473918 V, Height: 0.545454545 cm, Soil Type: Dry and Humus
KG context: YPG | CRREL | ROIs | Cold Regions Research and Engineering Laboratory | buried objects
Target: Land mine Mine Type: Anti-Personnel

Recommend the most appropriate type of sensor...

**Reasoning:**

The context strongly suggests we're dealing with a buried object detection problem, specifically a land mine. The KG context from CRREL highlights their expertise in this area. The sensor needs to be able to detect objects buried in soil and differentiate between potentially dangerous objects (land mines) and harmless ones.

Considering the available data – voltage, height, and soil type – we need a sensor that can:

*   **Detect subsurface objects:**  Height data (0.",/content/drive/MyDrive/CMDACapstone_2025-11-30_16-18-29/attentions/attn_0281.json
"You are a sensor expert. Given the following situation:
Context: Voltage: 0.280966463 V, Height: 0.818181818 cm, Soil Type: Dry and Humus
KG context: YPG | CRREL | ROIs | Cold Regions Research and Engineering Laboratory | buried objects
Target: Land mine Mine Type: Anti-Personnel

Recommend the most appropriate type of sensor...
**Recommendation:**

Based on the provided data and the target (land mine - specifically an anti-Personnel mine), the most appropriate sensor type is a **Ground Penetrating Radar (GPR)**.

**Rationale:**

*   **Buried Objects:** The KG context explicitly points to the CRREL's expertise in buried object detection. GPR is *the* gold standard for locating buried objects, particularly metallic and non-metallic targets like landmines.
*   **Low Voltage",/content/drive/MyDrive/CMDACapstone_2025-11-30_16-18-29/attentions/attn_0282.json
"You are a sensor expert. Given the following situation:
Context: Voltage: 0.480361965 V, Height: 0.090909091 cm, Soil Type: Humid and Humus
KG context: YPG | CRREL | ROIs | Cold Regions Research and Engineering Laboratory | buried objects
Target: Land mine Mine Type: Anti-Personnel

Recommend the most appropriate type of sensor...

**Recommendation:**

Given the context and the target (land mine), the most appropriate sensor type is a **Ground Penetrating Radar (GPR)**.

**Rationale:**

*   **Buried Objects Detection:** GPR is specifically designed to detect buried objects, which is precisely the target in this scenario – a land mine. It operates by transmitting radar pulses into the ground and analyzing the reflected signals to create an image of subsurface features.
*   **Soil Type Considerations:** The """,/content/drive/MyDrive/CMDACapstone_2025-11-30_16-18-29/attentions/attn_0283.json
"You are a sensor expert. Given the following situation:
Context: Voltage: 0.432023661 V, Height: 0.363636364 cm, Soil Type: Humid and Humus
KG context: YPG | CRREL | ROIs | Cold Regions Research and Engineering Laboratory | buried objects
Target: Land mine Mine Type: Anti-Personnel

Recommend the most appropriate type of sensor...
**Recommendation:**

Considering the context and KG, the most appropriate sensor type is a **Ground Penetrating Radar (GPR)**.

**Reasoning:**

*   **Target:** The target is a buried landmine, specifically an anti-personnel mine. This indicates a need to detect objects hidden beneath the soil surface.
*   **Context:**
    *   **Voltage (0.432023661 V):** While voltage itself isn’",/content/drive/MyDrive/CMDACapstone_2025-11-30_16-18-29/attentions/attn_0284.json
"You are a sensor expert. Given the following situation:
Context: Voltage: 0.271903031 V, Height: 0.636363636 cm, Soil Type: Humid and Humus
KG context: YPG | CRREL | ROIs | Cold Regions Research and Engineering Laboratory | buried objects
Target: Land mine Mine Type: Anti-Personnel

Recommend the most appropriate type of sensor...

**Recommendation: Ground Penetrating Radar (GPR)**

**Rationale:**

1.  **Target Characteristics:** We're dealing with a buried land mine, specifically an anti-personnel type. These mines are typically buried shallowly (as indicated by the 0.636363636 cm height), and their metallic components are often shielded by the soil.

2.  **Sensor Capabilities:**
    *   **GPR excels at detecting buried objects",/content/drive/MyDrive/CMDACapstone_2025-11-30_16-18-29/attentions/attn_0285.json
"You are a sensor expert. Given the following situation:
Context: Voltage: 0.30211447 V, Height: 0.909090909 cm, Soil Type: Humid and Humus
KG context: YPG | CRREL | ROIs | Cold Regions Research and Engineering Laboratory | buried objects
Target: Land mine Mine Type: Anti-Personnel

Recommend the most appropriate type of sensor...
**Recommendation: Ground Penetrating Radar (GPR)**

**Rationale:**

*   **Target Characteristics:** The target is a buried land mine, specifically an anti-personnel mine. This means the mine is hidden beneath the surface.
*   **Environmental Conditions:** The soil is described as ""Humid and Humus."" This type of soil can attenuate electromagnetic waves, making it a challenging environment for some sensors. However, GPR is relatively robust to soil conditions.
*",/content/drive/MyDrive/CMDACapstone_2025-11-30_16-18-29/attentions/attn_0286.json
"You are a sensor expert. Given the following situation:
Context: Voltage: 0.549848276 V, Height: 0.272727273 cm, Soil Type: Dry and Limy
KG context: YPG | CRREL | ROIs | Cold Regions Research and Engineering Laboratory | buried objects
Target: Land mine Mine Type: Anti-Personnel

Recommend the most appropriate type of sensor...
**Recommendation: Ground Penetrating Radar (GPR)**

**Rationale:**

*   **Target Identification:** Landmines, particularly anti-personnel mines, are often buried beneath the surface. The ""Dry and Limy"" soil type suggests a relatively hard, dense surface, which can hinder metal detectors.
*   **Depth Penetration:** GPR excels at detecting buried objects at shallow to moderate depths. The provided height of 0.272727273",/content/drive/MyDrive/CMDACapstone_2025-11-30_16-18-29/attentions/attn_0287.json
"You are a sensor expert. Given the following situation:
Context: Voltage: 0.416917941 V, Height: 0.545454545 cm, Soil Type: Dry and Limy
KG context: YPG | CRREL | ROIs | Cold Regions Research and Engineering Laboratory | buried objects
Target: Land mine Mine Type: Anti-Personnel

Recommend the most appropriate type of sensor...

**Reasoning:**

The context describes a situation involving the detection of a buried landmine. The key factors are the voltage, height, and soil type.  The KG context points to research done by CRREL, which focuses on buried objects in cold regions. This heavily suggests a geophysical sensing approach is needed.

Here’s a breakdown of why certain sensor types are more suitable:

*   **Voltage:** A low voltage (0.416917941",/content/drive/MyDrive/CMDACapstone_2025-11-30_16-18-29/attentions/attn_0288.json
"You are a sensor expert. Given the following situation:
Context: Voltage: 0.380664214 V, Height: 0.818181818 cm, Soil Type: Dry and Limy
KG context: YPG | CRREL | ROIs | Cold Regions Research and Engineering Laboratory | buried objects
Target: Land mine Mine Type: Anti-Personnel

Recommend the most appropriate type of sensor...

**Recommendation: Ground Penetrating Radar (GPR)**

**Reasoning:**

1.  **Target Characteristics:** The target is a buried land mine, specifically an anti-personnel mine. This means the mine is concealed beneath the surface, requiring a method to detect it without excavation.

2.  **Environmental Conditions:** The soil is described as ""Dry and Limy"". This type of soil can be challenging for some sensor types. Dry soil can affect the propagation of electromagnetic waves",/content/drive/MyDrive/CMDACapstone_2025-11-30_16-18-29/attentions/attn_0289.json
"You are a sensor expert. Given the following situation:
Context: Voltage: 0.752264922 V, Height: 0.090909091 cm, Soil Type: Humid and Limy
KG context: YPG | CRREL | ROIs | Cold Regions Research and Engineering Laboratory | buried objects
Target: Land mine Mine Type: Anti-Personnel

Recommend the most appropriate type of sensor...

**Reasoning:**

The context provides several key pieces of information:

*   **Voltage (0.752264922 V):** This suggests a geophysical method, likely Ground Penetrating Radar (GPR) or Electrical Resistivity Tomography (ERT).  The voltage value itself isn't directly informative, but it indicates a signal is being generated and detected.
*   **Height (0.090909091 cm):",/content/drive/MyDrive/CMDACapstone_2025-11-30_16-18-29/attentions/attn_0290.json
"You are a sensor expert. Given the following situation:
Context: Voltage: 0.52265798 V, Height: 0.363636364 cm, Soil Type: Humid and Limy
KG context: YPG | CRREL | ROIs | Cold Regions Research and Engineering Laboratory | buried objects
Target: Land mine Mine Type: Anti-Personnel

Recommend the most appropriate type of sensor...

**Rationale:**

The context provided suggests a situation where we are trying to detect a buried landmine. Several factors are relevant:

1.  **Voltage (0.52265798 V):** This is a crucial piece of information. The presence of a buried object, particularly a metallic landmine, can induce a voltage in the surrounding soil due to electromagnetic induction. This is known as geomagnetometry. A small voltage reading is a key indicator of buried metal",/content/drive/MyDrive/CMDACapstone_2025-11-30_16-18-29/attentions/attn_0291.json
"You are a sensor expert. Given the following situation:
Context: Voltage: 0.404833365 V, Height: 0.636363636 cm, Soil Type: Humid and Limy
KG context: YPG | CRREL | ROIs | Cold Regions Research and Engineering Laboratory | buried objects
Target: Land mine Mine Type: Anti-Personnel

Recommend the most appropriate type of sensor...

**Reasoning:**

The context describes a scenario involving the detection of a buried land mine. The key pieces of information are the voltage reading (0.404833365 V), the height reading (0.636363636 cm), and the soil type (Humid and Limy).  Given the KG context of ""buried objects"" and the target being a land mine, we need a sensor capable of detecting objects buried beneath the",/content/drive/MyDrive/CMDACapstone_2025-11-30_16-18-29/attentions/attn_0292.json
"You are a sensor expert. Given the following situation:
Context: Voltage: 0.311177902 V, Height: 0.909090909 cm, Soil Type: Humid and Limy
KG context: YPG | CRREL | ROIs | Cold Regions Research and Engineering Laboratory | buried objects
Target: Land mine Mine Type: Anti-Personnel

Recommend the most appropriate type of sensor...

**Reasoning:**

The context provides several key pieces of information that point towards the need for a sensor capable of detecting buried objects, specifically landmines. Let's break down the data:

*   **Voltage (0.311177902 V):** This is a crucial piece of information. It suggests the use of a geophysical method that relies on electrical properties. Specifically, it points towards Ground Penetrating Radar (GPR) or Electrical Resistivity Tom",/content/drive/MyDrive/CMDACapstone_2025-11-30_16-18-29/attentions/attn_0293.json
"You are a sensor expert. Given the following situation:
Context: Voltage: 0.471298533 V, Height: 0.181818182 cm, Soil Type: Dry and Sandy
KG context: YPG | CRREL | ROIs | Cold Regions Research and Engineering Laboratory | buried objects
Target: Land mine Mine Type: Booby Trap Anti-Personnel

Recommend the most appropriate type of sensor...

**Recommendation:**

Given the context - a voltage of 0.471298533 V, a small height of 0.181818182 cm, ""Dry and Sandy"" soil type, and the target being a Booby Trap Anti-Personnel land mine, the most appropriate sensor type is a **Ground Penetrating Radar (GPR)**.

**Reasoning:**

Here's a breakdown of why GPR is superior",/content/drive/MyDrive/CMDACapstone_2025-11-30_16-18-29/attentions/attn_0294.json
"You are a sensor expert. Given the following situation:
Context: Voltage: 0.380664214 V, Height: 0.454545455 cm, Soil Type: Dry and Sandy
KG context: YPG | CRREL | ROIs | Cold Regions Research and Engineering Laboratory | buried objects
Target: Land mine Mine Type: Booby Trap Anti-Personnel

Recommend the most appropriate type of sensor...
**Recommendation: Ground Penetrating Radar (GPR)**

**Rationale:**

1.  **Target Characteristics:** The target is a buried land mine (specifically a booby trap, an anti-personnel device). This means we need to detect objects beneath the surface, and potentially identify their shape and size.

2.  **Environmental Conditions:** The soil type (Dry and Sandy) presents a challenge. Dry sand can attenuate radar signals, but GPR can still be effective. The",/content/drive/MyDrive/CMDACapstone_2025-11-30_16-18-29/attentions/attn_0295.json
"You are a sensor expert. Given the following situation:
Context: Voltage: 0.308156758 V, Height: 0.727272727 cm, Soil Type: Dry and Sandy
KG context: YPG | CRREL | ROIs | Cold Regions Research and Engineering Laboratory | buried objects
Target: Land mine Mine Type: Booby Trap Anti-Personnel

Recommend the most appropriate type of sensor...

**Reasoning:**

The context describes a scenario involving buried objects, specifically a land mine (Booby Trap - Anti-Personnel) in a cold, dry, and sandy environment. The low voltage reading (0.308 V) and the height measurement (0.727 cm) suggest a shallow burial and potentially a weak signal.  The KG context points to the CRREL's expertise in buried object detection.

Given these factors, the best sensor type would be",/content/drive/MyDrive/CMDACapstone_2025-11-30_16-18-29/attentions/attn_0296.json
"You are a sensor expert. Given the following situation:
Context: Voltage: 0.359516206 V, Height: 1 cm, Soil Type: Dry and Sandy
KG context: YPG | CRREL | ROIs | Cold Regions Research and Engineering Laboratory | buried objects
Target: Land mine Mine Type: Booby Trap Anti-Personnel

Recommend the most appropriate type of sensor...
**Recommendation: Multistatic Radar with Ground Penetrating Radar (GPR)**

**Rationale:**

This situation strongly suggests a buried mine, specifically a booby trap.  The low voltage (0.359516206 V) combined with the dry, sandy soil indicates a potential for a buried object that is not generating significant electrical activity. The small height (1 cm) suggests the object is very close to the surface.

Here's a breakdown of why",/content/drive/MyDrive/CMDACapstone_2025-11-30_16-18-29/attentions/attn_0297.json
"You are a sensor expert. Given the following situation:
Context: Voltage: 0.423473918 V, Height: 0.181818182 cm, Soil Type: Humid and Sandy
KG context: YPG | CRREL | ROIs | Cold Regions Research and Engineering Laboratory | buried objects
Target: Land mine Mine Type: Booby Trap Anti-Personnel

Recommend the most appropriate type of sensor...
**Recommendation: Ground Penetrating Radar (GPR)**

**Rationale:**

*   **Target Characteristics:** The target is a buried land mine, specifically a booby trap, requiring detection beneath the soil surface. The soil type (humid and sandy) presents a challenge due to potential signal attenuation and scattering.
*   **Contextual Information:** The voltage reading (0.423473918 V) is likely from a voltage sensor, which is not directly related",/content/drive/MyDrive/CMDACapstone_2025-11-30_16-18-29/attentions/attn_0298.json
"You are a sensor expert. Given the following situation:
Context: Voltage: 0.359516206 V, Height: 0.545454545 cm, Soil Type: Humid and Sandy
KG context: YPG | CRREL | ROIs | Cold Regions Research and Engineering Laboratory | buried objects
Target: Land mine Mine Type: Booby Trap Anti-Personnel

Recommend the most appropriate type of sensor...
**Recommendation: Ground Penetrating Radar (GPR)**

**Reasoning:**

1.  **Target Characteristics:** The target is a buried Booby Trap - Anti-Personnel land mine. This indicates a buried object that requires subsurface detection.

2.  **Contextual Information:**
    *   **Voltage (0.359516206 V):**  This voltage reading is likely from a distance sensor (potentially a tilt sensor or accelerometer) that is",/content/drive/MyDrive/CMDACapstone_2025-11-30_16-18-29/attentions/attn_0299.json
"You are a sensor expert. Given the following situation:
Context: Voltage: 0.333685358 V, Height: 0.818181818 cm, Soil Type: Humid and Sandy
KG context: YPG | CRREL | ROIs | Cold Regions Research and Engineering Laboratory | buried objects
Target: Land mine Mine Type: Booby Trap Anti-Personnel

Recommend the most appropriate type of sensor...

**Reasoning:**

The context provides information relevant to detecting buried objects, specifically landmines. The key factors are:

*   **Voltage (0.333685358 V):** This is a crucial indicator for detecting buried objects. It suggests the use of a geophysical method that relies on measuring electromagnetic fields disturbed by the presence of a metal object. Specifically, it points towards Ground Penetrating Radar (GPR) or Metal Detection.
*   **Height",/content/drive/MyDrive/CMDACapstone_2025-11-30_16-18-29/attentions/attn_0300.json
"You are a sensor expert. Given the following situation:
Context: Voltage: 0.513594548 V, Height: 0.090909091 cm, Soil Type: Dry and Humus
KG context: YPG | CRREL | ROIs | Cold Regions Research and Engineering Laboratory | buried objects
Target: Land mine Mine Type: Booby Trap Anti-Personnel

Recommend the most appropriate type of sensor...

**Sensor Recommendation: Ground Penetrating Radar (GPR)**

**Rationale:**

Given the context (voltage, height, soil type, and the target – a booby trap land mine), GPR is the most suitable sensor for this situation. Here's a breakdown of why:

*   **Buried Objects:** The target is a buried land mine, and the KG context (CRREL) explicitly mentions buried objects. GPR excels at detecting and imaging buried objects, regardless of",/content/drive/MyDrive/CMDACapstone_2025-11-30_16-18-29/attentions/attn_0301.json
"You are a sensor expert. Given the following situation:
Context: Voltage: 0.480361965 V, Height: 0.363636364 cm, Soil Type: Dry and Humus
KG context: YPG | CRREL | ROIs | Cold Regions Research and Engineering Laboratory | buried objects
Target: Land mine Mine Type: Booby Trap Anti-Personnel

Recommend the most appropriate type of sensor...

**Rationale:**

The context describes a scenario involving the detection of a buried land mine, specifically a booby trap. This requires a sensor capable of penetrating the soil to identify the presence of a metallic object. Given the information available, the KG context (CRREL - Cold Regions Research and Engineering Laboratory) suggests a focus on buried objects, further reinforcing the need for penetration capabilities. The soil type being ""Dry and Humus"" indicates a relatively stable soil, which is favorable for some sensor technologies",/content/drive/MyDrive/CMDACapstone_2025-11-30_16-18-29/attentions/attn_0302.json
"You are a sensor expert. Given the following situation:
Context: Voltage: 0.371600782 V, Height: 0.636363636 cm, Soil Type: Dry and Humus
KG context: YPG | CRREL | ROIs | Cold Regions Research and Engineering Laboratory | buried objects
Target: Land mine Mine Type: Booby Trap Anti-Personnel

Recommend the most appropriate type of sensor...

**Recommendation:**

Based on the provided context and the target (Land mine, specifically a Booby Trap Anti-Personnel), the most appropriate sensor type is a **Ground Penetrating Radar (GPR)**.

**Reasoning:**

*   **Target Characteristics:** Booby traps are typically buried and concealed.  The context indicates a low voltage (suggesting potential difficulty in detecting electrical signals) and a dry, humus soil type – all factors that can significantly attenuate electromagnetic signals.
*",/content/drive/MyDrive/CMDACapstone_2025-11-30_16-18-29/attentions/attn_0303.json
"You are a sensor expert. Given the following situation:
Context: Voltage: 0.326283622 V, Height: 0.909090909 cm, Soil Type: Dry and Humus
KG context: YPG | CRREL | ROIs | Cold Regions Research and Engineering Laboratory | buried objects
Target: Land mine Mine Type: Booby Trap Anti-Personnel

Recommend the most appropriate type of sensor...
**Recommendation: Ground Penetrating Radar (GPR)**

**Rationale:**

Here's a detailed breakdown of why GPR is the most suitable sensor in this scenario, considering the context and target:

1.  **Target Characteristics:** We're dealing with a buried landmine (specifically a booby trap - anti-personnel), which means the mine is concealed beneath the surface. Traditional methods of detection (visual inspection, metal detectors) will be ineffective.

2.",/content/drive/MyDrive/CMDACapstone_2025-11-30_16-18-29/attentions/attn_0304.json
"You are a sensor expert. Given the following situation:
Context: Voltage: 0.2717824 V, Height: 0.090909091 cm, Soil Type: Humid and Humus
KG context: YPG | CRREL | ROIs | Cold Regions Research and Engineering Laboratory | buried objects
Target: Land mine Mine Type: Booby Trap Anti-Personnel

Recommend the most appropriate type of sensor...
**Recommendation: Ground Penetrating Radar (GPR)**

**Reasoning:**

Here's a breakdown of why GPR is the most suitable sensor in this scenario, considering the context, KG context, and target:

*   **Target Identification (Land Mine - Booby Trap):** Booby traps, especially anti-personnel mines, are often concealed and buried just beneath the surface.  Their construction frequently involves wires, triggering mechanisms, and potentially other buried components.  G",/content/drive/MyDrive/CMDACapstone_2025-11-30_16-18-29/attentions/attn_0305.json
"You are a sensor expert. Given the following situation:
Context: Voltage: 0.24199384 V, Height: 0.363636364 cm, Soil Type: Humid and Humus
KG context: YPG | CRREL | ROIs | Cold Regions Research and Engineering Laboratory | buried objects
Target: Land mine Mine Type: Booby Trap Anti-Personnel

Recommend the most appropriate type of sensor...

**Recommendation:**

Based on the provided data and the target (Land mine - Booby Trap Anti-Personnel), the most appropriate sensor type is a **Ground Penetrating Radar (GPR)**.

**Reasoning:**

Here's a breakdown of why GPR is the best choice, considering the context and target:

*   **Target Characteristics:** Booby traps, particularly anti-personnel mines, are often buried shallowly and concealed. The ""Humid and Humus",/content/drive/MyDrive/CMDACapstone_2025-11-30_16-18-29/attentions/attn_0306.json
"You are a sensor expert. Given the following situation:
Context: Voltage: 0.22700875 V, Height: 0.636363636 cm, Soil Type: Humid and Humus
KG context: YPG | CRREL | ROIs | Cold Regions Research and Engineering Laboratory | buried objects
Target: Land mine Mine Type: Booby Trap Anti-Personnel

Recommend the most appropriate type of sensor...

**Recommendation: Ground Penetrating Radar (GPR)**

**Rationale:**

*   **Target Identification:** Booby traps, particularly anti-personnel mines, are often buried at shallow depths. Visual inspection is unlikely to detect them, especially within the complex soil conditions described (humid and humus).
*   **Soil Conditions:** Humid and humus soil can attenuate electromagnetic waves, making traditional metal detectors less effective. GPR, however, uses radar pulses that can penetrate the soil to a",/content/drive/MyDrive/CMDACapstone_2025-11-30_16-18-29/attentions/attn_0307.json
"You are a sensor expert. Given the following situation:
Context: Voltage: 0.263776167 V, Height: 0 cm, Soil Type: Dry and Limy
KG context: YPG | CRREL | ROIs | Cold Regions Research and Engineering Laboratory | buried objects
Target: Land mine Mine Type: Booby Trap Anti-Personnel

Recommend the most appropriate type of sensor...

**Recommendation: Ground Penetrating Radar (GPR)**

**Reasoning:**

1.  **Target Characteristics:** We're dealing with a buried land mine, specifically a booby trap designed to be anti-personnel. This indicates a small, metallic object hidden beneath the surface. Traditional voltage and height sensors are not suitable for detecting buried metallic objects.

2.  **Contextual Clues:**
    *   **Voltage (0.2637761",/content/drive/MyDrive/CMDACapstone_2025-11-30_16-18-29/attentions/attn_0308.json
"You are a sensor expert. Given the following situation:
Context: Voltage: 0.223564727 V, Height: 0.272727273 cm, Soil Type: Dry and Limy
KG context: YPG | CRREL | ROIs | Cold Regions Research and Engineering Laboratory | buried objects
Target: Land mine Mine Type: Booby Trap Anti-Personnel

Recommend the most appropriate type of sensor...

**Recommendation:**

Based on the provided data and the target (land mine, specifically a booby trap, anti-personnel), the most appropriate sensor type is a **Ground Penetrating Radar (GPR)**.

**Rationale:**

*   **Buried Objects:** The KG context specifically mentions buried objects (land mines). GPR excels at detecting and locating buried metallic and non-metallic objects, which are common components of land mines and booby traps.
*   **Soil",/content/drive/MyDrive/CMDACapstone_2025-11-30_16-18-29/attentions/attn_0309.json
"You are a sensor expert. Given the following situation:
Context: Voltage: 0.253776167 V, Height: 0.636363636 cm, Soil Type: Dry and Limy
KG context: YPG | CRREL | ROIs | Cold Regions Research and Engineering Laboratory | buried objects
Target: Land mine Mine Type: Booby Trap Anti-Personnel

Recommend the most appropriate type of sensor...

**Recommendation: Ground Penetrating Radar (GPR)**

**Rationale:**

Here's a breakdown of why GPR is the most suitable sensor for this specific situation, considering the context, KG context, and target:

1. **Target Identification (Land Mine - Booby Trap):** Booby traps are often concealed and buried just beneath the surface.  They don't necessarily have a strong electrical signature like a metallic mine, making traditional metal detectors less reliable. GPR excels",/content/drive/MyDrive/CMDACapstone_2025-11-30_16-18-29/attentions/attn_0310.json
"You are a sensor expert. Given the following situation:
Context: Voltage: 0.209818455 V, Height: 0.909090909 cm, Soil Type: Dry and Limy
KG context: YPG | CRREL | ROIs | Cold Regions Research and Engineering Laboratory | buried objects
Target: Land mine Mine Type: Booby Trap Anti-Personnel

Recommend the most appropriate type of sensor...

**Reasoning:**

The context describes a scenario involving buried objects, specifically a land mine (Booby Trap, Anti-Personnel). The key factors are voltage (0.209818455 V) and height (0.909090909 cm), which suggest a very shallow burial.  The soil type is ""Dry and Limy,"" which is relevant for signal transmission and sensor performance. The KG context points to the CRREL'",/content/drive/MyDrive/CMDACapstone_2025-11-30_16-18-29/attentions/attn_0311.json
"You are a sensor expert. Given the following situation:
Context: Voltage: 0.462235101 V, Height: 0.090909091 cm, Soil Type: Humid and Limy
KG context: YPG | CRREL | ROIs | Cold Regions Research and Engineering Laboratory | buried objects
Target: Land mine Mine Type: Booby Trap Anti-Personnel

Recommend the most appropriate type of sensor...

**Recommendation: Ground Penetrating Radar (GPR)**

**Rationale:**

1.  **Target Characteristics:** The target is a buried land mine, specifically a booby trap, which suggests it's hidden beneath the soil surface.
2.  **Contextual Data:**
    *   **Voltage (0.462235101 V):** While voltage data is present, it's likely a measurement of some other sensor (possibly a tilt sensor",/content/drive/MyDrive/CMDACapstone_2025-11-30_16-18-29/attentions/attn_0312.json
"You are a sensor expert. Given the following situation:
Context: Voltage: 0.413896797 V, Height: 0.363636364 cm, Soil Type: Humid and Limy
KG context: YPG | CRREL | ROIs | Cold Regions Research and Engineering Laboratory | buried objects
Target: Land mine Mine Type: Booby Trap Anti-Personnel

Recommend the most appropriate type of sensor...

**Recommendation:**

Given the context and target, the most appropriate sensor type is a **Ground Penetrating Radar (GPR)**.

**Reasoning:**

*   **Target Identification:** Identifying buried landmines, especially booby traps, is a complex task. Visual inspection is often insufficient due to soil cover and the potential for concealment.
*   **Depth Penetration:** GPR excels at detecting objects buried beneath the surface. The ""KG context"" of buried objects from CRREL",/content/drive/MyDrive/CMDACapstone_2025-11-30_16-18-29/attentions/attn_0313.json
"You are a sensor expert. Given the following situation:
Context: Voltage: 0.34743163 V, Height: 0.636363636 cm, Soil Type: Humid and Limy
KG context: YPG | CRREL | ROIs | Cold Regions Research and Engineering Laboratory | buried objects
Target: Land mine Mine Type: Booby Trap Anti-Personnel

Recommend the most appropriate type of sensor...

**Reasoning:**

The context provides information about a potentially dangerous situation involving a buried landmine, specifically a booby trap anti-personnel mine. The key factors are the voltage, height, and soil type.  Given the KG context of ""buried objects"" and the ROIs (Regions of Interest) associated with the Cold Regions Research and Engineering Laboratory, we are dealing with a scenario where we need to detect something hidden underground.

Here's a breakdown of why different sensor types",/content/drive/MyDrive/CMDACapstone_2025-11-30_16-18-29/attentions/attn_0314.json
"You are a sensor expert. Given the following situation:
Context: Voltage: 0.335347054 V, Height: 0.909090909 cm, Soil Type: Humid and Limy
KG context: YPG | CRREL | ROIs | Cold Regions Research and Engineering Laboratory | buried objects
Target: Land mine Mine Type: Booby Trap Anti-Personnel

Recommend the most appropriate type of sensor...

**Recommendation:**

Given the context of detecting a booby trap anti-personnel land mine in a humid and limy soil environment, the most appropriate sensor type is a **Ground Penetrating Radar (GPR)**.

**Reasoning:**

*   **Buried Object Detection:** GPR is specifically designed to detect buried objects, including landmines. It works by transmitting radio waves into the ground and analyzing the reflected signals to create an image of the subsurface.  This is critical",/content/drive/MyDrive/CMDACapstone_2025-11-30_16-18-29/attentions/attn_0315.json
"You are a sensor expert. Given the following situation:
Context: Voltage: 0.444108237 V, Height: 0.090909091 cm, Soil Type: Dry and Sandy
KG context: YPG | CRREL | ROIs | Cold Regions Research and Engineering Laboratory | buried objects
Target: Land mine Mine Type: M14 Anti-Personnel

Recommend the most appropriate type of sensor...

**Recommendation:**

Given the context – a buried land mine (M14, anti-personnel) detected with a voltage of 0.444V, a small height reading of 0.0909 cm, and soil identified as dry and sandy – the most appropriate sensor type is a **Ground Penetrating Radar (GPR)**.

**Reasoning:**

Here's a breakdown of why GPR is the best choice and why other sensor types are",/content/drive/MyDrive/CMDACapstone_2025-11-30_16-18-29/attentions/attn_0316.json
"You are a sensor expert. Given the following situation:
Context: Voltage: 0.296072182 V, Height: 0.363636364 cm, Soil Type: Dry and Sandy
KG context: YPG | CRREL | ROIs | Cold Regions Research and Engineering Laboratory | buried objects
Target: Land mine Mine Type: M14 Anti-Personnel

Recommend the most appropriate type of sensor...
**Recommendation: Ground Penetrating Radar (GPR)**

**Rationale:**

*   **Target Characteristics:** The target is a buried land mine (M14), which requires penetrating the ground to detect it.
*   **Soil Conditions:** The soil is dry and sandy. This is a challenging soil type for many sensors due to its low conductivity, which can attenuate electromagnetic waves (like those used in GPR). However, GPR is specifically designed to handle such conditions and can still",/content/drive/MyDrive/CMDACapstone_2025-11-30_16-18-29/attentions/attn_0317.json
"You are a sensor expert. Given the following situation:
Context: Voltage: 0.356495062 V, Height: 0.636363636 cm, Soil Type: Dry and Sandy
KG context: YPG | CRREL | ROIs | Cold Regions Research and Engineering Laboratory | buried objects
Target: Land mine Mine Type: M14 Anti-Personnel

Recommend the most appropriate type of sensor...
**Recommendation:**

Given the context and target, the most appropriate sensor type would be a **Ground Penetrating Radar (GPR)**.

**Reasoning:**

*   **Target Location:** The target is a buried object (land mine), and the height measurement (0.636363636 cm) is very small. This indicates the mine is likely shallowly buried.
*   **Soil Conditions:** ""Dry and Sandy"" soil is a common characteristic",/content/drive/MyDrive/CMDACapstone_2025-11-30_16-18-29/attentions/attn_0318.json
"You are a sensor expert. Given the following situation:
Context: Voltage: 0.320241334 V, Height: 0.909090909 cm, Soil Type: Dry and Sandy
KG context: YPG | CRREL | ROIs | Cold Regions Research and Engineering Laboratory | buried objects
Target: Land mine Mine Type: M14 Anti-Personnel

Recommend the most appropriate type of sensor...

**Recommendation: Ground Penetrating Radar (GPR)**

**Rationale:**

*   **Buried Objects Detection:** The target is a buried land mine (M14). GPR excels at detecting buried objects by analyzing the reflected signals from subsurface changes in soil composition and density. The KG context mentions ""buried objects"" research by CRREL, suggesting a specific need for this capability.
*   **Soil Type Compatibility:** GPR is generally less sensitive to soil moisture content than other electromagnetic",/content/drive/MyDrive/CMDACapstone_2025-11-30_16-18-29/attentions/attn_0319.json
"You are a sensor expert. Given the following situation:
Context: Voltage: 0.540784844 V, Height: 0.090909091 cm, Soil Type: Humid and Sandy
KG context: YPG | CRREL | ROIs | Cold Regions Research and Engineering Laboratory | buried objects
Target: Land mine Mine Type: M14 Anti-Personnel

Recommend the most appropriate type of sensor...

**Recommendation: Ground Penetrating Radar (GPR)**

**Rationale:**

*   **Target Characteristics:** The target is a buried land mine (M14). This means the mine is hidden beneath the surface.
*   **Contextual Information:**
    *   **Voltage (0.540784844 V):** While voltage data can be useful in some contexts, it's not directly indicative of a buried object. It's likely a",/content/drive/MyDrive/CMDACapstone_2025-11-30_16-18-29/attentions/attn_0320.json
"You are a sensor expert. Given the following situation:
Context: Voltage: 0.506102004 V, Height: 0.363636364 cm, Soil Type: Humid and Sandy
KG context: YPG | CRREL | ROIs | Cold Regions Research and Engineering Laboratory | buried objects
Target: Land mine Mine Type: M14 Anti-Personnel

Recommend the most appropriate type of sensor...
**Recommendation: Ground Penetrating Radar (GPR)**

**Rationale:**

Here's a detailed breakdown of why GPR is the most suitable sensor in this scenario, considering the provided context and the target (land mine):

1.  **Target Characteristics:** The target is a buried land mine (M14). Land mines are typically buried, often partially or completely, and their metallic components are frequently shielded by soil. This makes them difficult to detect using traditional methods like metal detectors",/content/drive/MyDrive/CMDACapstone_2025-11-30_16-18-29/attentions/attn_0321.json
"You are a sensor expert. Given the following situation:
Context: Voltage: 0.401812221 V, Height: 0.636363636 cm, Soil Type: Humid and Sandy
KG context: YPG | CRREL | ROIs | Cold Regions Research and Engineering Laboratory | buried objects
Target: Land mine Mine Type: M14 Anti-Personnel

Recommend the most appropriate type of sensor...

**Rationale:**

Given the context, the primary goal is to detect a buried land mine, specifically an M14 anti-personnel mine. The context provides limited information, but the key factors are:

*   **Voltage (0.401812221 V):** This is a crucial piece of information. The presence of a buried object, especially a metallic mine, can induce a voltage in a nearby sensor.  This suggests an electromagnetic induction-based",/content/drive/MyDrive/CMDACapstone_2025-11-30_16-18-29/attentions/attn_0322.json
"You are a sensor expert. Given the following situation:
Context: Voltage: 0.369002517 V, Height: 0.909090909 cm, Soil Type: Humid and Sandy
KG context: YPG | CRREL | ROIs | Cold Regions Research and Engineering Laboratory | buried objects
Target: Land mine Mine Type: M14 Anti-Personnel

Recommend the most appropriate type of sensor...

**Recommendation:**

Based on the provided context, the most appropriate sensor type for detecting a land mine of type M14 is a **Ground Penetrating Radar (GPR)**.

**Rationale:**

*   **Buried Objects Detection:** The KG context indicates the CRREL's expertise in detecting buried objects, specifically in cold regions. GPR is a highly effective tool for locating buried objects, including land mines, without excavation.
*   **Soil Type Consideration:** The """,/content/drive/MyDrive/CMDACapstone_2025-11-30_16-18-29/attentions/attn_0323.json
"You are a sensor expert. Given the following situation:
Context: Voltage: 0.362839599 V, Height: 0.363636364 cm, Soil Type: Dry and Humus
KG context: YPG | CRREL | ROIs | Cold Regions Research and Engineering Laboratory | buried objects
Target: Land mine Mine Type: M14 Anti-Personnel

Recommend the most appropriate type of sensor...

**Recommendation:**

Based on the provided context and the target (Land mine M14), the most appropriate sensor type would be a **Ground Penetrating Radar (GPR)**.

**Reasoning:**

*   **Buried Objects:** The KG context explicitly references ""buried objects"" - this aligns perfectly with the target being a land mine.
*   **Low Voltage & Soil Type:** The low voltage reading (0.362839599 V)",/content/drive/MyDrive/CMDACapstone_2025-11-30_16-18-29/attentions/attn_0324.json
"You are a sensor expert. Given the following situation:
Context: Voltage: 0.320241334 V, Height: 0.818181818 cm, Soil Type: Dry and Humus
KG context: YPG | CRREL | ROIs | Cold Regions Research and Engineering Laboratory | buried objects
Target: Land mine Mine Type: M14 Anti-Personnel

Recommend the most appropriate type of sensor...

**Recommendation:**

Given the context – a low voltage (0.32V), a relatively small height (0.818 cm) of a buried object, and the soil type being dry and humus – I recommend a **Ground Penetrating Radar (GPR)** sensor.

**Reasoning:**

Here’s a breakdown of why GPR is the best choice and why other sensor types are less suitable:

*   **Low Signal Strength:** The extremely low voltage (",/content/drive/MyDrive/CMDACapstone_2025-11-30_16-18-29/attentions/attn_0325.json
"You are a sensor expert. Given the following situation:
Context: Voltage: 0.446283622 V, Height: 0 cm, Soil Type: Humid and Humus
KG context: YPG | CRREL | ROIs | Cold Regions Research and Engineering Laboratory | buried objects
Target: Land mine Mine Type: M14 Anti-Personnel

Recommend the most appropriate type of sensor...
**Recommendation:**

Given the context and target, the most appropriate sensor type would be a **Ground Penetrating Radar (GPR)**.

**Rationale:**

*   **Target Identification:** Landmines, particularly the M14 type, are often buried at shallow depths (up to 15-30 cm, but can be deeper). Visual inspection, which is possible with the provided height of 0 cm, is highly unlikely to detect a buried mine.
*   **",/content/drive/MyDrive/CMDACapstone_2025-11-30_16-18-29/attentions/attn_0326.json
"You are a sensor expert. Given the following situation:
Context: Voltage: 0.391177902 V, Height: 0.272727273 cm, Soil Type: Humid and Humus
KG context: YPG | CRREL | ROIs | Cold Regions Research and Engineering Laboratory | buried objects
Target: Land mine Mine Type: M14 Anti-Personnel

Recommend the most appropriate type of sensor...

**Recommendation:**

Based on the provided data and the target (Land mine - M14 Anti-Personnel), the most appropriate sensor type is a **Ground Penetrating Radar (GPR)**.

**Reasoning:**

*   **Target Identification:** Identifying buried objects, particularly landmines, requires penetrating the soil. Visual inspection is unlikely to be effective given the depth (0.272727273 cm) and the presence of soil.
*   **",/content/drive/MyDrive/CMDACapstone_2025-11-30_16-18-29/attentions/attn_0327.json
"You are a sensor expert. Given the following situation:
Context: Voltage: 0.378156758 V, Height: 0.545454545 cm, Soil Type: Humid and Humus
KG context: YPG | CRREL | ROIs | Cold Regions Research and Engineering Laboratory | buried objects
Target: Land mine Mine Type: M14 Anti-Personnel

Recommend the most appropriate type of sensor...

**Recommendation: Ground Penetrating Radar (GPR)**

**Rationale:**

*   **Target Characteristics:** We are looking for a buried land mine (M14, anti-personnel).  Land mines are typically buried at shallow depths, and their metallic components can be difficult to detect with traditional methods.
*   **Contextual Information:**
    *   **Voltage (0.378156758 V):** This value is not particularly relevant to",/content/drive/MyDrive/CMDACapstone_2025-11-30_16-18-29/attentions/attn_0328.json
"You are a sensor expert. Given the following situation:
Context: Voltage: 0.319939085 V, Height: 0.818181818 cm, Soil Type: Humid and Humus
KG context: YPG | CRREL | ROIs | Cold Regions Research and Engineering Laboratory | buried objects
Target: Land mine Mine Type: M14 Anti-Personnel

Recommend the most appropriate type of sensor...

**Recommendation:**

Given the context and KG, the most appropriate sensor type is a **Ground Penetrating Radar (GPR)**.

**Reasoning:**

*   **Target Identification:** The target is a buried land mine (M14), requiring a method to detect and image subsurface objects.
*   **Contextual Clues:**
    *   **Voltage (0.319939085 V):**  This likely represents a geophysical anomaly detected",/content/drive/MyDrive/CMDACapstone_2025-11-30_16-18-29/attentions/attn_0329.json
"You are a sensor expert. Given the following situation:
Context: Voltage: 0.519636836 V, Height: 0.090909091 cm, Soil Type: Dry and Limy
KG context: YPG | CRREL | ROIs | Cold Regions Research and Engineering Laboratory | buried objects
Target: Land mine Mine Type: M14 Anti-Personnel

Recommend the most appropriate type of sensor...
**Recommendation: Ground Penetrating Radar (GPR)**

**Rationale:**

Here's a detailed breakdown of why GPR is the most suitable sensor for this situation, considering the context and target:

1. **Target Characteristics:**
   * **Land Mine (M14 Anti-Personnel):** Land mines are buried objects. They are typically made of metal and are often partially or fully covered by soil.  Traditional methods of detection (metal detectors, ground-penetrating probes",/content/drive/MyDrive/CMDACapstone_2025-11-30_16-18-29/attentions/attn_0330.json
"You are a sensor expert. Given the following situation:
Context: Voltage: 0.398791077 V, Height: 0.363636364 cm, Soil Type: Dry and Limy
KG context: YPG | CRREL | ROIs | Cold Regions Research and Engineering Laboratory | buried objects
Target: Land mine Mine Type: M14 Anti-Personnel

Recommend the most appropriate type of sensor...
**Recommendation: Ground Penetrating Radar (GPR)**

**Rationale:**

*   **Target Characteristics:** The target is a buried land mine (M14), specifically an anti-personnel type. This indicates the mine is concealed beneath the surface.
*   **Environmental Conditions:** The soil type is ""Dry and Limy"". This soil type can attenuate GPR signals, but it doesn't preclude their use.  Limestone can also create subsurface anomalies that GPR can",/content/drive/MyDrive/CMDACapstone_2025-11-30_16-18-29/attentions/attn_0331.json
"You are a sensor expert. Given the following situation:
Context: Voltage: 0.34743163 V, Height: 0.636363636 cm, Soil Type: Dry and Limy
KG context: YPG | CRREL | ROIs | Cold Regions Research and Engineering Laboratory | buried objects
Target: Land mine Mine Type: M14 Anti-Personnel

Recommend the most appropriate type of sensor...

**Recommendation: Ground Penetrating Radar (GPR)**

**Rationale:**

Here's a detailed breakdown of why GPR is the most suitable sensor for this specific scenario, considering the context and target:

1. **Target Identification - Land Mines:** Land mines are buried objects, often partially or completely concealed beneath the soil.  Visual inspection alone is unlikely to detect them.  GPR excels at detecting buried objects by analyzing the reflected radar signals.

2. **Soil Characteristics -",/content/drive/MyDrive/CMDACapstone_2025-11-30_16-18-29/attentions/attn_0332.json
"You are a sensor expert. Given the following situation:
Context: Voltage: 0.323262478 V, Height: 0.909090909 cm, Soil Type: Dry and Limy
KG context: YPG | CRREL | ROIs | Cold Regions Research and Engineering Laboratory | buried objects
Target: Land mine Mine Type: M14 Anti-Personnel

Recommend the most appropriate type of sensor...

**Recommendation: Ground Penetrating Radar (GPR)**

**Rationale:**

Here’s a detailed breakdown of why GPR is the most suitable sensor choice in this scenario, considering the context and target:

1.  **Target Characteristics:** We're dealing with a buried land mine (M14 Anti-Personnel). Land mines are typically buried at shallow depths, often a few centimeters to a meter.  Their metallic composition is a key factor.

2.  **Context",/content/drive/MyDrive/CMDACapstone_2025-11-30_16-18-29/attentions/attn_0333.json
"You are a sensor expert. Given the following situation:
Context: Voltage: 0.444108237 V, Height: 0.181818182 cm, Soil Type: Humid and Limy
KG context: YPG | CRREL | ROIs | Cold Regions Research and Engineering Laboratory | buried objects
Target: Land mine Mine Type: M14 Anti-Personnel

Recommend the most appropriate type of sensor...
**Recommendation:**

Based on the provided data and the target (Land mine M14), the most appropriate sensor type would be a **Ground Penetrating Radar (GPR)** combined with a **Metal Detector**.

**Rationale:**

*   **Buried Objects (KG Context):** The KG context explicitly states ""buried objects,"" strongly suggesting the need for a sensor capable of detecting subsurface anomalies.
*   **Land Mine Target:** Land mines are typically buried, making subsurface detection critical",/content/drive/MyDrive/CMDACapstone_2025-11-30_16-18-29/attentions/attn_0334.json
"You are a sensor expert. Given the following situation:
Context: Voltage: 0.353473918 V, Height: 0.454545455 cm, Soil Type: Humid and Limy
KG context: YPG | CRREL | ROIs | Cold Regions Research and Engineering Laboratory | buried objects
Target: Land mine Mine Type: M14 Anti-Personnel

Recommend the most appropriate type of sensor...

**Recommendation:**

Given the context, the most appropriate sensor type is a **Ground Penetrating Radar (GPR)**.

**Rationale:**

*   **Target Identification:** The target is a buried land mine (M14). GPR is specifically designed to detect and characterize buried objects, even beneath shallow soil layers.
*   **Soil Conditions:** The soil is described as ""Humid and Limy"".  GPR is relatively robust to these conditions, though the humidity could",/content/drive/MyDrive/CMDACapstone_2025-11-30_16-18-29/attentions/attn_0335.json
"You are a sensor expert. Given the following situation:
Context: Voltage: 0.36253735 V, Height: 0.727272727 cm, Soil Type: Humid and Limy
KG context: YPG | CRREL | ROIs | Cold Regions Research and Engineering Laboratory | buried objects
Target: Land mine Mine Type: M14 Anti-Personnel

Recommend the most appropriate type of sensor...

**Recommendation:**

Given the context – a voltage of 0.36253735V, a height of 0.727272727 cm, and a soil type described as “Humid and Limy” – and the target being a buried land mine (M14 Anti-Personnel), I recommend utilizing **Ground Penetrating Radar (GPR)** as the primary sensor, supplemented by **Magnetometry**.

Here's a",/content/drive/MyDrive/CMDACapstone_2025-11-30_16-18-29/attentions/attn_0336.json
"You are a sensor expert. Given the following situation:
Context: Voltage: 0.314199046 V, Height: 1 cm, Soil Type: Humid and Limy
KG context: YPG | CRREL | ROIs | Cold Regions Research and Engineering Laboratory | buried objects
Target: Land mine Mine Type: M14 Anti-Personnel

Recommend the most appropriate type of sensor...
**Recommendation: Ground Penetrating Radar (GPR)**

**Rationale:**

*   **Target Identification:** The target is a buried land mine (M14 Anti-Personnel). GPR excels at detecting and imaging buried objects, even at shallow depths.
*   **Soil Conditions:** The ""Humid and Limy"" soil type presents a challenge for some sensors. GPR is relatively robust to variations in soil moisture and conductivity compared to electromagnetic induction sensors. The slight dampness will",/content/drive/MyDrive/CMDACapstone_2025-11-30_16-18-29/attentions/attn_0337.json
