tot_response,attention_file
"**Recommendation:** Metal Detector
**Explanation:** Dry and sandy soil conditions permit effective metal detection, and the shallow depth suggests the mine is close to the surface. A metal detector will be the most practical and efficient sensor to locate the land mine in this scenario.",/content/drive/MyDrive/Capstone/Output/2025-11-30_23-22-54/attentions/attn_0000.json
"**Recommendation:** Metal Detector
**Explanation:** The shallow depth and dry, sandy soil are ideal conditions for a metal detector to effectively locate the land mine. Dry soil allows for better signal transmission, and the mine's metal composition will be easily detected.",/content/drive/MyDrive/Capstone/Output/2025-11-30_23-22-54/attentions/attn_0001.json
"**Recommendation:** Metal Detector
**Explanation:** The dry, sandy soil provides good conditions for metal detection. Given that the target is a land mine, a metal detector should be able to detect the metallic material, leading to a successful identification.",/content/drive/MyDrive/Capstone/Output/2025-11-30_23-22-54/attentions/attn_0002.json
"**Recommendation:** Ground Penetrating Radar (GPR)
**Explanation:** The dry and sandy soil offers optimal conditions for ground penetrating radar, allowing it to penetrate deeper and provide a detailed subsurface image. The primary goal is land mine detection, and GPR's mapping capabilities are superior to a metal detector in this scenario for identifying potential buried objects.",/content/drive/MyDrive/Capstone/Output/2025-11-30_23-22-54/attentions/attn_0003.json
"**Recommendation:** Ground Penetrating Radar (GPR)
**Explanation:** Dry, sandy soils offer good radar penetration, allowing GPR to effectively map underground structures like a land mine. A metal detector would be less effective in this environment due to soil mineralization and potential signal interference.",/content/drive/MyDrive/Capstone/Output/2025-11-30_23-22-54/attentions/attn_0004.json
"**Recommendation:** Ground Penetrating Radar (GPR)
**Explanation:** The dry and sandy soil, a conductive surface, supports high GPR signal penetration. Since the mine type is unspecified, utilizing GPR will offer a more comprehensive and accurate subsurface survey, mapping the mine’s likely position and shape with more fidelity than a metal detector alone.",/content/drive/MyDrive/Capstone/Output/2025-11-30_23-22-54/attentions/attn_0005.json
"**Recommendation:** Ground Penetrating Radar (GPR)
**Explanation:** The dry, sandy soil will allow for good radar penetration, enabling GPR to map the subsurface with greater depth. Since the target is a metallic land mine, GPR is the better option to locate it despite the relatively shallow depth.",/content/drive/MyDrive/Capstone/Output/2025-11-30_23-22-54/attentions/attn_0006.json
"**Recommendation:** Ground Penetrating Radar (GPR)
**Explanation:** Given the dry, sandy soil, GPR’s ability to penetrate deeper and image subsurface features will be highly effective in locating the land mine. A metal detector might struggle given the depth and soil conditions, whereas GPR can provide a more comprehensive survey.",/content/drive/MyDrive/Capstone/Output/2025-11-30_23-22-54/attentions/attn_0007.json
"**Recommendation:** Metal Detector
**Explanation:** The shallow depth and sandy soil are conducive to a metal detector's operation. Identifying the metallic signature of the landmine would be the most direct and efficient method for this scenario.",/content/drive/MyDrive/Capstone/Output/2025-11-30_23-22-54/attentions/attn_0008.json
"**Recommendation:** Metal Detector
**Explanation:** Given the target is a metal landmine and the soil is humid and sandy, a metal detector is the most appropriate sensor. This will provide a localized, rapid determination of the presence and type of metallic object. The shallow depth also favors the sensitivity of a metal detector.",/content/drive/MyDrive/Capstone/Output/2025-11-30_23-22-54/attentions/attn_0009.json
"**Recommendation:** Metal Detector
**Explanation:** Due to the humid sandy soil, ground penetrating radar penetration will be hampered. The presence of a land mine (likely metallic) makes a metal detector the more appropriate tool for initial detection in this scenario, though GPR could be employed in follow-up scans.",/content/drive/MyDrive/Capstone/Output/2025-11-30_23-22-54/attentions/attn_0010.json
"**Recommendation:** Metal Detector
**Explanation:** The humid and sandy soil presents challenges for GPR penetration, while a metal detector should still reliably detect the mine’s metallic components. Though performance may be slightly reduced, a metal detector remains the better choice for this situation.",/content/drive/MyDrive/Capstone/Output/2025-11-30_23-22-54/attentions/attn_0011.json
"**Recommendation:** Ground Penetrating Radar (GPR)
**Explanation:** The humid sandy soil conditions are not conducive to metal detector use, which are most effective in dry soils. GPR will be better suited for detecting the mine without being hindered by the moisture content of the soil.",/content/drive/MyDrive/Capstone/Output/2025-11-30_23-22-54/attentions/attn_0012.json
"**Recommendation:** Metal Detector
**Explanation:** The humid and sandy soil conditions should provide reasonable performance for a metal detector. Due to the low voltage reading, this suggests that it would be more effective than GPR in detecting the land mine.",/content/drive/MyDrive/Capstone/Output/2025-11-30_23-22-54/attentions/attn_0013.json
"**Recommendation:** Metal Detector
**Explanation:** Given the humid, sandy soil and the metallic nature of the land mine, a metal detector is the most effective sensor. The shallow depth further favors a metal detector's ability to detect the target. GPR would likely be hampered by the saturated soil conditions.",/content/drive/MyDrive/Capstone/Output/2025-11-30_23-22-54/attentions/attn_0014.json
"**Recommendation:** Metal Detector
**Explanation:** Because of the shallow depth of 1 cm and the soil type of humid and sandy, a metal detector is more appropriate initially. However, if the metal detector returns inconsistent signals, GPR would be a better option to provide a more accurate depth reading, although the wet soil conditions might limit its effectiveness.",/content/drive/MyDrive/Capstone/Output/2025-11-30_23-22-54/attentions/attn_0015.json
"**Recommendation:** Metal Detector
**Explanation:** Given the dry soil conditions, a metal detector is the optimal choice to detect the metal content of a land mine. Humus can sometimes interfere with GPR readings, making metal detection a more reliable option here.",/content/drive/MyDrive/Capstone/Output/2025-11-30_23-22-54/attentions/attn_0016.json
"**Recommendation:** Metal Detector
**Explanation:** The soil's dry nature suggests good conductivity and a strong signal for a metal detector. Since the land mine is metallic, a metal detector would most efficiently locate it without significant signal degradation.",/content/drive/MyDrive/Capstone/Output/2025-11-30_23-22-54/attentions/attn_0017.json
"**Recommendation:** Metal Detector
**Explanation:** Given the dry soil conditions and the metallic nature of a land mine, a metal detector will likely provide the most effective and straightforward detection. A GPR might struggle in this scenario due to the soil’s composition, and the shallow depth is ideal for metal detection.",/content/drive/MyDrive/Capstone/Output/2025-11-30_23-22-54/attentions/attn_0018.json
"**Recommendation:** Metal Detector
**Explanation:** The soil is dry and the target is shallow, which favors a metal detector. Dry soil typically has good conductivity, maximizing the metal detector’s ability to sense the mine’s metallic components. The low depth means signal propagation won't be significantly impacted by soil conditions.",/content/drive/MyDrive/Capstone/Output/2025-11-30_23-22-54/attentions/attn_0019.json
"**Recommendation:** Metal Detector
**Explanation:** Because the target is relatively shallow and the soil is dry and humusy, a metal detector would be the most effective sensor. The lack of information on the mine type suggests that the metallic component won’t be easily detected without active radar.",/content/drive/MyDrive/Capstone/Output/2025-11-30_23-22-54/attentions/attn_0020.json
"**Recommendation:** Metal Detector
**Explanation:** The dry soil and humus content suggest limited radar penetration, whereas the possible metallic presence of a land mine warrants immediate use of a metal detector for initial detection. GPR would be less effective in these conditions, offering less detailed results.",/content/drive/MyDrive/Capstone/Output/2025-11-30_23-22-54/attentions/attn_0021.json
"**Recommendation:** Metal Detector
**Explanation:** The shallow depth and dry soil conditions favor a metal detector's ability to detect metallic targets. The humus will provide a minimal impact on metal detection, making it the most reliable option for locating the mine given the limited information.",/content/drive/MyDrive/Capstone/Output/2025-11-30_23-22-54/attentions/attn_0022.json
"**Recommendation:** Metal Detector
**Explanation:** Given the shallow depth and dry soil conditions, a metal detector is best suited to identify the potential presence of the land mine's metallic casing. GPR’s penetration might be hindered by the humus content, and there's no specific mine type to warrant the use of a more specialized technique.",/content/drive/MyDrive/Capstone/Output/2025-11-30_23-22-54/attentions/attn_0023.json
"**Recommendation:** Metal Detector
**Explanation:** The high moisture content and presence of humus will severely limit GPR performance, while a metal detector’s ability to detect metallic objects regardless of soil conditions is more suited for this environment. It is likely the mine will be metallic, making a metal detector the most useful option.",/content/drive/MyDrive/Capstone/Output/2025-11-30_23-22-54/attentions/attn_0024.json
"**Recommendation:** Ground Penetrating Radar (GPR)
**Explanation:** The humid and humus-rich soil drastically reduces the effectiveness of a metal detector. GPR can penetrate these conditions, providing a better chance of detecting the buried land mine. It is the more logical sensor for this situation.",/content/drive/MyDrive/Capstone/Output/2025-11-30_23-22-54/attentions/attn_0025.json
"**Recommendation:** Metal Detector
**Explanation:** The humid soil with humus is likely to attenuate GPR signals, making it less effective for detecting underground targets. A metal detector is more likely to provide a reliable reading in this environment due to the potential for metallic landmines.",/content/drive/MyDrive/Capstone/Output/2025-11-30_23-22-54/attentions/attn_0026.json
"**Recommendation:** Metal Detector
**Explanation:** Humid and humus-rich soil composition impedes GPR penetration, making it less effective for this detection. A metal detector is better equipped to identify the metallic components associated with land mines buried in such conditions.",/content/drive/MyDrive/Capstone/Output/2025-11-30_23-22-54/attentions/attn_0027.json
"**Recommendation:** Ground Penetrating Radar (GPR)
**Explanation:** The humid soil and presence of humus strongly impede the penetration of electromagnetic signals, making a metal detector unreliable. GPR’s ability to send and receive radar waves allows it to image the subsurface, providing a better understanding of potential mine locations regardless of metal content.",/content/drive/MyDrive/Capstone/Output/2025-11-30_23-22-54/attentions/attn_0028.json
"**Recommendation:** Metal Detector
**Explanation:** Due to the land mine's metallic nature and the humid, humus-rich soil hindering GPR penetration, a metal detector is the best choice for detecting the target. This sensor excels at identifying metallic objects buried beneath soil, allowing for a more effective search compared to GPR.",/content/drive/MyDrive/Capstone/Output/2025-11-30_23-22-54/attentions/attn_0029.json
"**Recommendation:** Metal Detector
**Explanation:** Humid and humus-rich soil significantly attenuates GPR signals, reducing its effectiveness. A metal detector will readily identify the metallic composition of the land mine, even under these challenging conditions.",/content/drive/MyDrive/Capstone/Output/2025-11-30_23-22-54/attentions/attn_0030.json
"**Recommendation:** Metal Detector
**Explanation:** The humid soil and humus content will significantly impede the effectiveness of GPR. A metal detector will be the best tool to locate the mine due to its ability to detect metallic objects regardless of ground conditions.",/content/drive/MyDrive/Capstone/Output/2025-11-30_23-22-54/attentions/attn_0031.json
"**Recommendation:** Metal Detector
**Explanation:** Because the soil is dry and limy, the radar signal would have better penetration. A metal detector is suitable for detecting the metallic signature of a land mine, offering a quick and direct method of identification.",/content/drive/MyDrive/Capstone/Output/2025-11-30_23-22-54/attentions/attn_0032.json
"**Recommendation:** Ground Penetrating Radar (GPR)
**Explanation:** The dry, limy soil provides good penetration for radar signals, allowing it to detect underground targets. GPR is best suited for subsurface exploration and detecting metallic objects, which is crucial for identifying the location of a land mine.",/content/drive/MyDrive/Capstone/Output/2025-11-30_23-22-54/attentions/attn_0033.json
"**Recommendation:** Ground Penetrating Radar (GPR)
**Explanation:** The dry, limy soil conditions will allow GPR to penetrate effectively, providing a broader overview of potential underground anomalies related to the mine. Since no specific mine type is known, GPR will offer the most flexibility in detecting any subsurface features without relying on specific metal signatures.",/content/drive/MyDrive/Capstone/Output/2025-11-30_23-22-54/attentions/attn_0034.json
"**Recommendation:** Metal Detector
**Explanation:** Due to the shallow depth and favorable soil conditions, a metal detector is likely to be the most effective sensor for detecting the potential land mine. Its ability to detect metallic objects is well-suited for the situation, and the absence of mine type information minimizes the need for a more complex technique like GPR.",/content/drive/MyDrive/Capstone/Output/2025-11-30_23-22-54/attentions/attn_0035.json
"**Recommendation:** Metal Detector
**Explanation:** A metal detector is best suited for initial surveying of dry, sandy soils, which are predicted in this scenario. Its sensitivity to metallic objects makes it a good starting point, even without specific information about the mine type, allowing for a quick identification of potential areas of interest.",/content/drive/MyDrive/Capstone/Output/2025-11-30_23-22-54/attentions/attn_0036.json
"**Recommendation:** Metal Detector
**Explanation:** The shallow depth and dry soil conditions strongly suggest that a metal detector would be suitable for this scenario. The dry soil will enhance the metal detector's ability to detect buried metallic objects.",/content/drive/MyDrive/Capstone/Output/2025-11-30_23-22-54/attentions/attn_0037.json
"**Recommendation:** Metal Detector
**Explanation:** Land mines are metallic, and dry, limy soils will not significantly impede a metal detector's ability to detect them. A low depth and metallic target will increase the likelihood of a successful detection with a metal detector.",/content/drive/MyDrive/Capstone/Output/2025-11-30_23-22-54/attentions/attn_0038.json
"**Recommendation:** Metal Detector
**Explanation:** Because of the shallow depth and dry, limy soil, a metal detector would be the most effective tool to detect the land mine. GPR would be unnecessary as the target is very close to the surface.",/content/drive/MyDrive/Capstone/Output/2025-11-30_23-22-54/attentions/attn_0039.json
"**Recommendation:** Ground Penetrating Radar (GPR)
**Explanation:** Due to the high humidity and limy soil conditions, a GPR would be preferable over a metal detector, as the radar signal’s ability to penetrate the ground would be reduced. While the mine is metallic, the signal attenuation will compromise the metal detector's performance.",/content/drive/MyDrive/Capstone/Output/2025-11-30_23-22-54/attentions/attn_0040.json
"**Recommendation:** Metal Detector
**Explanation:** Land mines are metallic objects, and a metal detector will reliably detect their presence, even in slightly humid soil. Ground Penetrating Radar (GPR) can be less effective in damp or clay soils, so it wouldn't be the best choice given the context.",/content/drive/MyDrive/Capstone/Output/2025-11-30_23-22-54/attentions/attn_0041.json
"**Recommendation:** Metal Detector
**Explanation:** The humid and limy soil presents significant challenges for a metal detector due to its high conductivity. GPR will be more reliable for detecting buried mine structures, especially with the unknown mine type.",/content/drive/MyDrive/Capstone/Output/2025-11-30_23-22-54/attentions/attn_0042.json
"**Recommendation:** Ground Penetrating Radar (GPR)
**Explanation:** Due to the humid, limy soil conditions, a metal detector would likely struggle to detect the mine. GPR can more effectively penetrate and image the subsurface, bypassing issues caused by soil conductivity and providing a clearer representation of the mine's location.",/content/drive/MyDrive/Capstone/Output/2025-11-30_23-22-54/attentions/attn_0043.json
"**Recommendation:** Metal Detector
**Explanation:** Humid and limy soils drastically reduce the penetration of Ground Penetrating Radar. Since the target is a metal land mine, a metal detector is the better choice as it can directly detect the metallic signature regardless of the soil's characteristics.",/content/drive/MyDrive/Capstone/Output/2025-11-30_23-22-54/attentions/attn_0044.json
"**Recommendation:** Metal Detector
**Explanation:** The humid and limy soil conditions are detrimental to GPR, severely weakening radar penetration. Because the target is a known metallic landmine and the depth appears shallow, a metal detector is the most suitable sensor to quickly locate the target.",/content/drive/MyDrive/Capstone/Output/2025-11-30_23-22-54/attentions/attn_0045.json
"**Recommendation:** Ground Penetrating Radar (GPR)
**Explanation:** The humid and limy soil significantly reduces radar penetration. GPR will be best suited to locate the underground land mine, as it is less susceptible to soil interference than a metal detector, and provides a detailed depth image of the target.",/content/drive/MyDrive/Capstone/Output/2025-11-30_23-22-54/attentions/attn_0046.json
"**Recommendation:** Ground Penetrating Radar (GPR)
**Explanation:** Due to the land mine’s metallic composition and the dry, sandy soil offering good radar penetration, a GPR would provide a more comprehensive understanding of the mine's depth and location. Metal detectors are most effective for identifying the presence of metal, but GPR can visually map the buried object's shape and surrounding soil features.",/content/drive/MyDrive/Capstone/Output/2025-11-30_23-22-54/attentions/attn_0047.json
"**Recommendation:** Metal Detector
**Explanation:** Dry and sandy soil is ideal for metal detection due to its low conductivity. This environment will allow the metal detector to easily penetrate and locate the high metal content of an anti-tank mine.",/content/drive/MyDrive/Capstone/Output/2025-11-30_23-22-54/attentions/attn_0048.json
"**Recommendation:** Ground Penetrating Radar (GPR)
**Explanation:** Because the target is an anti-tank mine—typically a robust, metallic device—GPR will be better at detecting it through the dry and sandy soil. GPR can identify the mine’s depth and precise location, providing a more detailed and safer search process than a simple metal detector.",/content/drive/MyDrive/Capstone/Output/2025-11-30_23-22-54/attentions/attn_0049.json
"**Recommendation:** Ground Penetrating Radar (GPR)
**Explanation:** The dry, sandy soil is excellent for GPR penetration, and the target is a metallic anti-tank mine. GPR will provide a more detailed image of the mine's location and shape than a metal detector, which may struggle to differentiate between variations in the mine's metallic signature buried within the soil.",/content/drive/MyDrive/Capstone/Output/2025-11-30_23-22-54/attentions/attn_0050.json
"**Recommendation:** Metal Detector
**Explanation:** The target is a metal mine, and the soil is dry and sandy, making a metal detector the most practical sensor for identifying the target's location. Its ability to detect metallic objects in well-drained soils will provide the best results for this specific scenario.",/content/drive/MyDrive/Capstone/Output/2025-11-30_23-22-54/attentions/attn_0051.json
"**Recommendation:** Metal Detector
**Explanation:** Given the target is an anti-tank land mine (likely metallic) and the soil is dry and sandy, a metal detector will be the most effective tool for detecting it. These conditions are ideal for metal detectors, allowing for a clear signal and good detection range.",/content/drive/MyDrive/Capstone/Output/2025-11-30_23-22-54/attentions/attn_0052.json
"**Recommendation:** Metal Detector
**Explanation:** Given that the target is a steel anti-tank land mine and the soil is dry and sandy, a metal detector is the most appropriate tool. Dry, sandy soils offer optimal conditions for metal detection, allowing the detector to easily identify the metallic components of the mine. GPR might be less effective due to the soil's composition.",/content/drive/MyDrive/Capstone/Output/2025-11-30_23-22-54/attentions/attn_0053.json
"**Recommendation:** Metal Detector
**Explanation:** Given the target's metallic nature and the dry, sandy soil conditions, a metal detector will be the most efficient tool for detecting the anti-tank mine. Radar penetration is hindered in this environment, making it less suitable for this scenario.",/content/drive/MyDrive/Capstone/Output/2025-11-30_23-22-54/attentions/attn_0054.json
"**Recommendation:** Metal Detector
**Explanation:** Given the target is a metallic anti-tank mine and the soil is a humid sandy type, a metal detector is the most suitable choice. The metallic content of the mine will be easily detected, and the sandy soil will provide good conductivity for the detector’s signal.",/content/drive/MyDrive/Capstone/Output/2025-11-30_23-22-54/attentions/attn_0055.json
"**Recommendation:** Ground Penetrating Radar (GPR)
**Explanation:** Due to the humid and sandy soil conditions and the identification of an anti-tank mine, a GPR is the superior choice. GPR can penetrate through the sandy soil more effectively and provide detailed information about the mine’s location, size, and depth below the surface.",/content/drive/MyDrive/Capstone/Output/2025-11-30_23-22-54/attentions/attn_0056.json
"**Recommendation:** Metal Detector
**Explanation:** A metal detector will be most effective in locating the large, metallic land mine buried in the sandy soil. While the humid conditions might slightly hinder its performance, the metal’s high conductivity will still allow for detection. Further investigation with GPR could be employed if the metal detector results are inconclusive.",/content/drive/MyDrive/Capstone/Output/2025-11-30_23-22-54/attentions/attn_0057.json
"**Recommendation:** Metal Detector
**Explanation:** The target is an anti-tank land mine, which is metallic, and the soil is sandy and humid. A metal detector's sensitivity to metal is sufficient for this scenario, making it the most effective sensor choice compared to GPR.",/content/drive/MyDrive/Capstone/Output/2025-11-30_23-22-54/attentions/attn_0058.json
"**Recommendation:** Metal Detector
**Explanation:** The mine’s metallic construction and shallow depth make a metal detector the most suitable option. Humid sandy soil offers sufficient penetration for a metal detector to identify the target.",/content/drive/MyDrive/Capstone/Output/2025-11-30_23-22-54/attentions/attn_0059.json
"**Recommendation:** Metal Detector
**Explanation:** Given the presence of a metal mine and sandy soil conditions which allow decent electromagnetic penetration, a metal detector is the most practical choice for quickly locating the target’s metallic components. The cost-effectiveness and speed of metal detection are well-suited for this scenario compared to potentially less precise GPR readings in humid conditions.",/content/drive/MyDrive/Capstone/Output/2025-11-30_23-22-54/attentions/attn_0060.json
"**Recommendation:** Metal Detector
**Explanation:** Given the presence of an anti-tank mine with considerable metallic components and the environment being both humid and sandy – which allows for moderate radar penetration – a metal detector is the most practical tool. The humidity and sandy soil will make GPR less effective, while the metal detector's ability to detect metallic objects is far better suited to this scenario.",/content/drive/MyDrive/Capstone/Output/2025-11-30_23-22-54/attentions/attn_0061.json
"**Recommendation:** Ground Penetrating Radar (GPR)
**Explanation:** GPR will be more effective in detecting the metal components of the anti-tank mine within the humid, sandy soil. The radar waves can penetrate deeper than a metal detector and provide a subsurface image of the mine's location and potential depth.",/content/drive/MyDrive/Capstone/Output/2025-11-30_23-22-54/attentions/attn_0062.json
"**Recommendation:** Ground Penetrating Radar (GPR)
**Explanation:** Because the target is an anti-tank mine, which inherently contains metal, GPR is the better option for deeper detection than a standard metal detector. The dry soil with humus aids metal detector performance, but the potential depth of the buried mine necessitates using a radar system.",/content/drive/MyDrive/Capstone/Output/2025-11-30_23-22-54/attentions/attn_0063.json
"**Recommendation:** Metal Detector
**Explanation:** Given the target is an anti-tank land mine (metallic) and the soil is dry and humus-rich, a metal detector is the most suitable option. This soil type promotes better signal penetration, facilitating accurate detection of the mine's metallic components. GPR might not perform effectively in this scenario.",/content/drive/MyDrive/Capstone/Output/2025-11-30_23-22-54/attentions/attn_0064.json
"**Recommendation:** Metal Detector
**Explanation:** Given the target's robust construction and probable metallic content, a metal detector will be the most effective tool for locating the mine due to the dry soil conditions that should allow good signal transmission. While GPR could detect deeper signals, the primary objective is to identify the substantial metallic mass of the Anti-Tank mine, which is best accomplished with a metal detector.",/content/drive/MyDrive/Capstone/Output/2025-11-30_23-22-54/attentions/attn_0065.json
"**Recommendation:** Metal Detector
**Explanation:** Anti-tank mines are built with metal and this soil is dry, maximizing the effective range and sensitivity of a metal detector for finding the target.",/content/drive/MyDrive/Capstone/Output/2025-11-30_23-22-54/attentions/attn_0066.json
"**Recommendation:** Metal Detector
**Explanation:** Given the presence of a metal mine in dry soil, a metal detector will be the most effective tool. The dry and sandy conditions will allow the metal detector to clearly identify the mine's metallic components.",/content/drive/MyDrive/Capstone/Output/2025-11-30_23-22-54/attentions/attn_0067.json
"**Recommendation:** Ground Penetrating Radar (GPR)
**Explanation:** GPR is best suited for detecting buried objects at moderate depths, and will penetrate dry soils better than a metal detector. This will allow the most accurate visualization of the mine's location and depth underground.",/content/drive/MyDrive/Capstone/Output/2025-11-30_23-22-54/attentions/attn_0068.json
"**Recommendation:** Metal Detector
**Explanation:** Because the target is an anti-tank land mine constructed from metal, a metal detector will be the most efficient sensor for locating it. The dry soil conditions further favor the use of a metal detector over GPR, which could be hampered by soil moisture and clay content.",/content/drive/MyDrive/Capstone/Output/2025-11-30_23-22-54/attentions/attn_0069.json
"**Recommendation:** Metal Detector
**Explanation:** A metal detector is the most appropriate tool for this scenario because the target is a metallic land mine and the soil is humid. Humid conditions can affect GPR readings but a metal detector will reliably identify the presence of the large amounts of metal in the mine.",/content/drive/MyDrive/Capstone/Output/2025-11-30_23-22-54/attentions/attn_0070.json
"**Recommendation:** Metal Detector
**Explanation:** Given the target is a metallic anti-tank mine and the soil is humid and rich in humus, limiting GPR penetration, a metal detector is the superior choice. It will be able to detect the mine's metallic signature directly, providing a much higher likelihood of detection compared to GPR.",/content/drive/MyDrive/Capstone/Output/2025-11-30_23-22-54/attentions/attn_0071.json
"**Recommendation:** Metal Detector
**Explanation:** Given the target is a steel anti-tank mine and the soil is humid with humus, a metal detector is most likely to detect the target, as conductive soil will reduce GPR performance. Therefore, a metal detector would be the more effective sensor in this specific situation.",/content/drive/MyDrive/Capstone/Output/2025-11-30_23-22-54/attentions/attn_0072.json
"**Recommendation:** Metal Detector
**Explanation:** Humid and humus soil significantly reduces the penetration of GPR signals. A metal detector will be far more sensitive to the metal casing and components of the anti-tank land mine, offering a higher chance of detection in this environment.",/content/drive/MyDrive/Capstone/Output/2025-11-30_23-22-54/attentions/attn_0073.json
"**Recommendation:** Ground Penetrating Radar (GPR)
**Explanation:** The humid and humus soil conditions will significantly hinder a metal detector's performance. GPR’s ability to penetrate deeper into the soil and provide subsurface imaging makes it the superior choice for locating the buried anti-tank land mine.",/content/drive/MyDrive/Capstone/Output/2025-11-30_23-22-54/attentions/attn_0074.json
"**Recommendation:** Ground Penetrating Radar (GPR)
**Explanation:** GPR is better for deeper targets and can penetrate through moisture and soil complexity. Given the target's depth and the conductive nature of the soil, a metal detector will likely be hindered, while GPR could potentially detect the mine's presence.",/content/drive/MyDrive/Capstone/Output/2025-11-30_23-22-54/attentions/attn_0075.json
"**Recommendation:** Ground Penetrating Radar (GPR)
**Explanation:** The humid and humus soil significantly hinders metal detector performance. GPR’s ability to penetrate subsurface conditions makes it the superior choice for locating the buried anti-tank mine, offering a greater chance of accurate detection despite the challenging soil conditions.",/content/drive/MyDrive/Capstone/Output/2025-11-30_23-22-54/attentions/attn_0076.json
"**Recommendation:** Metal Detector
**Explanation:** Considering the target’s heavy metallic composition and the problematic soil conditions, a metal detector will be most effective in locating the land mine. Humid soil can still allow metal detectors to operate effectively, whereas GPR would likely be severely hampered by the moisture and organic content.",/content/drive/MyDrive/Capstone/Output/2025-11-30_23-22-54/attentions/attn_0077.json
"**Recommendation:** Metal Detector
**Explanation:** With the mine being metallic and the soil being dry and limy, a metal detector would likely be most effective in detecting the target at such shallow depth. GPR will be less effective because of the dry soil with its potential to attenuate radar signals, and shallow depth will limit it.",/content/drive/MyDrive/Capstone/Output/2025-11-30_23-22-54/attentions/attn_0078.json
"**Recommendation:** Metal Detector
**Explanation:** The target is a metallic landmine buried shallowly in dry, limy soil. A metal detector will be most effective at rapidly detecting this metallic object and determining its location. GPR might be too sensitive to the soil conditions and not as efficient for this specific scenario.",/content/drive/MyDrive/Capstone/Output/2025-11-30_23-22-54/attentions/attn_0079.json
"**Recommendation:** Ground Penetrating Radar (GPR)
**Explanation:** Given the dry and limy soil, GPR will have good penetration, allowing it to map the target’s buried location. As the target is an anti-tank land mine, which is typically metallic, GPR will be effective in locating the metal while providing some imagery as well.",/content/drive/MyDrive/Capstone/Output/2025-11-30_23-22-54/attentions/attn_0080.json
"**Recommendation:** Ground Penetrating Radar (GPR)
**Explanation:** Because this is an anti-tank mine, the target has a significant metallic component that needs to be detected underground. Dry and limy soil is ideal for Radar penetration, allowing the GPR to give information regarding the location and size of the land mine.",/content/drive/MyDrive/Capstone/Output/2025-11-30_23-22-54/attentions/attn_0081.json
"**Recommendation:** Metal Detector
**Explanation:** Considering the target's metal composition and the dry, limy soil, a metal detector is the ideal choice. These conditions are favorable for metal detectors to efficiently locate the buried anti-tank landmine with minimal interference. The high voltage further reinforces the detector's sensitivity to metallic signatures.",/content/drive/MyDrive/Capstone/Output/2025-11-30_23-22-54/attentions/attn_0082.json
"**Recommendation:** Ground Penetrating Radar (GPR)
**Explanation:** GPR's ability to penetrate dry soil would allow for deeper investigation, even with the relatively small depth. A metal detector may not be sensitive enough to identify the metallic components of this specific land mine type, and GPR will reveal more subsurface information.",/content/drive/MyDrive/Capstone/Output/2025-11-30_23-22-54/attentions/attn_0083.json
"**Recommendation:** Ground Penetrating Radar (GPR)
**Explanation:** Due to the mine’s composition, a metal detector is most likely to detect it. Although the soil is dry and limy, which is beneficial for GPR, the strong metallic signature of the anti-tank mine dominates the detection process.",/content/drive/MyDrive/Capstone/Output/2025-11-30_23-22-54/attentions/attn_0084.json
"**Recommendation:** Metal Detector
**Explanation:** Given the dry and limy soil and the low height, a metal detector is the most suitable sensor. The target is an anti-tank land mine, which is predominantly metallic, and metal detectors excel at detecting such targets at shallow depths.",/content/drive/MyDrive/Capstone/Output/2025-11-30_23-22-54/attentions/attn_0085.json
"**Recommendation:** Metal Detector
**Explanation:** Given the humid and limy soil, ground penetrating radar (GPR) would struggle to penetrate effectively. A metal detector will directly identify the substantial metallic composition of the anti-tank landmine, making it the most reliable option.",/content/drive/MyDrive/Capstone/Output/2025-11-30_23-22-54/attentions/attn_0086.json
"**Recommendation:** Metal Detector
**Explanation:** The humid and limy soil composition will hinder GPR penetration, while a metal detector can reliably detect the metal content of the anti-tank land mine at the shallow depth expected.",/content/drive/MyDrive/Capstone/Output/2025-11-30_23-22-54/attentions/attn_0087.json
"**Recommendation:** Metal Detector
**Explanation:** Because the target is a metal mine, a metal detector would provide the most accurate and reliable detection method. Humid and limy soil conditions can reduce GPR performance, so a metal detector is a better choice in this specific scenario.",/content/drive/MyDrive/Capstone/Output/2025-11-30_23-22-54/attentions/attn_0088.json
"**Recommendation:** Ground Penetrating Radar (GPR)
**Explanation:** Due to the humid and limy soil, a metal detector's performance would likely be significantly hindered by the increased moisture and potential for clay saturation. GPR’s radar waves can penetrate the soil more effectively, allowing for a better visualization of the mine’s location without the same interference caused by the soil conditions.",/content/drive/MyDrive/Capstone/Output/2025-11-30_23-22-54/attentions/attn_0089.json
"**Recommendation:** Metal Detector
**Explanation:** Given the shallow depth and humid soil conditions, a metal detector is the most suitable choice for locating the anti-tank mine. The high likelihood of encountering the mine’s metallic components directly makes it more practical than ground-penetrating radar, which can be significantly affected by such wet, conductive soil.",/content/drive/MyDrive/Capstone/Output/2025-11-30_23-22-54/attentions/attn_0090.json
"**Recommendation:** Ground Penetrating Radar (GPR)
**Explanation:** The humid and limy soil conditions will severely limit the performance of a metal detector. GPR's radar waves can penetrate deeper into the ground, bypassing the signal attenuation caused by the moisture and clay content, increasing the likelihood of detecting the large metal signature of an anti-tank mine.",/content/drive/MyDrive/Capstone/Output/2025-11-30_23-22-54/attentions/attn_0091.json
"**Recommendation:** Metal Detector
**Explanation:** A metal detector will be most effective at locating the metallic land mine buried in the humid and limy soil. Radar signals would be significantly weakened by the soil conditions, making GPR a less reliable option.",/content/drive/MyDrive/Capstone/Output/2025-11-30_23-22-54/attentions/attn_0092.json
"**Recommendation:** Metal Detector
**Explanation:** Given the shallow depth (1 cm), the soil’s moisture and salinity, and the mine’s heavy armor, a metal detector is the most effective tool. It will be able to detect the metal casing of the anti-tank land mine with relative ease, while GPR may be hampered by the conductive soil.",/content/drive/MyDrive/Capstone/Output/2025-11-30_23-22-54/attentions/attn_0093.json
"**Recommendation:** Metal Detector
**Explanation:** The dry, sandy soil offers favorable conditions for metal detection, and land mines are generally comprised of metallic components. The shallow depth exacerbates the probability of detection with a metal detector, making it the better choice.",/content/drive/MyDrive/Capstone/Output/2025-11-30_23-22-54/attentions/attn_0094.json
"**Recommendation:** Metal Detector
**Explanation:** The shallow depth and the known metallic composition of the target make a metal detector the best choice for rapid detection. GPR would be less effective at this shallow depth and likely wouldn't provide the detailed target information needed to pinpoint the mine.",/content/drive/MyDrive/Capstone/Output/2025-11-30_23-22-54/attentions/attn_0095.json
"**Recommendation:** Metal Detector
**Explanation:** Because the target is a metallic land mine and the soil is dry and sandy, a metal detector would be the most efficient tool for detection. Dry and sandy soils enhance the ability to detect metal objects, and given the metallic construction of the mine, the likelihood of a successful detection is high.",/content/drive/MyDrive/Capstone/Output/2025-11-30_23-22-54/attentions/attn_0096.json
"**Recommendation:** Metal Detector
**Explanation:** A metal detector is best suited for detecting metallic objects in soil, especially when the target is a known metal land mine and the soil conditions are favorable for metal detection. GPR might be useful at deeper depths, but the shallow depth of the mine makes the metal detector the more immediate and efficient choice.",/content/drive/MyDrive/Capstone/Output/2025-11-30_23-22-54/attentions/attn_0097.json
"**Recommendation:** Metal Detector
**Explanation:** Given the target is a metal land mine and the soil is dry and sandy, a metal detector is the most appropriate tool. Dry, sandy soils are ideal for metal detection, and the presence of metal strongly suggests the existence of the mine.",/content/drive/MyDrive/Capstone/Output/2025-11-30_23-22-54/attentions/attn_0098.json
"**Recommendation:** Ground Penetrating Radar (GPR)
**Explanation:** Due to the dry and sandy soil and the target’s buried depth, GPR will be able to more effectively detect the metallic components of the landmine. A metal detector might be less sensitive due to the soil conditions, and the depth requires penetration beyond the capabilities of a shallow detector.",/content/drive/MyDrive/Capstone/Output/2025-11-30_23-22-54/attentions/attn_0099.json
"**Recommendation:** Metal Detector
**Explanation:** Due to the dry, sandy soil, radar penetration will be optimal. The target is a metal mine, which is the ideal condition for a metal detector to effectively locate the object.",/content/drive/MyDrive/Capstone/Output/2025-11-30_23-22-54/attentions/attn_0100.json
"**Recommendation:** Metal Detector
**Explanation:** The shallow depth and dry, sandy soil provide ideal conditions for a metal detector to effectively locate the anti-personnel land mine. The target is metallic, maximizing the detector's sensitivity.",/content/drive/MyDrive/Capstone/Output/2025-11-30_23-22-54/attentions/attn_0101.json
"**Recommendation:** Metal Detector
**Explanation:** The humid and sandy soil conditions will likely permit the metal detector to function effectively. Since this is an anti-personnel mine, a metal detector is better suited to locate the target object due to its specialized ability to detect metal.",/content/drive/MyDrive/Capstone/Output/2025-11-30_23-22-54/attentions/attn_0102.json
"**Recommendation:** Metal Detector
**Explanation:** The humid and sandy soil will negatively impact GPR signal penetration. A metal detector is better suited to detecting the metallic nature of the target (a landmine) and can operate effectively in these conditions.",/content/drive/MyDrive/Capstone/Output/2025-11-30_23-22-54/attentions/attn_0103.json
"**Recommendation:** Metal Detector
**Explanation:** Because the mine is metallic and the soil is sandy and moderately humid, a metal detector is the most appropriate initial tool. It will be able to quickly and effectively detect the mine's metallic signature, while GPR penetration might be limited by the soil moisture.",/content/drive/MyDrive/Capstone/Output/2025-11-30_23-22-54/attentions/attn_0104.json
"**Recommendation:** Ground Penetrating Radar (GPR)
**Explanation:** The humid and sandy soil offers good radar penetration, which is crucial for detecting buried metallic objects like land mines. A metal detector might struggle at this shallow depth and soil condition. GPR would be much more effective at locating the mine’s buried metallic components.",/content/drive/MyDrive/Capstone/Output/2025-11-30_23-22-54/attentions/attn_0105.json
"**Recommendation:** Metal Detector
**Explanation:** A metal detector is the most suitable sensor for detecting a metallic land mine in a humid and sandy soil environment. The metal detector will be able to sense the mine’s metallic composition, while GPR may be hindered by the moisture in the sand.",/content/drive/MyDrive/Capstone/Output/2025-11-30_23-22-54/attentions/attn_0106.json
"**Recommendation:** Metal Detector
**Explanation:** A metal detector will be most effective at locating the metallic components of the land mine within the humid and sandy soil conditions. GPR may not penetrate well through the moisture, leading to false negatives or inaccurate readings.",/content/drive/MyDrive/Capstone/Output/2025-11-30_23-22-54/attentions/attn_0107.json
"**Recommendation:** Metal Detector
**Explanation:** A metal detector is the most suitable sensor because landmines are primarily composed of metal. The humid and sandy soil conditions will impact GPR penetration, making the metal detector a more reliable option for detecting the target’s metallic presence.",/content/drive/MyDrive/Capstone/Output/2025-11-30_23-22-54/attentions/attn_0108.json
"**Recommendation:** Metal Detector
**Explanation:** The dry, humus-rich soil will hinder ground penetrating radar penetration. A metal detector will be the most effective tool for locating the buried anti-personnel land mine due to its metallic composition and shallow burial depth.",/content/drive/MyDrive/Capstone/Output/2025-11-30_23-22-54/attentions/attn_0109.json
"**Recommendation:** Metal Detector
**Explanation:** A metal detector is the most suitable option for detecting a metallic land mine in dry, humus soil. The dry soil conductivity will enhance the detection capabilities of a metal detector, allowing it to identify the mine’s metallic composition effectively.",/content/drive/MyDrive/Capstone/Output/2025-11-30_23-22-54/attentions/attn_0110.json
"**Recommendation:** Metal Detector
**Explanation:** The target is a metal mine and the soil conditions are favorable for metal detection. Dry, sandy soils like this allow for easier signal penetration and better detection of metallic objects, making the metal detector the more appropriate choice.",/content/drive/MyDrive/Capstone/Output/2025-11-30_23-22-54/attentions/attn_0111.json
"**Recommendation:** Metal Detector
**Explanation:** Given the target is a metal landmine and the soil is dry and sandy, a metal detector will be the most effective tool. The dry soil conditions will allow the detector to efficiently locate the metallic mine. GPR would be less useful due to the signal attenuation in these soil conditions.",/content/drive/MyDrive/Capstone/Output/2025-11-30_23-22-54/attentions/attn_0112.json
"**Recommendation:** Metal Detector
**Explanation:** Due to the target's metallic composition and the dry, humus-rich soil conditions, a metal detector will be most effective in locating the mine. The dry soil minimizes signal degradation compared to wetter, clay-rich soils, increasing the chances of a successful detection.",/content/drive/MyDrive/Capstone/Output/2025-11-30_23-22-54/attentions/attn_0113.json
"**Recommendation:** Metal Detector
**Explanation:** Given the mine's metallic composition and the dry, humus soil, a metal detector is the more suitable sensor. The dry soil helps to maximize the metal detector’s ability to find the buried mine, while the radar wouldn't penetrate effectively.",/content/drive/MyDrive/Capstone/Output/2025-11-30_23-22-54/attentions/attn_0114.json
"**Recommendation:** Ground Penetrating Radar (GPR)
**Explanation:** The dry, humus-rich soil provides a good medium for ground-penetrating radar waves to travel, allowing for detailed imaging of the buried land mine’s location and characteristics. A metal detector would be less effective in this environment due to interference from the soil composition and the organic matter.",/content/drive/MyDrive/Capstone/Output/2025-11-30_23-22-54/attentions/attn_0115.json
"**Recommendation:** Metal Detector
**Explanation:** A metal detector is the ideal choice for locating the mine because its metallic nature will produce a detectable signal even in the humid and humus-rich soil. The shallow depth allows for direct detection without the need for more complex subsurface imaging techniques.",/content/drive/MyDrive/Capstone/Output/2025-11-30_23-22-54/attentions/attn_0116.json
"**Recommendation:** Metal Detector
**Explanation:** A metal detector would be the most appropriate initial sensor due to the mine type’s likelihood of containing metallic components, and the humidity can be compensated for with a careful sweep. GPR's performance might be compromised in such a wet soil, making it less effective for detection.",/content/drive/MyDrive/Capstone/Output/2025-11-30_23-22-54/attentions/attn_0117.json
"**Recommendation:** Metal Detector
**Explanation:** The landmine is metallic, and the soil is humid, which will impede GPR's ability to penetrate. A metal detector will provide the most reliable detection in this scenario by directly sensing the mine's metallic composition, despite the soil conditions.",/content/drive/MyDrive/Capstone/Output/2025-11-30_23-22-54/attentions/attn_0118.json
"**Recommendation:** Metal Detector
**Explanation:** <2–4 sentences> Scenario: You are a sensor expert. Given the following situation: Context: Voltage: 0.407854509 V, Height: 0.454545455 cm, Soil Type: Humid and Humus Target: Land mine Mine Type: Anti-Personnel Recommend the most appropriate sensor and explain why. Begin reasoning now: The humid and humus soil conditions are known to significantly hinder the performance of metal detectors by scattering electromagnetic waves. Given the target is a landmine of the anti-personnel type, which is typically metallic, GPR is likely a better choice than a metal detector.",/content/drive/MyDrive/Capstone/Output/2025-11-30_23-22-54/attentions/attn_0119.json
"**Recommendation:** Metal Detector
**Explanation:** The presence of a metallic landmine in humid soil makes a metal detector the ideal choice for locating it. The soil conditions would impede GPR's ability to penetrate effectively.",/content/drive/MyDrive/Capstone/Output/2025-11-30_23-22-54/attentions/attn_0120.json
"**Recommendation:** Metal Detector
**Explanation:** Given the humid and humus-rich soil, ground penetrating radar (GPR) will likely have reduced penetration. A metal detector will be the most reliable tool for detecting the metallic land mine target.",/content/drive/MyDrive/Capstone/Output/2025-11-30_23-22-54/attentions/attn_0121.json
"**Recommendation:** Metal Detector
**Explanation:** The humid and humus-rich soil will attenuate GPR signals. A metal detector will be more effective in this situation due to the known metallic composition of the land mine.",/content/drive/MyDrive/Capstone/Output/2025-11-30_23-22-54/attentions/attn_0122.json
"**Recommendation:** Metal Detector
**Explanation:** A metal detector will be effective at detecting the metallic components of the land mine, considering it is a fairly shallow target. The humid soil will have minimal impact on detecting metal, and a GPR would be significantly hampered.",/content/drive/MyDrive/Capstone/Output/2025-11-30_23-22-54/attentions/attn_0123.json
"**Recommendation:** Metal Detector
**Explanation:** Because the target is a metallic land mine and the soil is dry and limy – allowing for good radar penetration – a metal detector would be the most efficient and effective tool for locating the mine. GPR would be useful for deeper targets but isn't needed when shallow detection is possible.",/content/drive/MyDrive/Capstone/Output/2025-11-30_23-22-54/attentions/attn_0124.json
"**Recommendation:** Metal Detector
**Explanation:** With the mine type identified as anti-personnel and the soil being dry and limy, a metal detector will be the most efficient sensor. The dry, limy soil should allow for good radar penetration, however a metal detector is simpler and more direct for finding metallic mines.",/content/drive/MyDrive/Capstone/Output/2025-11-30_23-22-54/attentions/attn_0125.json
"**Recommendation:** Metal Detector
**Explanation:** The dry, limy soil conditions are favorable for a metal detector to detect the metallic components of the land mine. Since the mine is an anti-personnel type, it contains metal, and shallow depth makes the use of this sensor highly effective.",/content/drive/MyDrive/Capstone/Output/2025-11-30_23-22-54/attentions/attn_0126.json
"**Recommendation:** Metal Detector
**Explanation:** A metal detector will be able to effectively identify the metal of the land mine, considering the dry and limy soil conditions that allow for good radar penetration. The specific type of land mine (anti-personnel) further suggests the presence of metal components, making a metal detector the optimal choice for detection.",/content/drive/MyDrive/Capstone/Output/2025-11-30_23-22-54/attentions/attn_0127.json
"**Recommendation:** Ground Penetrating Radar (GPR)
**Explanation:** The dry, limy soil conditions suggest good radar penetration, allowing for detection of buried objects deeper than would be possible with a metal detector. The target is a metallic land mine, which the GPR can detect as an anomaly.",/content/drive/MyDrive/Capstone/Output/2025-11-30_23-22-54/attentions/attn_0128.json
"**Recommendation:** Metal Detector
**Explanation:** A metal detector is the most efficient sensor for detecting metallic objects buried in dry, limy soil. The target is a land mine, a strongly metallic object, so a metal detector would likely detect it easily at this shallow depth and with minimal interference from the soil conditions.",/content/drive/MyDrive/Capstone/Output/2025-11-30_23-22-54/attentions/attn_0129.json
"**Recommendation:** Metal Detector
**Explanation:** With the shallow depth, dry and limy soil, and the metallic nature of the anti-personnel land mine, a metal detector will be the most effective tool for locating the target. The specific soil type and shallow depth minimize the need for more complex techniques like GPR.",/content/drive/MyDrive/Capstone/Output/2025-11-30_23-22-54/attentions/attn_0130.json
"**Recommendation:** Metal Detector
**Explanation:** Given the target’s metallic nature and the slightly challenging soil conditions, a metal detector will be most effective at rapidly locating the land mine. The humid and limy soil may slightly impact GPR performance, but a metal detector will still provide a reliable detection.",/content/drive/MyDrive/Capstone/Output/2025-11-30_23-22-54/attentions/attn_0131.json
"**Recommendation:** Metal Detector
**Explanation:** The humid and limy soil conditions will impede GPR penetration, severely limiting its ability to detect the land mine. A metal detector offers the best chance of identifying the mine's metallic components due to its capability to detect metals directly, even with the challenging soil conditions.",/content/drive/MyDrive/Capstone/Output/2025-11-30_23-22-54/attentions/attn_0132.json
"**Recommendation:** Metal Detector
**Explanation:** The shallow depth and humid soil conditions favor a metal detector's ability to detect the metallic components of the land mine. The type of mine (anti-personnel) reinforces the expectation of a ferrous metal casing, making it a prime target for metal detection.",/content/drive/MyDrive/Capstone/Output/2025-11-30_23-22-54/attentions/attn_0133.json
"**Recommendation:** Metal Detector
**Explanation:** Land mines are metallic and buried underground, making the detection of ferrous and non-ferrous metals a primary concern. The humid and limy soil conditions may weaken ground penetrating radar signals, while a metal detector will be unaffected by ground conditions.",/content/drive/MyDrive/Capstone/Output/2025-11-30_23-22-54/attentions/attn_0134.json
"**Recommendation:** Metal Detector
**Explanation:** Given the humid and limy soil conditions, GPR signal penetration will be significantly weakened. A metal detector is more appropriate for detecting metallic targets buried in soils with moderate to high moisture content.",/content/drive/MyDrive/Capstone/Output/2025-11-30_23-22-54/attentions/attn_0135.json
"**Recommendation:** Ground Penetrating Radar (GPR)
**Explanation:** Given the humid and limy soil conditions, a metal detector would likely be less effective. An anti-personnel land mine is composed of metal, so a simple metal detector is most likely to successfully locate the target.",/content/drive/MyDrive/Capstone/Output/2025-11-30_23-22-54/attentions/attn_0136.json
"**Recommendation:** Ground Penetrating Radar (GPR)
**Explanation:** The humid, limy soil conditions will negatively impact a metal detector's ability to accurately detect the mine. GPR utilizes radio waves to map underground structures, offering a more reliable method for locating the land mine despite the challenging soil characteristics.",/content/drive/MyDrive/Capstone/Output/2025-11-30_23-22-54/attentions/attn_0137.json
"**Recommendation:** Metal Detector
**Explanation:** A metal detector will be most effective in these dry, sandy conditions due to the mine’s metallic composition and the soil's conductivity. GPR would be hindered by the soil type, reducing its detection capabilities.",/content/drive/MyDrive/Capstone/Output/2025-11-30_23-22-54/attentions/attn_0138.json
"**Recommendation:** Ground Penetrating Radar (GPR)
**Explanation:** The dry and sandy soil provides ideal conditions for GPR to penetrate deeply and accurately locate the buried land mine. A metal detector would be less effective due to the soil's conductivity, potentially reducing signal detection.",/content/drive/MyDrive/Capstone/Output/2025-11-30_23-22-54/attentions/attn_0139.json
"**Recommendation:** Ground Penetrating Radar (GPR)
**Explanation:** Dry and sandy soils will allow for good signal penetration with GPR. Because it's a booby trap land mine, a GPR's ability to map subsurface anomalies will be far more effective than a simple metal detector.",/content/drive/MyDrive/Capstone/Output/2025-11-30_23-22-54/attentions/attn_0140.json
"**Recommendation:** Metal Detector
**Explanation:** The dry and sandy soil provides a favorable environment for a metal detector to locate the buried anti-personnel land mine based on its metallic composition. Radar systems would be less effective due to the soil's properties.",/content/drive/MyDrive/Capstone/Output/2025-11-30_23-22-54/attentions/attn_0141.json
"**Recommendation:** Metal Detector
**Explanation:** The dry and sandy soil will provide good signal transmission for a metal detector. Because the target is a land mine composed of metal, the metallic signature will be easily detectable, giving the operator a higher probability of success.",/content/drive/MyDrive/Capstone/Output/2025-11-30_23-22-54/attentions/attn_0142.json
"**Recommendation:** Metal Detector
**Explanation:** The dry and sandy soil provides good penetration for metal detectors, making it ideal for locating the buried land mine. A metal detector's sensitivity to metallic components would be highly effective in this environment, maximizing the chance of detection.",/content/drive/MyDrive/Capstone/Output/2025-11-30_23-22-54/attentions/attn_0143.json
"**Recommendation:** Ground Penetrating Radar (GPR)
**Explanation:** Dry and sandy soils will allow GPR to effectively penetrate and detect the buried metallic land mine. Because a booby trap anti-personnel mine is the target, the ability of GPR to differentiate between different materials and subsurface anomalies is crucial for a safe and accurate survey.",/content/drive/MyDrive/Capstone/Output/2025-11-30_23-22-54/attentions/attn_0144.json
"**Recommendation:** Metal Detector
**Explanation:** A metal detector is likely to detect the metallic body of the land mine buried in the sandy, humid soil. The sandy soil offers favorable conditions for metal detection, and the low voltage likely indicates the radar's effectiveness is hampered by the soil moisture.",/content/drive/MyDrive/Capstone/Output/2025-11-30_23-22-54/attentions/attn_0145.json
"**Recommendation:** Metal Detector
**Explanation:** With a metal detector, the potential presence of metal in the land mine will be most effectively detected due to the specific metallic nature of the target within the sandy, humid soil conditions. The metal detector will have a higher probability of detecting the target compared to GPR given the type of the target and the soil characteristics.",/content/drive/MyDrive/Capstone/Output/2025-11-30_23-22-54/attentions/attn_0146.json
"**Recommendation:** Ground Penetrating Radar (GPR)
**Explanation:** The combination of a humid, sandy soil composition and a metal-based target (landmine) strongly favors the use of GPR. Sandy soils have a relatively high conductivity, allowing radar waves to penetrate deeper and provide clearer imaging of subsurface anomalies, which could indicate the presence of the buried mine.",/content/drive/MyDrive/Capstone/Output/2025-11-30_23-22-54/attentions/attn_0147.json
"**Recommendation:** Ground Penetrating Radar (GPR)
**Explanation:** GPR is the most suitable sensor choice due to the sandy soil, which provides good radar penetration. A landmine is metal, so a metal detector could work but GPR will likely penetrate further into the ground providing a more comprehensive search profile and better depth of detection than a metal detector.",/content/drive/MyDrive/Capstone/Output/2025-11-30_23-22-54/attentions/attn_0148.json
"**Recommendation:** Metal Detector
**Explanation:** A land mine, specifically a booby trap, will likely have a metallic composition. The humid, sandy soil provides enough penetration for a metal detector to effectively search for this target while offering a rapid assessment.",/content/drive/MyDrive/Capstone/Output/2025-11-30_23-22-54/attentions/attn_0149.json
"**Recommendation:** Metal Detector
**Explanation:** Given the shallow depth and humid sandy soil, a metal detector is the most appropriate initial tool. It will be able to detect the metallic components of the booby trap, helping to quickly identify potential threats before more detailed investigations with GPR.",/content/drive/MyDrive/Capstone/Output/2025-11-30_23-22-54/attentions/attn_0150.json
"**Recommendation:** Ground Penetrating Radar (GPR)
**Explanation:** The humid and sandy soil will severely limit the effectiveness of a metal detector, so GPR is better suited for detecting the mine's buried location. While a metal detector would still likely detect the mine, GPR can provide more detailed imaging despite the soil conditions, leading to a more precise location of the booby trap.",/content/drive/MyDrive/Capstone/Output/2025-11-30_23-22-54/attentions/attn_0151.json
"**Recommendation:** Metal Detector
**Explanation:** Due to the shallow depth of 1 cm and the sandy soil, a metal detector is the most appropriate choice. Its sensitivity to metallic objects makes it ideal for rapidly locating potential mine locations, especially given the potential for a booby trap.",/content/drive/MyDrive/Capstone/Output/2025-11-30_23-22-54/attentions/attn_0152.json
"**Recommendation:** Metal Detector
**Explanation:** Given the target’s metallic construction (a land mine) and the dry, humus soil which allows for good radar penetration, a metal detector is the most effective sensor for locating it. GPR is less likely to provide precise depth readings in this particular case.",/content/drive/MyDrive/Capstone/Output/2025-11-30_23-22-54/attentions/attn_0153.json
"**Recommendation:** Metal Detector
**Explanation:** A metal detector is most suitable for detecting buried metallic objects, specifically in dry conditions. The depth of the mine (27cm) is within the range of effective metal detector operation, and the dry soil will not significantly hinder the sensor's performance.",/content/drive/MyDrive/Capstone/Output/2025-11-30_23-22-54/attentions/attn_0154.json
"**Recommendation:** Metal Detector
**Explanation:** A metal detector is the most suitable choice due to the anticipated metallic composition of the mine and the dry, porous soil, which will permit good signal transmission. GPR's performance would be hindered by the soil type, rendering it a less effective option.",/content/drive/MyDrive/Capstone/Output/2025-11-30_23-22-54/attentions/attn_0155.json
"**Recommendation:** Metal Detector
**Explanation:** The shallow depth, dry soil, and metallic nature of the target land mine make a metal detector the optimal choice. Humus soil will not significantly interfere with the metal detector's ability to detect the mine.",/content/drive/MyDrive/Capstone/Output/2025-11-30_23-22-54/attentions/attn_0156.json
"**Recommendation:** Metal Detector
**Explanation:** A metal detector is better suited for shallow depths and dry soils, allowing for precise detection of the metal components of the land mine. GPR would be less effective due to the soil's composition and the shallow target depth, making it a less optimal choice.",/content/drive/MyDrive/Capstone/Output/2025-11-30_23-22-54/attentions/attn_0157.json
"**Recommendation:** Ground Penetrating Radar (GPR)
**Explanation:** GPR’s ability to penetrate dry soil and detect subsurface anomalies is crucial for locating buried landmines, especially when soil composition presents potential interference for metal detectors. The dry soil further enhances GPR’s performance, allowing for a more detailed image of the mine’s burial depth and the surrounding area.",/content/drive/MyDrive/Capstone/Output/2025-11-30_23-22-54/attentions/attn_0158.json
"**Recommendation:** Metal Detector
**Explanation:** Given the dry and humus soil and the shallow depth of only 1 cm, a metal detector would be the most efficient tool for locating the land mine. The target itself is metallic, increasing the probability of detection with a metal detector's ability to identify metal objects.",/content/drive/MyDrive/Capstone/Output/2025-11-30_23-22-54/attentions/attn_0159.json
"**Recommendation:** Metal Detector
**Explanation:** Given the humid, humus-rich soil, GPR penetration will be significantly reduced. A metal detector is better suited for detecting the metallic components of a land mine and identifying the presence of a booby trap.",/content/drive/MyDrive/Capstone/Output/2025-11-30_23-22-54/attentions/attn_0160.json
"**Recommendation:** Metal Detector
**Explanation:** The humid and humus soil will degrade GPR performance, but a metal detector has a better chance of detecting the metallic mine casing than radar would in this scenario. The low voltage suggests a weak signal, pointing towards relying on a simpler detection method like a metal detector.",/content/drive/MyDrive/Capstone/Output/2025-11-30_23-22-54/attentions/attn_0161.json
"**Recommendation:** Metal Detector
**Explanation:** Humid soil and humus attenuate GPR signals, while a booby trap mine’s metallic nature makes a metal detector the more reliable choice for detection. This minimizes the impact of the soil conditions on the sensors effectiveness.",/content/drive/MyDrive/Capstone/Output/2025-11-30_23-22-54/attentions/attn_0162.json
"**Recommendation:** Metal Detector
**Explanation:** A metal detector is the most suitable sensor for this scenario due to the mine's metallic composition and shallow depth. The humid soil and humus may slightly interfere with the signal, but a metal detector will likely detect the mine's presence effectively.",/content/drive/MyDrive/Capstone/Output/2025-11-30_23-22-54/attentions/attn_0163.json
"**Recommendation:** Ground Penetrating Radar (GPR)
**Explanation:** The humid and humus-rich soil will significantly hinder the performance of a metal detector, reducing its sensitivity and detection range. GPR's ability to penetrate subsurface layers and visualize the mine's location is crucial in these challenging conditions, providing better resolution and depth penetration.",/content/drive/MyDrive/Capstone/Output/2025-11-30_23-22-54/attentions/attn_0164.json
"**Recommendation:** Metal Detector
**Explanation:** The humid and humus soil will weaken radar penetration, rendering GPR less effective. A metal detector is more suitable for identifying metallic landmines, especially in challenging soil conditions.",/content/drive/MyDrive/Capstone/Output/2025-11-30_23-22-54/attentions/attn_0165.json
"**Recommendation:** Metal Detector
**Explanation:** Metal detectors are well-suited for identifying buried metallic objects, which is characteristic of land mines. The humid soil will likely reduce the penetration of GPR, making a metal detector the more effective choice.",/content/drive/MyDrive/Capstone/Output/2025-11-30_23-22-54/attentions/attn_0166.json
"**Recommendation:** Metal Detector
**Explanation:** The target is a metallic landmine, and the soil is dry and conducive to metal detector performance. Considering the shallow depth, a metal detector is the most logical first step in the detection process to locate the target quickly and efficiently.",/content/drive/MyDrive/Capstone/Output/2025-11-30_23-22-54/attentions/attn_0167.json
"**Recommendation:** Metal Detector
**Explanation:** A metal detector will be most effective in locating the metallic components of the land mine within the dry, limy soil. The mine’s design as a booby trap suggests the presence of metal, making the metal detector the more suitable choice for a first pass survey.",/content/drive/MyDrive/Capstone/Output/2025-11-30_23-22-54/attentions/attn_0168.json
"**Recommendation:** Metal Detector
**Explanation:** The dry and limy soil composition is conducive to detecting buried metallic objects like landmines. A metal detector’s ability to identify metallic signatures will be more effective in this scenario than ground-penetrating radar, which can be hampered by similar soil conditions.",/content/drive/MyDrive/Capstone/Output/2025-11-30_23-22-54/attentions/attn_0169.json
"**Recommendation:** Metal Detector
**Explanation:** A metal detector will be the most effective tool for locating this booby trap land mine due to the metallic components and dry soil conditions. GPR signals will likely be hampered by the soil type, reducing accuracy.",/content/drive/MyDrive/Capstone/Output/2025-11-30_23-22-54/attentions/attn_0170.json
"**Recommendation:** Ground Penetrating Radar (GPR)
**Explanation:** GPR's ability to penetrate dry, limy soils will allow for a better detection of the buried anti-personnel land mine, especially considering it’s a booby trap potentially with a concealed metallic component. A metal detector might struggle to find it if it is buried beneath a layer of clay or other dense material.",/content/drive/MyDrive/Capstone/Output/2025-11-30_23-22-54/attentions/attn_0171.json
"**Recommendation:** Metal Detector
**Explanation:** The dry and limy soil allows for good radar penetration, but a metal detector is more targeted for the likely presence of metallic materials associated with a booby trap landmine.",/content/drive/MyDrive/Capstone/Output/2025-11-30_23-22-54/attentions/attn_0172.json
"**Recommendation:** Metal Detector
**Explanation:** Given the shallow depth of only 1 cm and the dry, limy soil conditions, a metal detector is the most appropriate tool. Its sensitivity to metallic targets at short ranges is well-suited for locating the mine buried close to the surface.",/content/drive/MyDrive/Capstone/Output/2025-11-30_23-22-54/attentions/attn_0173.json
"**Recommendation:** Metal Detector
**Explanation:** Given the humidity and limy soil, GPR penetration will be compromised. A metal detector will be the most appropriate sensor, as landmines are often metallic and this type of soil offers optimal conditions for detection.",/content/drive/MyDrive/Capstone/Output/2025-11-30_23-22-54/attentions/attn_0174.json
"**Recommendation:** Ground Penetrating Radar (GPR)
**Explanation:** GPR is better suited for detecting buried objects in challenging soil conditions such as humid and limy soils due to its ability to penetrate subsurface layers and provide detailed information about the target’s location and depth. A metal detector would be significantly impacted by the high moisture content of the soil, reducing its ability to accurately detect the mine's metallic components.",/content/drive/MyDrive/Capstone/Output/2025-11-30_23-22-54/attentions/attn_0175.json
"**Recommendation:** Metal Detector
**Explanation:** The humid and limy soil combined with the targeted land mine creates a high probability of metal detection. The presence of a booby trap and the potential use of metallic explosives makes this ideal for a metal detector which will be highly sensitive to the target's metallic nature.",/content/drive/MyDrive/Capstone/Output/2025-11-30_23-22-54/attentions/attn_0176.json
"**Recommendation:** Ground Penetrating Radar (GPR)
**Explanation:** While a metal detector would initially seem appropriate, the humid and limy soil will significantly attenuate the GPR signal. A metal detector will be able to detect the metallic components of the mine despite the soil conditions, giving better results and pinpointing the precise location of the device.",/content/drive/MyDrive/Capstone/Output/2025-11-30_23-22-54/attentions/attn_0177.json
"**Recommendation:** Metal Detector
**Explanation:** The land mine is likely buried, and the humid, limy soil will impede GPR penetration. A metal detector's ability to sense metallic objects directly makes it the more practical choice for this detection scenario.",/content/drive/MyDrive/Capstone/Output/2025-11-30_23-22-54/attentions/attn_0178.json
"**Recommendation:** Metal Detector
**Explanation:** Given the shallow depth and the nature of the target (a metal mine), a metal detector would be most effective in identifying the buried anti-personnel land mine. The humid soil conditions may slightly reduce detection range, but the metal content of the mine makes this the better initial choice.",/content/drive/MyDrive/Capstone/Output/2025-11-30_23-22-54/attentions/attn_0179.json
"**Recommendation:** Metal Detector
**Explanation:** Given the target is a land mine, which is expected to be metal, a metal detector is the most suitable sensor. The humid and limy soil type doesn't significantly hinder metal detection, whereas GPR can be less effective in such conditions.",/content/drive/MyDrive/Capstone/Output/2025-11-30_23-22-54/attentions/attn_0180.json
"**Recommendation:** Metal Detector
**Explanation:** A metal detector will be the most suitable for identifying the metallic body of the land mine given the shallow depth and a land mine being a primarily metallic target. The humid, limy soil will significantly reduce the effectiveness of GPR, but is likely not enough to rule it out completely.",/content/drive/MyDrive/Capstone/Output/2025-11-30_23-22-54/attentions/attn_0181.json
"**Recommendation:** Metal Detector
**Explanation:** Due to the dry and sandy soil conditions, ground penetrating radar signal penetration would likely be diminished. The M14 mine is metallic, making a metal detector a more suitable choice for detecting its presence.",/content/drive/MyDrive/Capstone/Output/2025-11-30_23-22-54/attentions/attn_0182.json
"**Recommendation:** Metal Detector
**Explanation:** Given the dry, sandy soil and the metallic composition of the M14 mine, a metal detector would be the most effective sensor for locating the buried mine. Dry and sandy soils allow for better metal detection, helping to pinpoint the mine's location.",/content/drive/MyDrive/Capstone/Output/2025-11-30_23-22-54/attentions/attn_0183.json
"**Recommendation:** Ground Penetrating Radar (GPR)
**Explanation:** The dry, sandy soil offers good penetration for GPR, allowing it to map the target’s location and potentially the surrounding area. Given the target is a metallic land mine, GPR can discern the object’s shape and depth more effectively than a metal detector, which would simply indicate the presence of metal.",/content/drive/MyDrive/Capstone/Output/2025-11-30_23-22-54/attentions/attn_0184.json
"**Recommendation:** Metal Detector
**Explanation:** Given the shallow depth and dry sandy soil conditions, a metal detector is the most effective tool for detecting this M14 mine. The dry soil offers sufficient penetration for the metal detector to identify the mine’s metallic composition.",/content/drive/MyDrive/Capstone/Output/2025-11-30_23-22-54/attentions/attn_0185.json
"**Recommendation:** Metal Detector
**Explanation:** The dry and sandy soil will favor metal detector operation. The M14 mine is metal-based, and the shallow depth should still make this a viable option for detection. If the mine is deeper, GPR could be used for further investigation.",/content/drive/MyDrive/Capstone/Output/2025-11-30_23-22-54/attentions/attn_0186.json
"**Recommendation:** Metal Detector
**Explanation:** A metal detector is well-suited to find metallic targets, like a land mine, in dry and sandy soil conditions. The shallow depth and typical composition of this type of soil will result in minimal signal degradation, enhancing the detector's ability to pinpoint the mine’s location.",/content/drive/MyDrive/Capstone/Output/2025-11-30_23-22-54/attentions/attn_0187.json
"**Recommendation:** Metal Detector
**Explanation:** Given the dry, sandy soil and the target being a metal M14 land mine, a metal detector is the most appropriate initial sensor. The dry soil will allow for good signal penetration, and the metal target will provide a clear detection. Ground Penetrating Radar would be less effective due to the metallic interference.",/content/drive/MyDrive/Capstone/Output/2025-11-30_23-22-54/attentions/attn_0188.json
"**Recommendation:** Ground Penetrating Radar (GPR)
**Explanation:** The dry and sandy soil will allow for good GPR penetration, and the M14 land mine is metallic. GPR will accurately detect the mine and help to map its underground location and the potential for other metallic objects, providing a better overall picture of the site.",/content/drive/MyDrive/Capstone/Output/2025-11-30_23-22-54/attentions/attn_0189.json
"**Recommendation:** Metal Detector
**Explanation:** Due to the humid, sandy soil conditions, GPR performance would be significantly reduced. A metal detector would be the better choice for locating the metallic M14 land mine.",/content/drive/MyDrive/Capstone/Output/2025-11-30_23-22-54/attentions/attn_0190.json
"**Recommendation:** Ground Penetrating Radar (GPR)
**Explanation:** The humid and sandy soil is favorable for GPR penetration, allowing the sensor to effectively detect the buried M14 mine. The metallic nature of the mine also makes a metal detector a viable option, though the soil conditions slightly favor GPR. Considering both factors, GPR is the more appropriate first choice for this scenario.",/content/drive/MyDrive/Capstone/Output/2025-11-30_23-22-54/attentions/attn_0191.json
"**Recommendation:** Metal Detector
**Explanation:** A metal detector is ideal for locating metallic landmines in sandy, humid soils due to its focused ability to detect ferrous and non-ferrous metals. This allows for a rapid and efficient search compared to ground penetrating radar, which can be significantly weakened by moisture.",/content/drive/MyDrive/Capstone/Output/2025-11-30_23-22-54/attentions/attn_0192.json
"**Recommendation:** Metal Detector
**Explanation:** The target is a metallic land mine, and a humid, sandy soil composition will facilitate the detection of the mine. A metal detector will efficiently identify metallic objects within the soil profile, providing the greatest chance of detection in this scenario.",/content/drive/MyDrive/Capstone/Output/2025-11-30_23-22-54/attentions/attn_0193.json
"**Recommendation:** Ground Penetrating Radar (GPR)
**Explanation:** The humid and sandy soil will weaken the signal of a metal detector. GPR's radar pulses can penetrate the soil to detect the buried land mine, offering a more reliable solution in this particular environment.",/content/drive/MyDrive/Capstone/Output/2025-11-30_23-22-54/attentions/attn_0194.json
"**Recommendation:** Ground Penetrating Radar (GPR)
**Explanation:** The humid and sandy soil presents a significant challenge for metal detectors. GPR is better equipped to penetrate these conditions and provide a clear image of the buried mine, allowing for a targeted investigation.",/content/drive/MyDrive/Capstone/Output/2025-11-30_23-22-54/attentions/attn_0195.json
"**Recommendation:** Ground Penetrating Radar (GPR)
**Explanation:** The humid, sandy soil favors radar penetration, making GPR a more effective option for locating the buried M14 land mine. A metal detector may not have sufficient range to detect the metallic target at this depth.",/content/drive/MyDrive/Capstone/Output/2025-11-30_23-22-54/attentions/attn_0196.json
"**Recommendation:** Metal Detector
**Explanation:** A metal detector is ideal for detecting metallic landmines in humid and sandy soil. The shallow depth of only 1 cm means the mine is likely within reach of the detector's range. While radar could also find it, a metal detector is the more targeted solution in this scenario.",/content/drive/MyDrive/Capstone/Output/2025-11-30_23-22-54/attentions/attn_0197.json
"**Recommendation:** Metal Detector
**Explanation:** The dry and humus soil is ideal for a metal detector to detect the metal components of the M14 anti-personnel land mine. While GPR might penetrate well, a metal detector will provide the most reliable detection in this situation.",/content/drive/MyDrive/Capstone/Output/2025-11-30_23-22-54/attentions/attn_0198.json
"**Recommendation:** Metal Detector
**Explanation:** Given the dry and humus soil, radar penetration will be relatively good. Since the target is a metallic land mine, a metal detector is the most efficient and cost-effective tool to quickly locate it at the shallow depth of 0.545 cm.",/content/drive/MyDrive/Capstone/Output/2025-11-30_23-22-54/attentions/attn_0199.json
"**Recommendation:** Metal Detector
**Explanation:** A metal detector will be able to detect the metallic signature of the M14 mine buried in the dry, humus-rich soil at this shallow depth. GPR might be useful at greater depths, but it's unnecessary in this scenario.",/content/drive/MyDrive/Capstone/Output/2025-11-30_23-22-54/attentions/attn_0200.json
"**Recommendation:** Metal Detector
**Explanation:** Given the dry soil conditions and shallow depth, a metal detector is the most effective choice for locating the M14 land mine. The metal mine will easily be detected by the tool and the dry soil won’t severely impede detection.",/content/drive/MyDrive/Capstone/Output/2025-11-30_23-22-54/attentions/attn_0201.json
"**Recommendation:** Metal Detector
**Explanation:** The target is a metal mine, and the dry humus soil will allow the metal detector to function effectively. GPR might be less sensitive given the shallow depth and relatively favorable soil conditions.",/content/drive/MyDrive/Capstone/Output/2025-11-30_23-22-54/attentions/attn_0202.json
"**Recommendation:** Ground Penetrating Radar (GPR)
**Explanation:** The humid and humus soil will significantly hinder metal detector performance. GPR can effectively penetrate through these soils to locate the buried M14 land mine based on the changes in the dielectric properties of the soil and target.",/content/drive/MyDrive/Capstone/Output/2025-11-30_23-22-54/attentions/attn_0203.json
"**Recommendation:** Metal Detector
**Explanation:** Humid soil and the presence of humus dramatically reduce the effectiveness of GPR. A metal detector, focusing on metallic signatures, offers the most logical approach to locating the M14 landmine given these conditions.",/content/drive/MyDrive/Capstone/Output/2025-11-30_23-22-54/attentions/attn_0204.json
"**Recommendation:** Metal Detector
**Explanation:** The target is a metallic land mine, and the soil conditions are unfavorable for ground penetrating radar. A metal detector is the more appropriate sensor in this situation, offering a greater chance of detection based on the mine's composition and the surrounding soil.",/content/drive/MyDrive/Capstone/Output/2025-11-30_23-22-54/attentions/attn_0205.json
"**Recommendation:** Ground Penetrating Radar (GPR)
**Explanation:** Humid soil weakens metal detector signals, while GPR can still penetrate this environment to image the target. Its ability to visualize the target's location underground helps accurately identify a buried land mine.",/content/drive/MyDrive/Capstone/Output/2025-11-30_23-22-54/attentions/attn_0206.json
"**Recommendation:** Metal Detector
**Explanation:** Given the high moisture content and humus in the soil, Ground Penetrating Radar (GPR) would be ineffective. A metal detector is the most appropriate tool to detect the buried M14 mine, as it's a metallic object and doesn’t rely on soil conditions like GPR does.",/content/drive/MyDrive/Capstone/Output/2025-11-30_23-22-54/attentions/attn_0207.json
"**Recommendation:** Metal Detector
**Explanation:** The soil is humid and contains humus, which will weaken the penetration of ground-penetrating radar. A metal detector is a simpler, more effective tool for detecting metallic landmines in this type of soil conditions.",/content/drive/MyDrive/Capstone/Output/2025-11-30_23-22-54/attentions/attn_0208.json
"**Recommendation:** Metal Detector
**Explanation:** The high moisture content and humus in the soil will impede the penetration of ground-penetrating radar, making it less reliable. A metal detector is more suited for detecting metallic landmines like the M14 in this challenging soil environment.",/content/drive/MyDrive/Capstone/Output/2025-11-30_23-22-54/attentions/attn_0209.json
"**Recommendation:** Metal Detector
**Explanation:** Given the highly dampened soil conditions and shallow depth of the target, a metal detector is the best choice. The presence of humus will significantly impede the ability of GPR to penetrate the ground. A metal detector’s sensitivity will be more effective in detecting the metallic components of the land mine.",/content/drive/MyDrive/Capstone/Output/2025-11-30_23-22-54/attentions/attn_0210.json
"**Recommendation:** Metal Detector
**Explanation:** Because the mine is metallic and the soil is conducive to metal detection, using a metal detector will be the most effective way to locate it. GPR’s penetration will be limited in this environment, rendering it less useful for this scenario.",/content/drive/MyDrive/Capstone/Output/2025-11-30_23-22-54/attentions/attn_0211.json
"**Recommendation:** Metal Detector
**Explanation:** Given the target's metallic nature and the favorable dry and limy soil conditions, a metal detector is the most appropriate sensor. This tool can directly sense the metallic presence of the M14 mine, providing a definitive detection.",/content/drive/MyDrive/Capstone/Output/2025-11-30_23-22-54/attentions/attn_0212.json
"**Recommendation:** Metal Detector
**Explanation:** The target is a metal landmine, and the soil conditions are conducive to metal detection. The shallow depth means a metal detector can quickly and effectively locate the mine, providing a faster solution than GPR.",/content/drive/MyDrive/Capstone/Output/2025-11-30_23-22-54/attentions/attn_0213.json
"**Recommendation:** Metal Detector
**Explanation:** The M14 land mine is metallic, and the dry, limy soil provides favorable conditions for detecting metal using a metal detector. GPR would likely not penetrate well enough to effectively locate the mine in this scenario, while a metal detector would provide the best chance of detection.",/content/drive/MyDrive/Capstone/Output/2025-11-30_23-22-54/attentions/attn_0214.json
"**Recommendation:** Ground Penetrating Radar (GPR)
**Explanation:** Given the target is a metallic land mine and the dry, limy soil type, GPR is the most effective sensor. It will provide detailed subsurface imaging to pinpoint the mine's location, avoiding dangerous contact and aiding in subsequent removal strategies. A metal detector would only detect the surface contact of the mine.",/content/drive/MyDrive/Capstone/Output/2025-11-30_23-22-54/attentions/attn_0215.json
"**Recommendation:** Ground Penetrating Radar (GPR)
**Explanation:** Given the target is a metallic landmine and the soil is dry and limy, providing good GPR penetration, this sensor is best suited to detect the mine's subsurface location and shape. The low voltage could indicate a signal issue, but GPR is still the primary sensor to utilize due to the nature of the target and soil.",/content/drive/MyDrive/Capstone/Output/2025-11-30_23-22-54/attentions/attn_0216.json
"**Recommendation:** Metal Detector
**Explanation:** Given the target is an M14 land mine (typically metallic) and the soil is dry and limy (ideal for metal detection), a metal detector will be the most efficient sensor to detect the mine. GPR may not be necessary in this scenario, due to the likely shallow depth and conductive soil, and it would not provide a clear metal signature.",/content/drive/MyDrive/Capstone/Output/2025-11-30_23-22-54/attentions/attn_0217.json
"**Recommendation:** Metal Detector
**Explanation:** Land mines are metallic, and the humid soil is unfavorable for Ground Penetrating Radar (GPR). A metal detector will be able to accurately locate the target, minimizing risks of excavation.",/content/drive/MyDrive/Capstone/Output/2025-11-30_23-22-54/attentions/attn_0218.json
"**Recommendation:** Metal Detector
**Explanation:** Because the target is a metallic mine and the soil is humid and limy, a metal detector is more suitable. The soil conditions can interfere with GPR signal penetration, but the metal detector will be able to detect the target's metallic signature.",/content/drive/MyDrive/Capstone/Output/2025-11-30_23-22-54/attentions/attn_0219.json
"**Recommendation:** Metal Detector
**Explanation:** Given the humid and limy soil conditions, GPR penetration will be limited. A metal detector is the most appropriate sensor to identify the metallic M14 anti-personnel mine, due to its ability to detect metal objects buried in the ground.",/content/drive/MyDrive/Capstone/Output/2025-11-30_23-22-54/attentions/attn_0220.json
"**Recommendation:** Metal Detector
**Explanation:** Due to the target being a metallic M14 land mine and the humid, limy soil hindering GPR performance, a metal detector is the most effective instrument. The metal detector's sensitivity to metallic objects in the ground will provide the most accurate information about the mine's location.",/content/drive/MyDrive/Capstone/Output/2025-11-30_23-22-54/attentions/attn_0221.json
"**Recommendation:** Metal Detector
**Explanation:** Because the target is a metal-containing land mine, a metal detector is the most suitable sensor. The humid and limy soil will likely impede GPR signal penetration, while a metal detector can effectively locate the metallic components of the mine.",/content/drive/MyDrive/Capstone/Output/2025-11-30_23-22-54/attentions/attn_0222.json
"**Recommendation:** Metal Detector
**Explanation:** The target is a metallic mine, and the soil is moderately conductive, which will hinder ground-penetrating radar. A metal detector will provide the quickest and most reliable method for detecting the target's location.",/content/drive/MyDrive/Capstone/Output/2025-11-30_23-22-54/attentions/attn_0223.json
"**Recommendation:** Metal Detector
**Explanation:** The target is a metallic land mine in a challenging soil environment. A metal detector will be able to detect the mine’s metallic components, offering the best chance of successful detection. GPR would likely be hindered by the soil conditions and would not be a favorable approach here.",/content/drive/MyDrive/Capstone/Output/2025-11-30_23-22-54/attentions/attn_0224.json
"**Recommendation:** Metal Detector
**Explanation:** The dry and sandy soil conditions will permit good radar penetration. Considering the target is a land mine, which is metallic, a metal detector is the most effective and straightforward solution.",/content/drive/MyDrive/Capstone/Output/2025-11-30_23-22-54/attentions/attn_0225.json
"**Recommendation:** Metal Detector
**Explanation:** The shallow depth, dry, sandy soil conditions are ideal for detecting metallic objects such as land mines, and a metal detector will be the most efficient tool for this scenario.",/content/drive/MyDrive/Capstone/Output/2025-11-30_23-22-54/attentions/attn_0226.json
"**Recommendation:** Ground Penetrating Radar (GPR)
**Explanation:** The dry, sandy soil will facilitate good radar penetration, allowing for more effective detection of subsurface anomalies. Since it is a mine, there's a significant chance of detecting buried metallic objects, and GPR offers greater potential for identifying the extent and shape of the mine than a metal detector.",/content/drive/MyDrive/Capstone/Output/2025-11-30_23-22-54/attentions/attn_0227.json
"**Recommendation:** Ground Penetrating Radar (GPR)
**Explanation:** The dry, sandy soil allows for a good radar penetration, and while a metal detector might initially identify the mine's metal content, GPR can provide a more detailed image of the subsurface and potentially reveal the mine’s location with greater accuracy. It’s prudent to use GPR given the potential for larger targets and the difficulty in precisely determining depth from the provided data.",/content/drive/MyDrive/Capstone/Output/2025-11-30_23-22-54/attentions/attn_0228.json
"**Recommendation:** Ground Penetrating Radar (GPR)
**Explanation:** The combination of humid and sandy soil creates significant signal attenuation for metal detectors. GPR is better at penetrating the ground and providing detailed information about subsurface targets, especially without knowing the mine’s metal composition.",/content/drive/MyDrive/Capstone/Output/2025-11-30_23-22-54/attentions/attn_0229.json
"**Recommendation:** Metal Detector
**Explanation:** The humid and sandy soil will impact GPR performance, but a metal detector should still be viable for detecting the land mine, particularly given its shallow depth. The soil's composition favors metal detection over radar penetration in this situation.",/content/drive/MyDrive/Capstone/Output/2025-11-30_23-22-54/attentions/attn_0230.json
"**Recommendation:** Ground Penetrating Radar (GPR)
**Explanation:** The humid and sandy soil provides good radar penetration, allowing for deeper investigation. Given the undefined mine type, detecting potential metallic signatures is crucial, and GPR is better equipped to do so compared to a metal detector in these conditions.",/content/drive/MyDrive/Capstone/Output/2025-11-30_23-22-54/attentions/attn_0231.json
"**Recommendation:** Ground Penetrating Radar (GPR)
**Explanation:** The humid and sandy soil conditions are favorable for GPR, allowing it to penetrate deeper and provide detailed information about underground features. Given the nature of the target (a land mine), GPR's ability to visualize the object's shape and size will be more beneficial than a simple metal detection.",/content/drive/MyDrive/Capstone/Output/2025-11-30_23-22-54/attentions/attn_0232.json
"**Recommendation:** Ground Penetrating Radar (GPR)
**Explanation:** Because of the dry soil conditions and the potential presence of a metallic land mine, GPR is the most suitable choice. GPR can provide deeper imaging than a metal detector, allowing us to visualize the area more accurately. Furthermore, dry soil typically offers clearer radar penetration, maximizing the effectiveness of the technique.",/content/drive/MyDrive/Capstone/Output/2025-11-30_23-22-54/attentions/attn_0233.json
"**Recommendation:** Ground Penetrating Radar (GPR)
**Explanation:** The dry soil combined with the lack of mine type information makes GPR a better choice. GPR can detect subsurface anomalies regardless of composition, providing a broader search area. Metal detectors, while suitable for metallic targets, may be less effective in a variable soil like this with humus content.",/content/drive/MyDrive/Capstone/Output/2025-11-30_23-22-54/attentions/attn_0234.json
"**Recommendation:** Metal Detector
**Explanation:** Given the target is a metallic land mine and the soil is dry and humus, a metal detector is the most efficient tool for detection as it directly identifies metallic objects without relying on soil penetration. Radar, particularly GPR, would be less effective due to the soil conditions that could weaken signal penetration.",/content/drive/MyDrive/Capstone/Output/2025-11-30_23-22-54/attentions/attn_0235.json
"**Recommendation:** Metal Detector
**Explanation:** Dry soil and the potential for metal within the land mine make a metal detector the more suitable initial choice. GPR can be affected by soil moisture and organic content, which might obscure the mine’s presence.",/content/drive/MyDrive/Capstone/Output/2025-11-30_23-22-54/attentions/attn_0236.json
"**Recommendation:** Metal Detector
**Explanation:** Land mines typically contain metallic components, so a metal detector would be the most effective sensor for detecting them. The humid soil with humus would likely attenuate GPR signals, reducing its effectiveness in this scenario.",/content/drive/MyDrive/Capstone/Output/2025-11-30_23-22-54/attentions/attn_0237.json
"**Recommendation:** Ground Penetrating Radar (GPR)
**Explanation:** The humid and humus soil significantly reduces the effectiveness of a metal detector, and GPR's ability to penetrate subsurface materials makes it the superior choice for detecting buried landmines, even with challenging soil conditions. Radar is better suited to these circumstances than metal detectors, which can be easily hampered in this type of environment.",/content/drive/MyDrive/Capstone/Output/2025-11-30_23-22-54/attentions/attn_0238.json
"**Recommendation:** Metal Detector
**Explanation:** Humid soil with organic content degrades the effectiveness of GPR, while a metal detector remains functional in such conditions. Detecting buried metallic objects like landmines in this situation relies on the interaction of the mine’s metal with the sensor’s magnetic field.",/content/drive/MyDrive/Capstone/Output/2025-11-30_23-22-54/attentions/attn_0239.json
"**Recommendation:** Ground Penetrating Radar (GPR)
**Explanation:** Due to the humid and humus soil conditions, a metal detector would likely be severely hampered by signal attenuation. GPR’s ability to penetrate deeper and navigate through these challenging soil types makes it the superior choice for detecting the buried land mine.",/content/drive/MyDrive/Capstone/Output/2025-11-30_23-22-54/attentions/attn_0240.json
"**Recommendation:** Metal Detector
**Explanation:** Dry and limy soils provide good conductivity for metal detection, increasing the likelihood of detecting a metallic land mine. Since the mine type is unknown, a metal detector is a practical first step to identify potential hazards.",/content/drive/MyDrive/Capstone/Output/2025-11-30_23-22-54/attentions/attn_0241.json
"**Recommendation:** Metal Detector
**Explanation:** Because the soil is dry and limy, a metal detector will likely be effective in detecting the land mine. The shallow depth further supports the use of a metal detector, as it can penetrate the soil easily.",/content/drive/MyDrive/Capstone/Output/2025-11-30_23-22-54/attentions/attn_0242.json
"**Recommendation:** Metal Detector
**Explanation:** Since the target is a metal mine, a metal detector will be highly effective at detecting the metallic presence of the land mine, especially in dry and limy conditions where radar penetration may be hampered. Other technologies would be less efficient in this scenario.",/content/drive/MyDrive/Capstone/Output/2025-11-30_23-22-54/attentions/attn_0243.json
"**Recommendation:** Metal Detector
**Explanation:** Because the target is a land mine, which is made of metal, a metal detector is the most appropriate sensor to employ. Additionally, the dry and limy soil will allow the metal detector to function optimally given its reliance on electromagnetic induction.",/content/drive/MyDrive/Capstone/Output/2025-11-30_23-22-54/attentions/attn_0244.json
"**Recommendation:** Metal Detector
**Explanation:** Due to the shallow depth and humid soil conditions, the low signal and strong soil attenuation suggests a straightforward metal detection will be more effective at identifying a potential landmine than more complex radar analysis.",/content/drive/MyDrive/Capstone/Output/2025-11-30_23-22-54/attentions/attn_0245.json
"**Recommendation:** Metal Detector
**Explanation:** Given the humid and limy soil conditions, GPR penetration will be significantly reduced. A metal detector is more suitable for detecting metallic objects in this type of environment. The lack of a specified mine type allows for a general metallic detection strategy.",/content/drive/MyDrive/Capstone/Output/2025-11-30_23-22-54/attentions/attn_0246.json
"**Recommendation:** Metal Detector
**Explanation:** Given the target is a land mine, which is likely to be metallic, and the soil is humid and limy (potentially affecting GPR performance), a metal detector would be the most effective sensor for detecting the mine’s presence. GPR could be hampered by the soil conditions, whereas the metal detector is specifically designed to identify metallic objects.",/content/drive/MyDrive/Capstone/Output/2025-11-30_23-22-54/attentions/attn_0247.json
"**Recommendation:** Metal Detector
**Explanation:** Given the shallow depth and humid, limy soil, GPR signal penetration will be poor. A metal detector would be more sensitive to the metallic presence of the land mine, particularly at this close proximity.",/content/drive/MyDrive/Capstone/Output/2025-11-30_23-22-54/attentions/attn_0248.json
"**Recommendation:** Metal Detector
**Explanation:** A metal detector will be most effective at locating the metal components of the anti-tank land mine in the dry, sandy soil. The shallow depth further enhances the likelihood of the detector picking up the target’s signature.",/content/drive/MyDrive/Capstone/Output/2025-11-30_23-22-54/attentions/attn_0249.json
"**Recommendation:** Ground Penetrating Radar (GPR)
**Explanation:** GPR’s subsurface imaging capabilities are crucial for locating buried metal objects like land mines, especially in sandy soils which allow for better signal penetration. A metal detector would be less effective beneath the surface in these conditions.",/content/drive/MyDrive/Capstone/Output/2025-11-30_23-22-54/attentions/attn_0250.json
"**Recommendation:** Ground Penetrating Radar (GPR)
**Explanation:** Given the land mine’s metallic composition and the dry, sandy soil conditions, GPR is the superior choice for locating the target. GPR can effectively penetrate deeper into the ground and provide detailed subsurface information, while a metal detector would be limited by the depth and soil characteristics.",/content/drive/MyDrive/Capstone/Output/2025-11-30_23-22-54/attentions/attn_0251.json
"**Recommendation:** Metal Detector
**Explanation:** Given the dry, sandy soil and the metal composition of the target (anti-tank landmine), a metal detector is the most appropriate sensor to use. This sensor type excels in detecting metallic objects in relatively stable soil conditions, providing a good initial assessment of the area.",/content/drive/MyDrive/Capstone/Output/2025-11-30_23-22-54/attentions/attn_0252.json
"**Recommendation:** Metal Detector
**Explanation:** Given the target type (anti-tank mine), its heavy metallic composition, and the soil's sandy nature, a metal detector is the most logical choice to pinpoint the location of the mine. The humidity may slightly reduce the metal detector's performance, but its ability to directly detect metal is likely to be the most efficient method in this scenario.",/content/drive/MyDrive/Capstone/Output/2025-11-30_23-22-54/attentions/attn_0253.json
"**Recommendation:** Ground Penetrating Radar (GPR)
**Explanation:** Given the target is an anti-tank mine and the soil is humid/sandy, a ground penetrating radar would be most effective at detecting the buried metal. Humidity and the sandy soil will likely hinder a metal detector's performance, whereas GPR's radar waves penetrate these conditions reasonably well.",/content/drive/MyDrive/Capstone/Output/2025-11-30_23-22-54/attentions/attn_0254.json
"**Recommendation:** Metal Detector
**Explanation:** Given the target is a metallic anti-tank land mine and the soil is humid and sandy, a metal detector will be most effective at identifying the mine's metallic components. The humidity and sand are favorable conditions for metal detection, allowing for effective signal transmission and reception.",/content/drive/MyDrive/Capstone/Output/2025-11-30_23-22-54/attentions/attn_0255.json
"**Recommendation:** Metal Detector
**Explanation:** Given the presence of a significant metal target (anti-tank land mine) and relatively open sandy soil, a metal detector will likely provide a strong signal and be the most effective method for identifying the mine’s location. The humid conditions will not significantly impact its performance, and GPR would be less reliable due to signal scattering and attenuation.",/content/drive/MyDrive/Capstone/Output/2025-11-30_23-22-54/attentions/attn_0256.json
"**Recommendation:** Metal Detector
**Explanation:** With a relatively shallow depth and dry, conductive soil, a metal detector is the most effective sensor. Its electromagnetic field detection capabilities will easily identify the metallic components of the anti-tank land mine. GPR signal penetration would be weak, making it a less suitable option.",/content/drive/MyDrive/Capstone/Output/2025-11-30_23-22-54/attentions/attn_0257.json
"**Recommendation:** Metal Detector
**Explanation:** Given the nature of the anti-tank mine and the dry, humus soil conditions, a metal detector is the optimal choice. Its ability to detect metal with high precision will be particularly useful for identifying the mine's metallic components, which is crucial for safe and effective removal.",/content/drive/MyDrive/Capstone/Output/2025-11-30_23-22-54/attentions/attn_0258.json
"**Recommendation:** Metal Detector
**Explanation:** Due to the metallic nature of the anti-tank mine and the favorable dry, humus soil conditions, a metal detector is the most effective sensor for this scenario. GPR would be less effective at such shallow depths and potentially hampered by the soil composition, while a metal detector can directly identify the mine's metal components.",/content/drive/MyDrive/Capstone/Output/2025-11-30_23-22-54/attentions/attn_0259.json
"**Recommendation:** Metal Detector
**Explanation:** Due to the mine’s metallic composition and the impediment of a humid, humus-rich soil, a metal detector is the most suitable sensor. This type of sensor will effectively locate the buried mine based on its metallic signature, overcoming the limitations of ground penetrating radar in these conditions.",/content/drive/MyDrive/Capstone/Output/2025-11-30_23-22-54/attentions/attn_0260.json
"**Recommendation:** Metal Detector
**Explanation:** The target is a metal mine, and the soil conditions are likely to attenuate radar signals. A metal detector is a more appropriate tool for identifying metallic objects in humid soils.",/content/drive/MyDrive/Capstone/Output/2025-11-30_23-22-54/attentions/attn_0261.json
"**Recommendation:** Ground Penetrating Radar (GPR)
**Explanation:** The humid, humus-rich soil severely limits the effectiveness of GPR, making it unsuitable for this scenario. A metal detector is a more viable option due to the target's metallic construction as an anti-tank mine.",/content/drive/MyDrive/Capstone/Output/2025-11-30_23-22-54/attentions/attn_0262.json
"**Recommendation:** Ground Penetrating Radar (GPR)
**Explanation:** GPR can navigate the difficult soil conditions caused by the high moisture content and humus. It can provide a better visualization of the mine's location due to its ability to penetrate the soil layers and reveal the subsurface topography.",/content/drive/MyDrive/Capstone/Output/2025-11-30_23-22-54/attentions/attn_0263.json
"**Recommendation:** Ground Penetrating Radar (GPR)
**Explanation:** Due to the presence of an anti-tank land mine, which is typically made of metal, GPR is the most appropriate sensor for locating it. The dry, limy soil will allow radar waves to penetrate more effectively, enhancing the detection of the metallic target. While a metal detector could provide some indication, GPR offers a more targeted approach for locating underground objects.",/content/drive/MyDrive/Capstone/Output/2025-11-30_23-22-54/attentions/attn_0264.json
"**Recommendation:** Metal Detector
**Explanation:** The mine’s metallic construction, combined with the dry, limy soil, makes a metal detector the most suitable initial sensor. This type of soil will allow for effective signal propagation, assisting in the detection of buried metallic objects. A GPR would be useful to follow up once metal detection indicates an area to further explore.",/content/drive/MyDrive/Capstone/Output/2025-11-30_23-22-54/attentions/attn_0265.json
"**Recommendation:** Metal Detector
**Explanation:** The target is a landmine which is metallic. Dry and limy soils generally allow for good metal detector performance. Using a metal detector will be the most efficient way to locate the buried landmine.",/content/drive/MyDrive/Capstone/Output/2025-11-30_23-22-54/attentions/attn_0266.json
"**Recommendation:** Metal Detector
**Explanation:** A metal detector is appropriate because the mine is metallic and the soil conditions suggest good signal propagation. The shallow depth of the target minimizes the signal attenuation that would be experienced with a GPR, making the metal detector a more effective choice.",/content/drive/MyDrive/Capstone/Output/2025-11-30_23-22-54/attentions/attn_0267.json
"**Recommendation:** Metal Detector
**Explanation:** The humid, limy soil significantly reduces the effectiveness of GPR. A metal detector will be more effective at detecting the mine’s high metallic content, given the terrain's challenges.",/content/drive/MyDrive/Capstone/Output/2025-11-30_23-22-54/attentions/attn_0268.json
"**Recommendation:** Ground Penetrating Radar (GPR)
**Explanation:** The humid and limy soil will significantly hinder GPR's ability to penetrate and accurately detect the target. A metal detector, however, is directly designed to locate buried metallic objects, making it the superior choice for this situation despite the soil conditions.",/content/drive/MyDrive/Capstone/Output/2025-11-30_23-22-54/attentions/attn_0269.json
"**Recommendation:** Metal Detector
**Explanation:** A metal detector is ideal for detecting buried metallic objects, especially those with a strong signal like an anti-tank land mine. While the humid and limy soil may slightly impede the signal, the metallic nature of the mine makes the metal detector the more suitable option for this specific scenario.",/content/drive/MyDrive/Capstone/Output/2025-11-30_23-22-54/attentions/attn_0270.json
"**Recommendation:** Metal Detector
**Explanation:** The mine consists primarily of metal, and the soil conditions are conducive to metal detector usage. Using a GPR would be inefficient given the likely low penetration depth and high attenuation due to the soil.",/content/drive/MyDrive/Capstone/Output/2025-11-30_23-22-54/attentions/attn_0271.json
"**Recommendation:** Metal Detector
**Explanation:** The target is a metallic land mine, and the dry, sandy soil will allow for effective metal detection. GPR might be less sensitive given the conductive soil, making the metal detector the optimal choice for this scenario.",/content/drive/MyDrive/Capstone/Output/2025-11-30_23-22-54/attentions/attn_0272.json
"**Recommendation:** Ground Penetrating Radar (GPR)
**Explanation:** GPR is better suited for shallow depths and sandy soils, where it will be able to accurately assess the soil structure and effectively detect the target's burial depth and characteristics. Although a metal detector could provide initial confirmation, GPR offers a more comprehensive assessment of the underground environment in this scenario.",/content/drive/MyDrive/Capstone/Output/2025-11-30_23-22-54/attentions/attn_0273.json
"**Recommendation:** Ground Penetrating Radar (GPR)
**Explanation:** The dry and sandy soil is ideal for GPR operation, allowing deeper penetration and broader coverage. A metal detector might be sufficient for shallower targets, but GPR will be more effective at identifying the potential presence of the buried mine given its metallic composition.",/content/drive/MyDrive/Capstone/Output/2025-11-30_23-22-54/attentions/attn_0274.json
"**Recommendation:** Metal Detector
**Explanation:** Given the dry and sandy soil type and the target being a metallic land mine, a metal detector is the ideal sensor. Dry sand allows for good radar penetration, whereas a metal detector is designed specifically for locating metallic objects buried underground.",/content/drive/MyDrive/Capstone/Output/2025-11-30_23-22-54/attentions/attn_0275.json
"**Recommendation:** Metal Detector
**Explanation:** Given the humid and sandy soil conditions, GPR performance is expected to be significantly degraded. A metal detector, being less affected by soil moisture, will likely offer the best chance of detecting the metal mine based on its metallic composition.",/content/drive/MyDrive/Capstone/Output/2025-11-30_23-22-54/attentions/attn_0276.json
"**Recommendation:** Ground Penetrating Radar (GPR)
**Explanation:** Given the target's metallic nature and shallow depth in humid sandy soil, GPR is the more appropriate sensor. It can penetrate through the soil, provide detailed information about the object's location and depth, and is more reliable for finding metallic objects underground",/content/drive/MyDrive/Capstone/Output/2025-11-30_23-22-54/attentions/attn_0277.json
"**Recommendation:** Ground Penetrating Radar (GPR)
**Explanation:** Given the humid and sandy soil conditions and the target's metallic nature, GPR offers the best chance of detecting the mine's deeper signature. The relatively shallow depth indicates that a metal detector would be sufficient, however GPR can confirm the target exists and offers additional information about the subterranean environment.",/content/drive/MyDrive/Capstone/Output/2025-11-30_23-22-54/attentions/attn_0278.json
"**Recommendation:** Ground Penetrating Radar (GPR)
**Explanation:** The dry soil conditions with humus allow for decent GPR penetration. GPR is the better option for locating an underground target, specifically a land mine, as it can provide more detailed information about its shape and depth beyond what a metal detector could detect.",/content/drive/MyDrive/Capstone/Output/2025-11-30_23-22-54/attentions/attn_0279.json
"**Recommendation:** Metal Detector
**Explanation:** Given the target is a metallic land mine and the soil is dry, a metal detector will be the most effective sensor. The dry soil enhances conductivity, improving the detector’s ability to locate the metal object. GPR may be less sensitive in this case due to the metallic nature of the target.",/content/drive/MyDrive/Capstone/Output/2025-11-30_23-22-54/attentions/attn_0280.json
"**Recommendation:** Metal Detector
**Explanation:** Given the shallow depth of the target and the dry soil conditions, a metal detector is the most effective sensor for locating the land mine. The dry soil will minimize interference, and the target’s metallic composition will be detectable with a metal detector, allowing for a quick and accurate detection.",/content/drive/MyDrive/Capstone/Output/2025-11-30_23-22-54/attentions/attn_0281.json
"**Recommendation:** Metal Detector
**Explanation:** Given the target is a metallic anti-personnel land mine and the soil is dry and relatively shallow, a metal detector would be the most effective sensor for locating it. The dry soil conditions should provide good signal transmission for detecting metallic objects, and the shallow depth suggests the mine is close to the surface.",/content/drive/MyDrive/Capstone/Output/2025-11-30_23-22-54/attentions/attn_0282.json
"**Recommendation:** Metal Detector
**Explanation:** The high soil moisture and humus content would significantly degrade GPR signal penetration, reducing its effectiveness. A metal detector can effectively identify the metallic components of the land mine within this challenging soil environment.",/content/drive/MyDrive/Capstone/Output/2025-11-30_23-22-54/attentions/attn_0283.json
"**Recommendation:** Metal Detector
**Explanation:** Humid soil conditions dramatically reduce the penetration capabilities of Ground Penetrating Radar. Since the target is a metallic anti-personnel mine, a metal detector is the more reliable choice due to its ability to detect metal regardless of soil conditions.",/content/drive/MyDrive/Capstone/Output/2025-11-30_23-22-54/attentions/attn_0284.json
"**Recommendation:** Metal Detector
**Explanation:** Given the humid, humus-rich soil, GPR signals would likely be significantly weakened, hindering its ability to accurately detect the land mine. A metal detector is a more reliable choice for detecting metallic objects in this type of soil.",/content/drive/MyDrive/Capstone/Output/2025-11-30_23-22-54/attentions/attn_0285.json
"**Recommendation:** Metal Detector
**Explanation:** The humid soil with humus will heavily attenuate ground-penetrating radar signals. A metal detector will be more effective at locating the anti-personnel land mine, as it will be able to detect the metallic casing regardless of the soil conditions.",/content/drive/MyDrive/Capstone/Output/2025-11-30_23-22-54/attentions/attn_0286.json
"**Recommendation:** Metal Detector
**Explanation:** The shallow depth, dry and limy soil characteristics are ideal for a metal detector to locate the metallic anti-personnel landmine. GPR might work, but the soil conditions could degrade its performance, making the metal detector the more reliable choice.",/content/drive/MyDrive/Capstone/Output/2025-11-30_23-22-54/attentions/attn_0287.json
"**Recommendation:** Metal Detector
**Explanation:** Because the target is an anti-personnel mine, and it’s a metallic device, a metal detector would be more effective at detecting it than a GPR system. The shallow depth and dry soil conditions would also favor a metal detector's ability to identify the target.",/content/drive/MyDrive/Capstone/Output/2025-11-30_23-22-54/attentions/attn_0288.json
"**Recommendation:** Metal Detector
**Explanation:** Because the target is a land mine, which is typically metallic, a metal detector would efficiently detect its presence. The dry, limy soil provides a suitable environment for metal detection, minimizing signal interference.",/content/drive/MyDrive/Capstone/Output/2025-11-30_23-22-54/attentions/attn_0289.json
"**Recommendation:** Metal Detector
**Explanation:** Given the humid and limy soil conditions, GPR penetration will be significantly hindered. A metal detector will be more reliable for detecting the metallic components of the target land mine, even with the soil’s limitations.",/content/drive/MyDrive/Capstone/Output/2025-11-30_23-22-54/attentions/attn_0290.json
"**Recommendation:** Metal Detector
**Explanation:** The humid and limy soil will attenuate signals, but the target is an anti-personnel mine, which contains metal. Therefore, a metal detector is most effective to detect the mine in this scenario. GPR's performance would likely be significantly impacted.",/content/drive/MyDrive/Capstone/Output/2025-11-30_23-22-54/attentions/attn_0291.json
"**Recommendation:** Ground Penetrating Radar (GPR)
**Explanation:** The humid and limy soil conditions are expected to negatively impact the performance of a metal detector. GPR is the most appropriate sensor for this situation due to its ability to penetrate these types of soils and accurately detect the buried land mine.",/content/drive/MyDrive/Capstone/Output/2025-11-30_23-22-54/attentions/attn_0292.json
"**Recommendation:** Metal Detector
**Explanation:** The humid and limy soil will greatly reduce the penetration depth of GPR. A metal detector can effectively identify the metallic structure of the anti-personnel mine, providing a faster and more reliable detection method in this environment.",/content/drive/MyDrive/Capstone/Output/2025-11-30_23-22-54/attentions/attn_0293.json
"**Recommendation:** Ground Penetrating Radar (GPR)
**Explanation:** A dry and sandy soil composition allows for optimal radar wave penetration, increasing the chance of successfully detecting the metallic mine buried beneath. This GPR reading can confirm the presence and approximate location of the booby trap anti-personnel mine, improving safety during excavations.",/content/drive/MyDrive/Capstone/Output/2025-11-30_23-22-54/attentions/attn_0294.json
"**Recommendation:** Ground Penetrating Radar (GPR)
**Explanation:** The dry, sandy soil provides excellent penetration for GPR, allowing it to detect the buried land mine. A metal detector would struggle to detect a shallow-buried booby trap mine given the soil conditions.",/content/drive/MyDrive/Capstone/Output/2025-11-30_23-22-54/attentions/attn_0295.json
"**Recommendation:** Ground Penetrating Radar (GPR)
**Explanation:** The dry and sandy soil provides excellent radar penetration, allowing for detailed imaging of the target. Using GPR will provide a clearer image of the mine’s location and shape, which is critical for safely disarming it. A metal detector would be less effective due to the possibility of interference from other buried metallic objects.",/content/drive/MyDrive/Capstone/Output/2025-11-30_23-22-54/attentions/attn_0296.json
"**Recommendation:** Metal Detector
**Explanation:** A metal detector will be effective in identifying the mine's metallic components in dry, sandy soil. The shallow depth of 1 cm further supports the use of a metal detector, as it can easily detect buried metal objects.",/content/drive/MyDrive/Capstone/Output/2025-11-30_23-22-54/attentions/attn_0297.json
"**Recommendation:** Metal Detector
**Explanation:** Given the target is a metal land mine in humid, sandy soil, a metal detector is the most appropriate sensor to employ. The high signal from the mine combined with the sandy soil will allow it to be detected. Radar signals would be attenuated in this environment.",/content/drive/MyDrive/Capstone/Output/2025-11-30_23-22-54/attentions/attn_0298.json
"**Recommendation:** Ground Penetrating Radar (GPR)
**Explanation:** GPR can effectively penetrate the humid and sandy soil to detect the buried mine. It will better overcome the signal attenuation caused by the soil’s moisture and texture, allowing for a more accurate assessment of the mine’s location.",/content/drive/MyDrive/Capstone/Output/2025-11-30_23-22-54/attentions/attn_0299.json
"**Recommendation:** Ground Penetrating Radar (GPR)
**Explanation:** GPR will be most effective in humid and sandy soils, allowing for deeper penetration and a clearer image of the target buried underground. Because this is an anti-personnel land mine, it may not have metallic components and is easily missed by a metal detector.",/content/drive/MyDrive/Capstone/Output/2025-11-30_23-22-54/attentions/attn_0300.json
"**Recommendation:** Ground Penetrating Radar (GPR)
**Explanation:** Considering the land mine is a booby trap, there's a reasonable chance it's partially buried and could have metal components. The dry, humus soil will allow GPR signal to penetrate and create an image of the underground structures, while a metal detector might not be sensitive enough to locate a buried mine.",/content/drive/MyDrive/Capstone/Output/2025-11-30_23-22-54/attentions/attn_0301.json
"**Recommendation:** Metal Detector
**Explanation:** Because this is a booby trap, the most sensible first step would be to quickly scan for metallic components with a metal detector, allowing for a rapid initial assessment. The dry soil conditions will maximize signal detection, and while the humus could complicate matters, it doesn't fundamentally negate the benefit of the metal detector's ability to find metal.",/content/drive/MyDrive/Capstone/Output/2025-11-30_23-22-54/attentions/attn_0302.json
"**Recommendation:** Metal Detector
**Explanation:** The dry soil will allow the metal detector to effectively identify the metallic components of the land mine, which is crucial for locating this type of device. The humus may slightly degrade signal quality, but its generally not enough to make GPR preferable.",/content/drive/MyDrive/Capstone/Output/2025-11-30_23-22-54/attentions/attn_0303.json
"**Recommendation:** Metal Detector
**Explanation:** The dry and humus soil provides a good environment for metal detection. A metal detector will be effective at locating the buried anti-personnel mine due to its metallic composition.",/content/drive/MyDrive/Capstone/Output/2025-11-30_23-22-54/attentions/attn_0304.json
"**Recommendation:** Metal Detector
**Explanation:** The high humidity and humus content of the soil severely hinder the penetration of ground-penetrating radar. A metal detector is more appropriate for detecting metallic components like the mine’s triggering system, particularly at a shallow depth.",/content/drive/MyDrive/Capstone/Output/2025-11-30_23-22-54/attentions/attn_0305.json
"**Recommendation:** Metal Detector
**Explanation:** Given the target is a metallic anti-personnel land mine and the soil is moderately damp, a metal detector is the most appropriate choice. The metallic components will be detectable, and the dampness of the soil should not significantly impede the detection capabilities of the device.",/content/drive/MyDrive/Capstone/Output/2025-11-30_23-22-54/attentions/attn_0306.json
"**Recommendation:** Metal Detector
**Explanation:** The humid and humus-rich soil will significantly reduce the effectiveness of GPR, making a metal detector the better option. Because the target is a land mine (likely metallic), a metal detector is expected to provide a strong indication of its presence.",/content/drive/MyDrive/Capstone/Output/2025-11-30_23-22-54/attentions/attn_0307.json
"**Recommendation:** Metal Detector
**Explanation:** The dry, limy soil combined with the presence of a metallic mine makes a metal detector the most effective choice for locating the target quickly and efficiently. GPR would be less suitable in this scenario due to the lack of deep penetration requirements and favorable soil conditions.",/content/drive/MyDrive/Capstone/Output/2025-11-30_23-22-54/attentions/attn_0308.json
"**Recommendation:** Metal Detector
**Explanation:** Because the target is a metal mine, and the soil is dry and limy—providing good conditions for a metal detector—it is reasonable to recommend using a metal detector. The shallow depth of the target doesn't necessitate the higher resolution that GPR offers.",/content/drive/MyDrive/Capstone/Output/2025-11-30_23-22-54/attentions/attn_0309.json
"**Recommendation:** Metal Detector
**Explanation:** Given the shallow depth, dry soil, and the metallic nature of the target (a booby trap anti-personnel land mine), a metal detector is the most efficient tool for pinpointing the location of the mine. The dry, limy soil conditions will not significantly hinder the metal detector's ability to sense the mine's metallic components.",/content/drive/MyDrive/Capstone/Output/2025-11-30_23-22-54/attentions/attn_0310.json
"**Recommendation:** Metal Detector
**Explanation:** A metal detector will be sensitive to the metallic components of the land mine, allowing for its detection even within dry, limy soil. GPR might have difficulty penetrating this soil type effectively, and a metal detector is quicker and more practical for locating a known target like a land mine.",/content/drive/MyDrive/Capstone/Output/2025-11-30_23-22-54/attentions/attn_0311.json
"**Recommendation:** Metal Detector
**Explanation:** The humid and limy soil will limit the penetration of ground-penetrating radar, making it less ideal for this scenario. A metal detector is the more suitable sensor because the mine is a metal-containing booby-trap, and the shallow depth suggests it is easily detected with this technology.",/content/drive/MyDrive/Capstone/Output/2025-11-30_23-22-54/attentions/attn_0312.json
"**Recommendation:** Metal Detector
**Explanation:** The humid and limy soil conditions will weaken radar signals, making GPR less effective. The identified mine type is metallic, which a metal detector can readily detect, providing the first pass for potential mine detection.",/content/drive/MyDrive/Capstone/Output/2025-11-30_23-22-54/attentions/attn_0313.json
"**Recommendation:** Metal Detector
**Explanation:** A metal detector will be most effective for detecting the metallic components of the booby trap land mine, considering the humid and limy soil conditions will likely attenuate ground-penetrating radar signals. The detection of metallic signatures will assist in identifying the land mine’s location and properties.",/content/drive/MyDrive/Capstone/Output/2025-11-30_23-22-54/attentions/attn_0314.json
"**Recommendation:** Ground Penetrating Radar (GPR)
**Explanation:** The humid and limy soil dramatically impacts the effectiveness of a metal detector. GPR utilizes radar waves to image the subsurface, allowing it to penetrate the soil and detect the target mine even in these unfavorable conditions.",/content/drive/MyDrive/Capstone/Output/2025-11-30_23-22-54/attentions/attn_0315.json
"**Recommendation:** Ground Penetrating Radar (GPR)
**Explanation:** Dry and sandy soils will allow for good penetration with GPR. A metal detector might not have sufficient sensitivity to detect the metallic nature of the M14 land mine in this type of soil, especially at a shallow depth like 0.09 cm.",/content/drive/MyDrive/Capstone/Output/2025-11-30_23-22-54/attentions/attn_0316.json
"**Recommendation:** Metal Detector
**Explanation:** The dry, sandy soil conditions are ideal for a metal detector, and the mine is likely composed of metal. The weak voltage signals will still be detected and give readings with sufficient depth to locate the mine.",/content/drive/MyDrive/Capstone/Output/2025-11-30_23-22-54/attentions/attn_0317.json
"**Recommendation:** Metal Detector
**Explanation:** The target is a metal mine, and the soil is dry and sandy. A metal detector is the best option for quickly identifying the target given the shallow depth and favorable soil conditions.",/content/drive/MyDrive/Capstone/Output/2025-11-30_23-22-54/attentions/attn_0318.json
"**Recommendation:** Metal Detector
**Explanation:** A metal detector is most appropriate because the target is a metal mine (M14), and the soil conditions are favorable (dry and sandy) for metal detection. GPR may provide more detail, but a metal detector will efficiently locate the presence of the metallic land mine in this scenario.",/content/drive/MyDrive/Capstone/Output/2025-11-30_23-22-54/attentions/attn_0319.json
"**Recommendation:** Metal Detector
**Explanation:** The humid, sandy soil environment is not ideal for GPR, but the M14 mine's metallic composition makes a metal detector the most suitable tool for detection. It will be able to detect the presence of the mine’s metal casing and/or explosive components.",/content/drive/MyDrive/Capstone/Output/2025-11-30_23-22-54/attentions/attn_0320.json
"**Recommendation:** Ground Penetrating Radar (GPR)
**Explanation:** Sandy soil supports GPR penetration, and the target is a metallic land mine. GPR can effectively locate buried metallic objects, making it the superior choice compared to a metal detector in these conditions.",/content/drive/MyDrive/Capstone/Output/2025-11-30_23-22-54/attentions/attn_0321.json
"**Recommendation:** Metal Detector
**Explanation:** The humid and sandy soil, while potentially weakening GPR signals, doesn't outweigh the known metallic composition of the M14 landmine. A metal detector will provide the most accurate and rapid detection of the target within the specified conditions.",/content/drive/MyDrive/Capstone/Output/2025-11-30_23-22-54/attentions/attn_0322.json
"**Recommendation:** Metal Detector
**Explanation:** The humid and sandy soil, coupled with the target being an M14 land mine, heavily favors using a metal detector. This type of soil will allow for sufficient signal penetration for metal detection, and the mine’s metallic makeup will provide a strong and clear signal.",/content/drive/MyDrive/Capstone/Output/2025-11-30_23-22-54/attentions/attn_0323.json
"**Recommendation:** Metal Detector
**Explanation:** Given the target is a metallic mine and the soil is dry, a metal detector is the most suitable option. The dry conditions will enhance the signal, maximizing the probability of detection. Ground Penetrating Radar (GPR) would likely be less effective due to the dry soil's properties.",/content/drive/MyDrive/Capstone/Output/2025-11-30_23-22-54/attentions/attn_0324.json
"**Recommendation:** Metal Detector
**Explanation:** The M14 landmine is a metallic target and the soil is dry. A metal detector will be best at detecting the mine’s metallic component, while GPR would be less effective with the dry, humus soil.",/content/drive/MyDrive/Capstone/Output/2025-11-30_23-22-54/attentions/attn_0325.json
"**Recommendation:** Metal Detector
**Explanation:** Given the high moisture content in the soil (humus included), ground-penetrating radar (GPR) is likely to be significantly attenuated. A metal detector is the most suitable option for locating the metallic M14 land mine because it directly detects metal objects and won't be as affected by soil conditions.",/content/drive/MyDrive/Capstone/Output/2025-11-30_23-22-54/attentions/attn_0326.json
"**Recommendation:** Ground Penetrating Radar (GPR)
**Explanation:** Humid soil and the presence of humus create an electrically conductive environment that degrades the performance of metal detectors. GPR’s radar signal is less susceptible to these factors and can effectively penetrate deeper to locate the buried mine, providing a clearer image of its position.",/content/drive/MyDrive/Capstone/Output/2025-11-30_23-22-54/attentions/attn_0327.json
"**Recommendation:** Metal Detector
**Explanation:** The high humidity and humus content of the soil will likely degrade Ground Penetrating Radar performance, hindering its ability to detect the metallic target. A metal detector’s sensitivity to metallic objects will remain reliable in this environment, offering the best chance of detection.",/content/drive/MyDrive/Capstone/Output/2025-11-30_23-22-54/attentions/attn_0328.json
"**Recommendation:** Ground Penetrating Radar (GPR)
**Explanation:** The high moisture and humus content of the soil will significantly impede the performance of a metal detector. GPR, on the other hand, can penetrate through soil and identify subsurface anomalies regardless of moisture, allowing for better detection of the mine's metallic signature.",/content/drive/MyDrive/Capstone/Output/2025-11-30_23-22-54/attentions/attn_0329.json
"**Recommendation:** Ground Penetrating Radar (GPR)
**Explanation:** Due to the low voltage, dry and limy soil, which creates dense soil conditions hindering electromagnetic wave penetration, GPR is the most suitable choice. GPR can more effectively penetrate the ground to detect the buried M14 land mine.",/content/drive/MyDrive/Capstone/Output/2025-11-30_23-22-54/attentions/attn_0330.json
"**Recommendation:** Metal Detector
**Explanation:** Because the target is a metal mine, and the soil is conducive to metal detection, a metal detector is the most suitable sensor for this scenario. It will quickly and efficiently locate the buried mine components due to its sensitivity to metallic objects.",/content/drive/MyDrive/Capstone/Output/2025-11-30_23-22-54/attentions/attn_0331.json
"**Recommendation:** Metal Detector
**Explanation:** The shallow depth combined with dry, limy soil makes a metal detector the most suitable sensor for detecting the land mine. Since the mine is primarily metal, this type of sensor will be effective in locating the object.",/content/drive/MyDrive/Capstone/Output/2025-11-30_23-22-54/attentions/attn_0332.json
"**Recommendation:** Metal Detector
**Explanation:** A metal detector would be the most efficient choice due to the land mine's metallic composition. Dry, limy soils will not significantly impede the detection of metallic objects. Using a GPR would be unnecessary in this scenario, as the mine's metal content is the primary indicator.",/content/drive/MyDrive/Capstone/Output/2025-11-30_23-22-54/attentions/attn_0333.json
"**Recommendation:** Metal Detector
**Explanation:** A metal detector can easily detect the metallic components of the land mine given the moist and limy soil conditions. The presence of metal is a strong indicator for this type of explosive device.",/content/drive/MyDrive/Capstone/Output/2025-11-30_23-22-54/attentions/attn_0334.json
"**Recommendation:** Metal Detector
**Explanation:** The humid and limy soil will impede the penetration of ground-penetrating radar signals. A metal detector will be more effective in locating the metallic shell of the M14 landmine buried underground.",/content/drive/MyDrive/Capstone/Output/2025-11-30_23-22-54/attentions/attn_0335.json
"**Recommendation:** Metal Detector
**Explanation:** Due to the target being a metallic land mine and the soil conditions reducing the effectiveness of radar, a metal detector is the most suitable sensor. Its ability to directly detect metallic objects at shallow depths would be far more reliable in this environment than ground-penetrating radar.",/content/drive/MyDrive/Capstone/Output/2025-11-30_23-22-54/attentions/attn_0336.json
"**Recommendation:** Metal Detector
**Explanation:** The humid and limy soil will significantly impede ground penetrating radar, while a metal detector will be able to detect the metal casing of the M14 anti-personnel land mine. The mine's metallic composition will provide a strong signal for the detector, even through the soil conditions.",/content/drive/MyDrive/Capstone/Output/2025-11-30_23-22-54/attentions/attn_0337.json