full_response,attention_file
"You are a sensor expert. Given the following situation:
Context: Voltage: 0.338156758 V, Height: 0 cm, Soil Type: Dry and Sandy
Target: Land mine Mine Type: NA

Recommend the most appropriate type of sensor to detect the target and briefly explain why. Be concise.

**Recommendation:**
Ground Penetrating Radar (GPR)

**Explanation:**
GPR is ideal for detecting buried objects like landmines, as it transmits radar pulses into the ground and analyzes the reflected signals to create an image of subsurface features. The dry and sandy soil type is suitable for GPR operation, and the low voltage reading (0.338 V) is not a significant factor for this sensor type.",/content/drive/MyDrive/Capstone/Output/2025-11-24_23-21-37/attentions/attn_0000.json
"You are a sensor expert. Given the following situation:
Context: Voltage: 0.320241334 V, Height: 0.181818182 cm, Soil Type: Dry and Sandy
Target: Land mine Mine Type: NA

Recommend the most appropriate type of sensor to detect the target and briefly explain why. Be concise.

**Recommendation:**
Ground Penetrating Radar (GPR)

**Explanation:**
GPR is ideal for detecting buried objects like landmines, as it transmits radar pulses into the ground and analyzes the reflected signals to identify subsurface anomalies. The dry and sandy soil type is suitable for GPR operation.",/content/drive/MyDrive/Capstone/Output/2025-11-24_23-21-37/attentions/attn_0001.json
"You are a sensor expert. Given the following situation:
Context: Voltage: 0.28700875 V, Height: 0.272727273 cm, Soil Type: Dry and Sandy
Target: Land mine Mine Type: NA

Recommend the most appropriate type of sensor to detect the target and briefly explain why. Be concise.

**Recommendation:**
Ground Penetrating Radar (GPR)

**Explanation:**
GPR is ideal for detecting buried objects like landmines. It transmits radar pulses into the ground and analyzes the reflected signals to create an image of the subsurface. This technique can effectively identify anomalies caused by the presence of a landmine, regardless of the soil type or vegetation cover.",/content/drive/MyDrive/Capstone/Output/2025-11-24_23-21-37/attentions/attn_0002.json
"You are a sensor expert. Given the following situation:
Context: Voltage: 0.256283622 V, Height: 0.454545455 cm, Soil Type: Dry and Sandy
Target: Land mine Mine Type: NA

Recommend the most appropriate type of sensor to detect the target and briefly explain why. Be concise.

**Recommendation:**
Ground Penetrating Radar (GPR)

**Explanation:**
GPR is ideal for detecting buried objects like landmines, particularly in sandy soil. It transmits radar pulses into the ground, and the reflections from the mine’s metallic body are used to locate it.",/content/drive/MyDrive/Capstone/Output/2025-11-24_23-21-37/attentions/attn_0003.json
"You are a sensor expert. Given the following situation:
Context: Voltage: 0.262839599 V, Height: 0.545454545 cm, Soil Type: Dry and Sandy
Target: Land mine Mine Type: NA

Recommend the most appropriate type of sensor to detect the target and briefly explain why. Be concise.

Recommendation:
Ground Penetrating Radar (GPR)
Explanation:  Given the dry and sandy soil type, GPR is ideal for detecting buried objects like landmines without soil disturbance.",/content/drive/MyDrive/Capstone/Output/2025-11-24_23-21-37/attentions/attn_0004.json
"You are a sensor expert. Given the following situation:
Context: Voltage: 0.240966463 V, Height: 0.727272727 cm, Soil Type: Dry and Sandy
Target: Land mine Mine Type: NA

Recommend the most appropriate type of sensor to detect the target and briefly explain why. Be concise.

**Recommendation:**
Ground Penetrating Radar (GPR)

**Explanation:**
GPR is ideal for detecting buried objects like landmines, especially in dry and sandy soil. It transmits radar pulses into the ground and analyzes the reflected signals to map subsurface anomalies, revealing the presence of metallic landmines.",/content/drive/MyDrive/Capstone/Output/2025-11-24_23-21-37/attentions/attn_0005.json
"You are a sensor expert. Given the following situation:
Context: Voltage: 0.254410486 V, Height: 0.818181818 cm, Soil Type: Dry and Sandy
Target: Land mine Mine Type: NA

Recommend the most appropriate type of sensor to detect the target and briefly explain why. Be concise.

**Recommendation:**
Ground Penetrating Radar (GPR)

**Explanation:**
GPR is ideal for detecting buried objects like landmines, as it can penetrate the ground and create a subsurface image revealing metal or other materials. The dry and sandy soil type is suitable for GPR operation.",/content/drive/MyDrive/Capstone/Output/2025-11-24_23-21-37/attentions/attn_0006.json
"You are a sensor expert. Given the following situation:
Context: Voltage: 0.234924175 V, Height: 1 cm, Soil Type: Dry and Sandy
Target: Land mine Mine Type: NA

Recommend the most appropriate type of sensor to detect the target and briefly explain why. Be concise.

**Recommendation:**
Ground Penetrating Radar (GPR)

**Explanation:**
GPR is ideal for detecting buried objects like landmines, particularly in dry and sandy soil. It transmits electromagnetic pulses into the ground and analyzes the reflected signals to create an image of the subsurface, revealing the presence of metallic objects. The dry, sandy soil is suitable for GPR operation as it provides good signal propagation.",/content/drive/MyDrive/Capstone/Output/2025-11-24_23-21-37/attentions/attn_0007.json
"You are a sensor expert. Given the following situation:
Context: Voltage: 0.353473918 V, Height: 0 cm, Soil Type: Humid and Sandy
Target: Land mine Mine Type: NA

Recommend the most appropriate type of sensor to detect the target and briefly explain why. Be concise.

**Recommendation:** Metal Detector

**Explanation:** Given the low voltage, lack of height information, and humid/sandy soil type, a metal detector is the most suitable sensor. It directly targets the metal composition of landmines, which is the primary detection method regardless of environmental conditions.",/content/drive/MyDrive/Capstone/Output/2025-11-24_23-21-37/attentions/attn_0008.json
"You are a sensor expert. Given the following situation:
Context: Voltage: 0.335347054 V, Height: 0.181818182 cm, Soil Type: Humid and Sandy
Target: Land mine Mine Type: NA

Recommend the most appropriate type of sensor to detect the target and briefly explain why. Be concise.

**Recommendation:**
Ground Penetrating Radar (GPR)

**Explanation:**
GPR is ideal for detecting buried objects like landmines, as it transmits radio waves into the ground and analyzes the reflected signals to create an image of the subsurface. The soil type (humid and sandy) is suitable for GPR operation.",/content/drive/MyDrive/Capstone/Output/2025-11-24_23-21-37/attentions/attn_0009.json
"You are a sensor expert. Given the following situation:
Context: Voltage: 0.335347054 V, Height: 0.272727273 cm, Soil Type: Humid and Sandy
Target: Land mine Mine Type: NA

Recommend the most appropriate type of sensor to detect the target and briefly explain why. Be concise.

**Recommendation:**
Ground Penetrating Radar (GPR)

**Explanation:**
GPR is ideal for detecting buried objects like landmines, which are often hidden beneath the surface. It sends radio waves into the ground and analyzes the reflected signals to create an image of the subsurface. The soil type (humid and sandy) is suitable for GPR operation.",/content/drive/MyDrive/Capstone/Output/2025-11-24_23-21-37/attentions/attn_0010.json
"You are a sensor expert. Given the following situation:
Context: Voltage: 0.330029894 V, Height: 0.454545455 cm, Soil Type: Humid and Sandy
Target: Land mine Mine Type: NA

Recommend the most appropriate type of sensor to detect the target and briefly explain why. Be concise.

**Recommendation:**
Ground Penetrating Radar (GPR)

**Explanation:**
GPR is best suited for detecting buried objects like landmines, as it can penetrate the soil and identify anomalies in the subsurface caused by the mine's metallic composition. The soil type (humid and sandy) is suitable for GPR operation.",/content/drive/MyDrive/Capstone/Output/2025-11-24_23-21-37/attentions/attn_0011.json
"You are a sensor expert. Given the following situation:
Context: Voltage: 0.335347054 V, Height: 0.545454545 cm, Soil Type: Humid and Sandy
Target: Land mine Mine Type: NA

Recommend the most appropriate type of sensor to detect the target and briefly explain why. Be concise.

**Recommendation:**
Ground Penetrating Radar (GPR)

**Explanation:**
GPR is ideal for detecting buried objects like landmines, as it can penetrate the soil and map subsurface anomalies caused by the mine's presence. The soil type (humid and sandy) is suitable for GPR operation.",/content/drive/MyDrive/Capstone/Output/2025-11-24_23-21-37/attentions/attn_0012.json
"You are a sensor expert. Given the following situation:
Context: Voltage: 0.305135614 V, Height: 0.727272727 cm, Soil Type: Humid and Sandy
Target: Land mine Mine Type: NA

Recommend the most appropriate type of sensor to detect the target and briefly explain why. Be concise.

**Recommendation:**
Ground Penetrating Radar (GPR)

**Explanation:**
GPR is ideal for detecting buried objects like landmines, as it can penetrate the soil and generate images of subsurface features. The soil type (humid and sandy) is suitable for GPR operation.",/content/drive/MyDrive/Capstone/Output/2025-11-24_23-21-37/attentions/attn_0013.json
"You are a sensor expert. Given the following situation:
Context: Voltage: 0.256283622 V, Height: 0.818181818 cm, Soil Type: Humid and Sandy
Target: Land mine Mine Type: NA

Recommend the most appropriate type of sensor to detect the target and briefly explain why. Be concise.

**Recommendation:**
Ground Penetrating Radar (GPR)

**Explanation:**
GPR is ideal for detecting buried objects like land mines, as it can penetrate the soil and create a subsurface image, revealing the target’s location without physically disturbing the ground. The soil type (humid and sandy) is suitable for GPR operation.",/content/drive/MyDrive/Capstone/Output/2025-11-24_23-21-37/attentions/attn_0014.json
"You are a sensor expert. Given the following situation:
Context: Voltage: 0.235649303 V, Height: 1 cm, Soil Type: Humid and Sandy
Target: Land mine Mine Type: NA

Recommend the most appropriate type of sensor to detect the target and briefly explain why. Be concise.

**Recommendation:**
Ground Penetrating Radar (GPR)

**Explanation:**
GPR is ideal for detecting buried objects like landmines without disturbing the soil. It transmits radio waves into the ground and analyzes the reflected signals to map underground features. The soil type (humid and sandy) is suitable for GPR operation.",/content/drive/MyDrive/Capstone/Output/2025-11-24_23-21-37/attentions/attn_0015.json
"You are a sensor expert. Given the following situation:
Context: Voltage: 0.315347054 V, Height: 0 cm, Soil Type: Dry and Humus
Target: Land mine Mine Type: NA

Recommend the most appropriate type of sensor to detect the target and briefly explain why. Be concise.

**Recommendation:** Ground Penetrating Radar (GPR)

**Explanation:** GPR can detect buried objects like landmines by analyzing subsurface changes in electrical properties, regardless of soil type.",/content/drive/MyDrive/Capstone/Output/2025-11-24_23-21-37/attentions/attn_0016.json
"You are a sensor expert. Given the following situation:
Context: Voltage: 0.283987607 V, Height: 0.181818182 cm, Soil Type: Dry and Humus
Target: Land mine Mine Type: NA

Recommend the most appropriate type of sensor to detect the target and briefly explain why. Be concise.

**Recommendation:** Ground Penetrating Radar (GPR)

**Explanation:** The soil type (Dry and Humus) can significantly attenuate electromagnetic waves, making it difficult for traditional sensors to detect a buried land mine. GPR transmits radar pulses into the ground and analyzes the reflected signals to create an image of subsurface objects, effectively bypassing the soil's limitations.",/content/drive/MyDrive/Capstone/Output/2025-11-24_23-21-37/attentions/attn_0017.json
"You are a sensor expert. Given the following situation:
Context: Voltage: 0.303262478 V, Height: 0.272727273 cm, Soil Type: Dry and Humus
Target: Land mine Mine Type: NA

Recommend the most appropriate type of sensor to detect the target and briefly explain why. Be concise.

**Recommendation:**
Ground Penetrating Radar (GPR)

**Explanation:**
GPR can effectively detect buried objects like land mines by analyzing the subsurface soil structure and identifying anomalies caused by the mine's presence.  The soil type (dry and humus) is suitable for GPR operation.",/content/drive/MyDrive/Capstone/Output/2025-11-24_23-21-37/attentions/attn_0018.json
"You are a sensor expert. Given the following situation:
Context: Voltage: 0.274924175 V, Height: 0.454545455 cm, Soil Type: Dry and Humus
Target: Land mine Mine Type: NA

Recommend the most appropriate type of sensor to detect the target and briefly explain why. Be concise.

**Recommendation:**
Ground-Penetrating Radar (GPR)

**Explanation:**
GPR is best suited for detecting buried objects like landmines, as it transmits radio waves into the ground and analyzes the reflected signals to map subsurface anomalies. The soil type (dry and humus) is not ideal for GPR but the height and voltage readings are not relevant for mine detection.",/content/drive/MyDrive/Capstone/Output/2025-11-24_23-21-37/attentions/attn_0019.json
"You are a sensor expert. Given the following situation:
Context: Voltage: 0.260029894 V, Height: 0.545454545 cm, Soil Type: Dry and Humus
Target: Land mine Mine Type: NA

Recommend the most appropriate type of sensor to detect the target and briefly explain why. Be concise.

**Recommendation:**
Ground Penetrating Radar (GPR)

**Explanation:**
GPR is ideal for detecting buried objects like landmines, as it can penetrate the soil and identify anomalies in the subsurface caused by the mine's metallic components.",/content/drive/MyDrive/Capstone/Output/2025-11-24_23-21-37/attentions/attn_0020.json
"You are a sensor expert. Given the following situation:
Context: Voltage: 0.259818455 V, Height: 0.727272727 cm, Soil Type: Dry and Humus
Target: Land mine Mine Type: NA

Recommend the most appropriate type of sensor to detect the target and briefly explain why. Be concise.

**Recommendation:**
Ground Penetrating Radar (GPR)

**Explanation:**
GPR can detect buried objects like landmines by analyzing subsurface reflections. The soil type (dry and humus) is suitable for GPR operation, and the height information (0.727272727 cm) can help refine the scanning area.",/content/drive/MyDrive/Capstone/Output/2025-11-24_23-21-37/attentions/attn_0021.json
"You are a sensor expert. Given the following situation:
Context: Voltage: 0.283987607 V, Height: 0.818181818 cm, Soil Type: Dry and Humus
Target: Land mine Mine Type: NA

Recommend the most appropriate type of sensor to detect the target and briefly explain why. Be concise.

Recommendation: Ground Penetrating Radar (GPR)

Explanation: Soil type (Dry and Humus) can significantly affect the performance of traditional metal detectors. GPR can penetrate the soil and detect subsurface anomalies, which could indicate the presence of a land mine, regardless of its material.",/content/drive/MyDrive/Capstone/Output/2025-11-24_23-21-37/attentions/attn_0022.json
"You are a sensor expert. Given the following situation:
Context: Voltage: 0.265860743 V, Height: 1 cm, Soil Type: Dry and Humus
Target: Land mine Mine Type: NA

Recommend the most appropriate type of sensor to detect the target and briefly explain why. Be concise.
**Recommendation:** Ground Penetrating Radar (GPR)

**Explanation:** GPR can effectively detect buried objects like landmines by emitting radar pulses into the ground and analyzing the reflected signals. The soil type (dry and humus) is suitable for GPR operation.",/content/drive/MyDrive/Capstone/Output/2025-11-24_23-21-37/attentions/attn_0023.json
"You are a sensor expert. Given the following situation:
Context: Voltage: 0.323051038 V, Height: 0 cm, Soil Type: Humid and Humus
Target: Land mine Mine Type: NA

Recommend the most appropriate type of sensor to detect the target and briefly explain why. Be concise.

**Recommendation:** Ground Penetrating Radar (GPR)

**Explanation:** GPR is ideal for detecting buried objects like landmines, as it transmits radar pulses into the ground and analyzes the reflected signals to identify anomalies and potential mine locations. The soil type (humid and humus) is suitable for GPR operation.",/content/drive/MyDrive/Capstone/Output/2025-11-24_23-21-37/attentions/attn_0024.json
"You are a sensor expert. Given the following situation:
Context: Voltage: 0.305135614 V, Height: 0.181818182 cm, Soil Type: Humid and Humus
Target: Land mine Mine Type: NA

Recommend the most appropriate type of sensor to detect the target and briefly explain why. Be concise.

**Recommendation:**
Ground Penetrating Radar (GPR)

**Explanation:**
GPR is ideal for detecting buried objects like landmines without disturbing the soil. It transmits radio waves into the ground and analyzes the reflected signals to create a subsurface image, effectively mapping the location of the mine.",/content/drive/MyDrive/Capstone/Output/2025-11-24_23-21-37/attentions/attn_0025.json
"You are a sensor expert. Given the following situation:
Context: Voltage: 0.314199046 V, Height: 0.272727273 cm, Soil Type: Humid and Humus
Target: Land mine Mine Type: NA

Recommend the most appropriate type of sensor to detect the target and briefly explain why. Be concise.

**Recommendation:**
Ground Penetrating Radar (GPR)

**Explanation:**
GPR is ideal for detecting buried objects like landmines without disturbing the soil. It transmits radar pulses into the ground, and the reflections from any object (including a mine) provide information about its location and depth. The soil type (humid and humus) is suitable for GPR operation.",/content/drive/MyDrive/Capstone/Output/2025-11-24_23-21-37/attentions/attn_0026.json
"You are a sensor expert. Given the following situation:
Context: Voltage: 0.30211447 V, Height: 0.454545455 cm, Soil Type: Humid and Humus
Target: Land mine Mine Type: NA

Recommend the most appropriate type of sensor to detect the target and briefly explain why. Be concise.

**Recommendation: Ground Penetrating Radar (GPR)**

**Explanation:** GPR can effectively detect buried objects like landmines by analyzing the subsurface soil structure and identifying anomalies indicative of a metallic object. The soil type (humid and humus) is suitable for GPR operation.",/content/drive/MyDrive/Capstone/Output/2025-11-24_23-21-37/attentions/attn_0027.json
"You are a sensor expert. Given the following situation:
Context: Voltage: 0.323262478 V, Height: 0.545454545 cm, Soil Type: Humid and Humus
Target: Land mine Mine Type: NA

Recommend the most appropriate type of sensor to detect the target and briefly explain why. Be concise.

**Recommendation:**
Ground Penetrating Radar (GPR)

**Explanation:**
GPR is ideal for detecting buried objects like landmines without disturbing the soil. It analyzes the subsurface radar reflections to identify anomalies indicative of mine presence.",/content/drive/MyDrive/Capstone/Output/2025-11-24_23-21-37/attentions/attn_0028.json
"You are a sensor expert. Given the following situation:
Context: Voltage: 0.314199046 V, Height: 0.727272727 cm, Soil Type: Humid and Humus
Target: Land mine Mine Type: NA

Recommend the most appropriate type of sensor to detect the target and briefly explain why. Be concise.

**Recommendation:**
Ground Penetrating Radar (GPR)

**Explanation:**
GPR is best suited for detecting buried objects like landmines, as it can penetrate the soil and create an image of the subsurface. The soil type (humid and humus) is suitable for GPR operation, and the voltage reading (0.314199046 V) doesn't provide enough information to determine the target.",/content/drive/MyDrive/Capstone/Output/2025-11-24_23-21-37/attentions/attn_0029.json
"You are a sensor expert. Given the following situation:
Context: Voltage: 0.323262478 V, Height: 0.818181818 cm, Soil Type: Humid and Humus
Target: Land mine Mine Type: NA

Recommend the most appropriate type of sensor to detect the target and briefly explain why. Be concise.

**Recommendation:**
Ground Penetrating Radar (GPR)

**Explanation:**
GPR is ideal for detecting subsurface objects like land mines, as it transmits radar pulses into the ground and analyzes the reflected signals to create a map of the soil's structure and identify anomalies indicative of buried objects. The soil type (humid and humus) is suitable for GPR operation.",/content/drive/MyDrive/Capstone/Output/2025-11-24_23-21-37/attentions/attn_0030.json
"You are a sensor expert. Given the following situation:
Context: Voltage: 0.274199046 V, Height: 1 cm, Soil Type: Humid and Humus
Target: Land mine Mine Type: NA

Recommend the most appropriate type of sensor to detect the target and briefly explain why. Be concise.

**Recommendation: Ground Penetrating Radar (GPR)**

**Explanation:** GPR can effectively detect buried objects like landmines, utilizing radar pulses to image the subsurface. The humid soil and humus content won't significantly impede the radar signal, and the low voltage reading suggests a shallow target depth (1cm), making GPR ideal.",/content/drive/MyDrive/Capstone/Output/2025-11-24_23-21-37/attentions/attn_0031.json
"You are a sensor expert. Given the following situation:
Context: Voltage: 0.34743163 V, Height: 0 cm, Soil Type: Dry and Limy
Target: Land mine Mine Type: NA

Recommend the most appropriate type of sensor to detect the target and briefly explain why. Be concise.

**Recommendation:**
VLF (Very Low Frequency) detector.

**Explanation:**
VLF detectors are effective at detecting the electromagnetic fields generated by metal objects like landmines, particularly when they are partially buried. The dry, limy soil might slightly attenuate the signal, but VLF is still the most appropriate choice.",/content/drive/MyDrive/Capstone/Output/2025-11-24_23-21-37/attentions/attn_0032.json
"You are a sensor expert. Given the following situation:
Context: Voltage: 0.341691591 V, Height: 0.181818182 cm, Soil Type: Dry and Limy
Target: Land mine Mine Type: NA

Recommend the most appropriate type of sensor to detect the target and briefly explain why. Be concise.

**Recommendation:**
Ground Penetrating Radar (GPR)

**Explanation:**
GPR is ideal for detecting buried objects like landmines, as it can image the subsurface and identify anomalies in the soil without excavation. The dry, limy soil conditions are suitable for GPR operation.",/content/drive/MyDrive/Capstone/Output/2025-11-24_23-21-37/attentions/attn_0033.json
"You are a sensor expert. Given the following situation:
Context: Voltage: 0.296072182 V, Height: 0.272727273 cm, Soil Type: Dry and Limy
Target: Land mine Mine Type: NA

Recommend the most appropriate type of sensor to detect the target and briefly explain why. Be concise.

**Recommendation:**
Ground Penetrating Radar (GPR)

**Explanation:**
GPR is best suited for detecting buried objects like landmines, as it can penetrate the soil and identify anomalies in the subsurface. The soil type (Dry and Limy) is not a major impediment to GPR operation.",/content/drive/MyDrive/Capstone/Output/2025-11-24_23-21-37/attentions/attn_0034.json
"You are a sensor expert. Given the following situation:
Context: Voltage: 0.310398761 V, Height: 0.454545455 cm, Soil Type: Dry and Limy
Target: Land mine Mine Type: NA

Recommend the most appropriate type of sensor to detect the target and briefly explain why. Be concise.

**Recommendation:**
Ground Penetrating Radar (GPR)

**Explanation:**
GPR is ideal for detecting buried objects like landmines, as it can penetrate the soil and create a subsurface image. The dry and limy soil type is suitable for GPR operation, and the voltage reading (0.31V) doesn't provide sufficient information for other sensor types.",/content/drive/MyDrive/Capstone/Output/2025-11-24_23-21-37/attentions/attn_0035.json
"You are a sensor expert. Given the following situation:
Context: Voltage: 0.296072182 V, Height: 0.545454545 cm, Soil Type: Dry and Limy
Target: Land mine Mine Type: NA

Recommend the most appropriate type of sensor to detect the target and briefly explain why. Be concise.

**Recommendation:**
A Ground Penetrating Radar (GPR) sensor is most appropriate.

**Explanation:**
GPR can penetrate the ground surface to detect buried objects like landmines, providing information about their depth and location without directly disturbing the soil. The soil type (Dry and Limy) is generally well-suited for GPR operation.",/content/drive/MyDrive/Capstone/Output/2025-11-24_23-21-37/attentions/attn_0036.json
"You are a sensor expert. Given the following situation:
Context: Voltage: 0.31743163 V, Height: 0.727272727 cm, Soil Type: Dry and Limy
Target: Land mine Mine Type: NA

Recommend the most appropriate type of sensor to detect the target and briefly explain why. Be concise.

**Recommendation:**
A metal detector is the most appropriate sensor.

**Explanation:**
Landmines are typically constructed with metallic components (e.g., steel). A metal detector can reliably detect the presence of these metallic materials buried in the soil. The other sensor data (voltage, height, soil type) is irrelevant for detecting landmines.",/content/drive/MyDrive/Capstone/Output/2025-11-24_23-21-37/attentions/attn_0037.json
"You are a sensor expert. Given the following situation:
Context: Voltage: 0.329304766 V, Height: 0.818181818 cm, Soil Type: Dry and Limy
Target: Land mine Mine Type: NA

Recommend the most appropriate type of sensor to detect the target and briefly explain why. Be concise.

**Recommendation:**
Ground Penetrating Radar (GPR)

**Explanation:**
GPR is ideal for detecting buried objects like landmines without disturbing the soil. It sends radio waves into the ground and analyzes the reflected signals to create an image of the subsurface, effectively revealing the presence of the mine.",/content/drive/MyDrive/Capstone/Output/2025-11-24_23-21-37/attentions/attn_0038.json
"You are a sensor expert. Given the following situation:
Context: Voltage: 0.308156758 V, Height: 1 cm, Soil Type: Dry and Limy
Target: Land mine Mine Type: NA

Recommend the most appropriate type of sensor to detect the target and briefly explain why. Be concise.

**Recommendation:**
Induction Loop Detector.

**Explanation:**
Landmines are often metallic. Induction loop detectors are highly sensitive to metallic objects and can detect them buried in the soil, even at shallow depths like 1 cm.",/content/drive/MyDrive/Capstone/Output/2025-11-24_23-21-37/attentions/attn_0039.json
"You are a sensor expert. Given the following situation:
Context: Voltage: 0.338368198 V, Height: 0 cm, Soil Type: Humid and Limy
Target: Land mine Mine Type: NA

Recommend the most appropriate type of sensor to detect the target and briefly explain why. Be concise.

**Recommendation:**
VLF (Very Low Frequency) Metal Detector.

**Explanation:**
VLF detectors are highly sensitive to the electromagnetic fields generated by metallic objects like landmines, particularly when they are partially buried. The soil type (humid and limy) is generally favorable for VLF detection.",/content/drive/MyDrive/Capstone/Output/2025-11-24_23-21-37/attentions/attn_0040.json
"You are a sensor expert. Given the following situation:
Context: Voltage: 0.295014984 V, Height: 0.181818182 cm, Soil Type: Humid and Limy
Target: Land mine Mine Type: NA

Recommend the most appropriate type of sensor to detect the target and briefly explain why. Be concise.
**Recommendation:**

A **Ground Penetrating Radar (GPR)** sensor is the most suitable choice.

**Explanation:**

Landmines are buried objects, and GPR utilizes radar pulses to image subsurface features, effectively detecting metallic or otherwise contrasting objects hidden beneath the soil surface. The soil type (humid and limy) is not a significant impediment to GPR operation.",/content/drive/MyDrive/Capstone/Output/2025-11-24_23-21-37/attentions/attn_0041.json
"You are a sensor expert. Given the following situation:
Context: Voltage: 0.27199384 V, Height: 0.272727273 cm, Soil Type: Humid and Limy
Target: Land mine Mine Type: NA

Recommend the most appropriate type of sensor to detect the target and briefly explain why. Be concise.

**Recommendation:**
Ground Penetrating Radar (GPR)

**Explanation:**
GPR is ideal for detecting buried objects like landmines, as it transmits radar pulses into the ground and analyzes the reflected signals to identify anomalies caused by the mine's presence. It's less reliant on soil properties than other methods and can effectively penetrate the soil to a reasonable depth.",/content/drive/MyDrive/Capstone/Output/2025-11-24_23-21-37/attentions/attn_0042.json
"You are a sensor expert. Given the following situation:
Context: Voltage: 0.271903031 V, Height: 0.454545455 cm, Soil Type: Humid and Limy
Target: Land mine Mine Type: NA

Recommend the most appropriate type of sensor to detect the target and briefly explain why. Be concise.

**Recommendation:**
Ground Penetrating Radar (GPR)

**Explanation:**
GPR is ideal for detecting buried objects like landmines, as it can penetrate the soil and create a subsurface image without excavation. The soil type (humid and limy) is suitable for GPR operation.",/content/drive/MyDrive/Capstone/Output/2025-11-24_23-21-37/attentions/attn_0043.json
"You are a sensor expert. Given the following situation:
Context: Voltage: 0.29220528 V, Height: 0.545454545 cm, Soil Type: Humid and Limy
Target: Land mine Mine Type: NA

Recommend the most appropriate type of sensor to detect the target and briefly explain why. Be concise.

Recommendation: **Accelerometer**.

Explanation: Accelerometers can detect subtle vibrations caused by the movement of a land mine, even if the surrounding environment is relatively stable. The soil type and height data are not directly relevant to detecting the target.",/content/drive/MyDrive/Capstone/Output/2025-11-24_23-21-37/attentions/attn_0044.json
"You are a sensor expert. Given the following situation:
Context: Voltage: 0.285347054 V, Height: 0.727272727 cm, Soil Type: Humid and Limy
Target: Land mine Mine Type: NA

Recommend the most appropriate type of sensor to detect the target and briefly explain why. Be concise.

Recommendation:
Ground-penetrating radar (GPR)
Explanation: Landmines are often buried underground. GPR can detect changes in soil composition and density, which can indicate the presence of a buried object like a landmine. The soil type information (humid and limy) is useful for calibrating the GPR data.",/content/drive/MyDrive/Capstone/Output/2025-11-24_23-21-37/attentions/attn_0045.json
"You are a sensor expert. Given the following situation:
Context: Voltage: 0.30211447 V, Height: 0.909090909 cm, Soil Type: Humid and Limy
Target: Land mine Mine Type: NA

Recommend the most appropriate type of sensor to detect the target and briefly explain why. Be concise.
**Recommendation:**

A **ground-penetrating radar (GPR)** sensor is the most appropriate choice.

**Explanation:**

GPRs are effective at detecting buried objects like landmines by emitting radar pulses into the ground and analyzing the reflected signals. The soil type (humid and limy) can be accounted for in the data processing, and the voltage (0.30211447 V) is not relevant for this detection method.",/content/drive/MyDrive/Capstone/Output/2025-11-24_23-21-37/attentions/attn_0046.json
"You are a sensor expert. Given the following situation:
Context: Voltage: 0.999998728 V, Height: 0 cm, Soil Type: Dry and Sandy
Target: Land mine Mine Type: Anti-Tank

Recommend the most appropriate type of sensor to detect the target and briefly explain why. Be concise.

**Recommendation:**
Ground Penetrating Radar (GPR)

**Explanation:**
GPR is ideal for detecting buried objects like landmines without disturbing the soil. It transmits radar pulses into the ground and analyzes the reflected signals to create an image of the subsurface, effectively revealing the presence of the mine.  The dry, sandy soil is suitable for GPR operation.",/content/drive/MyDrive/Capstone/Output/2025-11-24_23-21-37/attentions/attn_0047.json
"You are a sensor expert. Given the following situation:
Context: Voltage: 0.999998728 V, Height: 0.090909091 cm, Soil Type: Dry and Sandy
Target: Land mine Mine Type: Anti-Tank

Recommend the most appropriate type of sensor to detect the target and briefly explain why. Be concise.

**Recommendation:**
Ground Penetrating Radar (GPR)

**Explanation:**
GPR is ideal for detecting buried objects like landmines, especially in sandy soil. It sends radar pulses into the ground and analyzes the reflected signals to create an image of the subsurface, effectively bypassing the soil's resistance.",/content/drive/MyDrive/Capstone/Output/2025-11-24_23-21-37/attentions/attn_0048.json
"You are a sensor expert. Given the following situation:
Context: Voltage: 0.999998728 V, Height: 0.272727273 cm, Soil Type: Dry and Sandy
Target: Land mine Mine Type: Anti-Tank

Recommend the most appropriate type of sensor to detect the target and briefly explain why. Be concise.

**Recommendation:**
Ground Penetrating Radar (GPR)

**Explanation:**
GPR is ideal for detecting buried objects like landmines, especially in sandy soil. It transmits radio waves into the ground and analyzes the reflected signals to image the subsurface, revealing the presence and location of the mine without disturbing the surface. The dry, sandy soil is a favorable environment for GPR operation.",/content/drive/MyDrive/Capstone/Output/2025-11-24_23-21-37/attentions/attn_0049.json
"You are a sensor expert. Given the following situation:
Context: Voltage: 0.906343265 V, Height: 0.363636364 cm, Soil Type: Dry and Sandy
Target: Land mine Mine Type: Anti-Tank

Recommend the most appropriate type of sensor to detect the target and briefly explain why. Be concise.

Recommendation: **Ground Penetrating Radar (GPR)**

Explanation: Given the dry and sandy soil, a traditional metal detector would likely be ineffective due to interference. GPR transmits radio waves into the ground, reflecting off buried objects like landmines, allowing for non-destructive detection.",/content/drive/MyDrive/Capstone/Output/2025-11-24_23-21-37/attentions/attn_0050.json
"You are a sensor expert. Given the following situation:
Context: Voltage: 0.658609459 V, Height: 0.545454545 cm, Soil Type: Dry and Sandy
Target: Land mine Mine Type: Anti-Tank

Recommend the most appropriate type of sensor to detect the target and briefly explain why. Be concise.

Recommendation: Ground Penetrating Radar (GPR)

Explanation:  The dry and sandy soil presents a significant challenge for traditional metal detectors. GPR can penetrate the soil to detect anomalies indicative of the mine's shape and composition, bypassing the soil's interference.",/content/drive/MyDrive/Capstone/Output/2025-11-24_23-21-37/attentions/attn_0051.json
"You are a sensor expert. Given the following situation:
Context: Voltage: 0.610271155 V, Height: 0.636363636 cm, Soil Type: Dry and Sandy
Target: Land mine Mine Type: Anti-Tank

Recommend the most appropriate type of sensor to detect the target and briefly explain why. Be concise.

Recommendation: Ground Penetrating Radar (GPR)
Explanation: The dry and sandy soil presents a challenge for traditional metal detectors. GPR can penetrate the soil and identify buried objects like landmines based on their electrical properties, regardless of their material.",/content/drive/MyDrive/Capstone/Output/2025-11-24_23-21-37/attentions/attn_0052.json
"You are a sensor expert. Given the following situation:
Context: Voltage: 0.453171669 V, Height: 0.818181818 cm, Soil Type: Dry and Sandy
Target: Land mine Mine Type: Anti-Tank

Recommend the most appropriate type of sensor to detect the target and briefly explain why. Be concise.

**Recommendation:**
Ground Penetrating Radar (GPR)

**Explanation:**
GPR is ideal for detecting buried objects like landmines, particularly in sandy soil. It transmits radio waves into the ground and analyzes the reflected signals to create a subsurface image, effectively ""seeing"" through the soil to identify the mine's location and depth. The dry and sandy soil composition is well-suited for GPR operation.",/content/drive/MyDrive/Capstone/Output/2025-11-24_23-21-37/attentions/attn_0053.json
"You are a sensor expert. Given the following situation:
Context: Voltage: 0.442446541 V, Height: 0.909090909 cm, Soil Type: Dry and Sandy
Target: Land mine Mine Type: Anti-Tank

Recommend the most appropriate type of sensor to detect the target and briefly explain why. Be concise.

**Recommendation:**
Ground Penetrating Radar (GPR)

**Explanation:**
GPR is ideal for detecting buried objects like landmines, especially in sandy soil. It sends radar pulses into the ground and analyzes the reflected signals to create an image of the subsurface, effectively ""seeing"" the mine's location without disturbing the surface.",/content/drive/MyDrive/Capstone/Output/2025-11-24_23-21-37/attentions/attn_0054.json
"You are a sensor expert. Given the following situation:
Context: Voltage: 0.999998728 V, Height: 0 cm, Soil Type: Humid and Sandy
Target: Land mine Mine Type: Anti-Tank

Recommend the most appropriate type of sensor to detect the target and briefly explain why. Be concise.

Recommendation:
**Ground Penetrating Radar (GPR)**

Explanation:
GPR is ideal for detecting buried objects like landmines without disturbing the soil. It sends radar pulses into the ground and analyzes the reflected signals to identify anomalies indicative of the mine’s metallic components. The soil type (humid and sandy) is suitable for GPR operation.",/content/drive/MyDrive/Capstone/Output/2025-11-24_23-21-37/attentions/attn_0055.json
"You are a sensor expert. Given the following situation:
Context: Voltage: 0.999998728 V, Height: 0.090909091 cm, Soil Type: Humid and Sandy
Target: Land mine Mine Type: Anti-Tank

Recommend the most appropriate type of sensor to detect the target and briefly explain why. Be concise.

**Recommendation:** Ground Penetrating Radar (GPR)

**Explanation:** The humid and sandy soil presents a challenge for traditional metal detectors. GPR can penetrate the soil to identify the buried shape and composition of the mine, differentiating it from the surrounding soil.",/content/drive/MyDrive/Capstone/Output/2025-11-24_23-21-37/attentions/attn_0056.json
"You are a sensor expert. Given the following situation:
Context: Voltage: 0.975829576 V, Height: 0.272727273 cm, Soil Type: Humid and Sandy
Target: Land mine Mine Type: Anti-Tank

Recommend the most appropriate type of sensor to detect the target and briefly explain why. Be concise.

Recommendation: **Ground Penetrating Radar (GPR)**

Explanation: GPR is best suited for detecting buried objects like landmines, especially in heterogeneous soil conditions like humid and sandy. It utilizes radar pulses to image subsurface structures, bypassing the need for direct contact or soil disturbance.",/content/drive/MyDrive/Capstone/Output/2025-11-24_23-21-37/attentions/attn_0057.json
"You are a sensor expert. Given the following situation:
Context: Voltage: 0.815708945 V, Height: 0.363636364 cm, Soil Type: Humid and Sandy
Target: Land mine Mine Type: Anti-Tank

Recommend the most appropriate type of sensor to detect the target and briefly explain why. Be concise.

**Recommendation:** Ground Penetrating Radar (GPR)

**Explanation:** GPR is ideal for detecting buried objects like landmines, especially in heterogeneous soil types like humid and sandy. It transmits radio waves into the ground and analyzes the reflected signals to create an image of the subsurface, effectively “seeing” through the soil to locate the mine.",/content/drive/MyDrive/Capstone/Output/2025-11-24_23-21-37/attentions/attn_0058.json
"You are a sensor expert. Given the following situation:
Context: Voltage: 0.655588315 V, Height: 0.545454545 cm, Soil Type: Humid and Sandy
Target: Land mine Mine Type: Anti-Tank

Recommend the most appropriate type of sensor to detect the target and briefly explain why. Be concise.

**Recommendation:**
Ground-Penetrating Radar (GPR)

**Explanation:**
GPR is ideal for detecting buried objects like landmines, as it transmits radar pulses into the ground and analyzes the reflected signals to create an image of the subsurface. The soil type (humid and sandy) is suitable for GPR operation, and the voltage reading (0.655588315 V) is within the operational range.",/content/drive/MyDrive/Capstone/Output/2025-11-24_23-21-37/attentions/attn_0059.json
"You are a sensor expert. Given the following situation:
Context: Voltage: 0.628398019 V, Height: 0.636363636 cm, Soil Type: Humid and Sandy
Target: Land mine Mine Type: Anti-Tank

Recommend the most appropriate type of sensor to detect the target and briefly explain why. Be concise.

Sensor Recommendation: **Metal Detector**

Explanation: Landmines are typically made of metal. A metal detector is the most direct and reliable method for detecting the presence of an anti-tank landmine.",/content/drive/MyDrive/Capstone/Output/2025-11-24_23-21-37/attentions/attn_0060.json
"You are a sensor expert. Given the following situation:
Context: Voltage: 0.504531116 V, Height: 0.818181818 cm, Soil Type: Humid and Sandy
Target: Land mine Mine Type: Anti-Tank

Recommend the most appropriate type of sensor to detect the target and briefly explain why. Be concise.

**Recommendation:**
Ground Penetrating Radar (GPR)

**Explanation:**
GPR is ideal for detecting buried objects like landmines, especially in heterogeneous soil conditions (humid and sandy). It transmits radar pulses into the ground and analyzes the reflected signals to create a subsurface image, effectively mapping the target's location without disturbing the soil.",/content/drive/MyDrive/Capstone/Output/2025-11-24_23-21-37/attentions/attn_0061.json
"You are a sensor expert. Given the following situation:
Context: Voltage: 0.474319677 V, Height: 0.909090909 cm, Soil Type: Humid and Sandy
Target: Land mine Mine Type: Anti-Tank

Recommend the most appropriate type of sensor to detect the target and briefly explain why. Be concise.

**Recommendation:**
Ground-Penetrating Radar (GPR)

**Explanation:**
GPR is ideal for detecting buried objects like landmines, as it transmits radio waves into the ground and analyzes the reflected signals to map the subsurface.  The soil type (humid and sandy) is suitable for GPR operation.",/content/drive/MyDrive/Capstone/Output/2025-11-24_23-21-37/attentions/attn_0062.json
"You are a sensor expert. Given the following situation:
Context: Voltage: 0.719032338 V, Height: 0 cm, Soil Type: Dry and Humus
Target: Land mine Mine Type: Anti-Tank

Recommend the most appropriate type of sensor to detect the target and briefly explain why. Be concise.

**Recommendation:**
Ground-Penetrating Radar (GPR)

**Explanation:**
GPR is ideal for detecting buried objects like landmines, as it transmits radio waves into the ground and analyzes the reflected signals to create an image of the subsurface. This is particularly effective for detecting the metallic components of anti-tank mines.",/content/drive/MyDrive/Capstone/Output/2025-11-24_23-21-37/attentions/attn_0063.json
"You are a sensor expert. Given the following situation:
Context: Voltage: 0.622355731 V, Height: 0.090909091 cm, Soil Type: Dry and Humus
Target: Land mine Mine Type: Anti-Tank

Recommend the most appropriate type of sensor to detect the target and briefly explain why. Be concise.

**Recommendation:**
Ground Penetrating Radar (GPR)

**Explanation:**
GPR is ideal for detecting buried objects like landmines without disturbing the soil. It analyzes the subsurface radar reflections to identify anomalies indicative of metallic mine bodies. The soil type (dry and humus) is not a significant impediment to GPR performance.",/content/drive/MyDrive/Capstone/Output/2025-11-24_23-21-37/attentions/attn_0064.json
"You are a sensor expert. Given the following situation:
Context: Voltage: 0.531721412 V, Height: 0.272727273 cm, Soil Type: Dry and Humus
Target: Land mine Mine Type: Anti-Tank

Recommend the most appropriate type of sensor to detect the target and briefly explain why. Be concise.

**Recommendation:**
Ground Penetrating Radar (GPR)

**Explanation:**
GPR is ideal for detecting buried objects like landmines, as it transmits radar pulses into the ground and analyzes the reflected signals to create a subsurface image.  It's effective at differentiating between different soil types and is less affected by soil moisture than other methods.",/content/drive/MyDrive/Capstone/Output/2025-11-24_23-21-37/attentions/attn_0065.json
"You are a sensor expert. Given the following situation:
Context: Voltage: 0.504531116 V, Height: 0.363636364 cm, Soil Type: Dry and Humus
Target: Land mine Mine Type: Anti-Tank

Recommend the most appropriate type of sensor to detect the target and briefly explain why. Be concise.

**Recommendation:**
Ground Penetrating Radar (GPR)

**Explanation:**
GPR is ideal for detecting buried objects like landmines without disturbing the soil. It utilizes radar pulses to image subsurface features, effectively mapping the terrain and identifying the mine's location based on its metallic composition and depth.",/content/drive/MyDrive/Capstone/Output/2025-11-24_23-21-37/attentions/attn_0066.json
"You are a sensor expert. Given the following situation:
Context: Voltage: 0.438065949 V, Height: 0.545454545 cm, Soil Type: Dry and Humus
Target: Land mine Mine Type: Anti-Tank

Recommend the most appropriate type of sensor to detect the target and briefly explain why. Be concise.

**Recommendation:**
Ground Penetrating Radar (GPR)

**Explanation:**
GPR can effectively detect buried metallic objects like anti-tank landmines by transmitting radar pulses into the ground and analyzing the reflected signals. This is especially useful in dry and humus soil where other sensors might be less reliable.",/content/drive/MyDrive/Capstone/Output/2025-11-24_23-21-37/attentions/attn_0067.json
"You are a sensor expert. Given the following situation:
Context: Voltage: 0.398791077 V, Height: 0.636363636 cm, Soil Type: Dry and Humus
Target: Land mine Mine Type: Anti-Tank

Recommend the most appropriate type of sensor to detect the target and briefly explain why. Be concise.

Recommendation: Ground Penetrating Radar (GPR)

Explanation:  GPR is best suited for detecting buried objects like landmines, especially when soil type is variable and potentially obscures other detection methods. It transmits radar pulses into the ground and analyzes the reflected signals to identify metallic objects.",/content/drive/MyDrive/Capstone/Output/2025-11-24_23-21-37/attentions/attn_0068.json
"You are a sensor expert. Given the following situation:
Context: Voltage: 0.36253735 V, Height: 0.818181818 cm, Soil Type: Dry and Humus
Target: Land mine Mine Type: Anti-Tank

Recommend the most appropriate type of sensor to detect the target and briefly explain why. Be concise.

**Recommendation:**
Ground Penetrating Radar (GPR)

**Explanation:**
GPR is ideal for detecting buried objects like landmines, as it can penetrate the soil and create a subsurface image, revealing the presence of the mine without disturbing the surface. The soil type (dry and humus) is suitable for GPR operation.",/content/drive/MyDrive/Capstone/Output/2025-11-24_23-21-37/attentions/attn_0069.json
"You are a sensor expert. Given the following situation:
Context: Voltage: 0.999998728 V, Height: 0 cm, Soil Type: Humid and Humus
Target: Land mine Mine Type: Anti-Tank

Recommend the most appropriate type of sensor to detect the target and briefly explain why. Be concise.

**Recommendation:**
Ground Penetrating Radar (GPR)

**Explanation:**
GPR is ideal for detecting buried objects like landmines without disturbing the soil. It transmits radio waves into the ground and analyzes the reflected signals to identify metallic objects, which are characteristic of anti-tank landmines.",/content/drive/MyDrive/Capstone/Output/2025-11-24_23-21-37/attentions/attn_0070.json
"You are a sensor expert. Given the following situation:
Context: Voltage: 0.912385552 V, Height: 0.181818182 cm, Soil Type: Humid and Humus
Target: Land mine Mine Type: Anti-Tank

Recommend the most appropriate type of sensor to detect the target and briefly explain why. Be concise.

**Recommendation:**
Ground-Penetrating Radar (GPR)

**Explanation:**
GPR is ideal for detecting buried objects like landmines, especially those buried at shallow depths (0.181818182 cm). It transmits radio waves into the ground and analyzes the reflected signals to create an image of the subsurface, revealing the presence and location of metallic objects. The soil type (humid and humus) is not ideal for GPR due to signal attenuation,",/content/drive/MyDrive/Capstone/Output/2025-11-24_23-21-37/attentions/attn_0071.json
"You are a sensor expert. Given the following situation:
Context: Voltage: 0.957702712 V, Height: 0.272727273 cm, Soil Type: Humid and Humus
Target: Land mine Mine Type: Anti-Tank

Recommend the most appropriate type of sensor to detect the target and briefly explain why. Be concise.

Recommendation: Ground Penetrating Radar (GPR)

Explanation: GPR is ideal for detecting buried objects like landmines, as it transmits radar pulses into the ground and analyzes the reflected signals to create an image of the subsurface. The soil type (humid and humus) is suitable for GPR operation.",/content/drive/MyDrive/Capstone/Output/2025-11-24_23-21-37/attentions/attn_0072.json
"You are a sensor expert. Given the following situation:
Context: Voltage: 0.75830721 V, Height: 0.454545455 cm, Soil Type: Humid and Humus
Target: Land mine Mine Type: Anti-Tank

Recommend the most appropriate type of sensor to detect the target and briefly explain why. Be concise.

**Recommendation:** Ground Penetrating Radar (GPR)

**Explanation:** The combination of humid soil and humus suggests a potentially dense subsurface environment. GPR can effectively penetrate these conditions to detect buried objects like landmines, providing accurate depth and location information.",/content/drive/MyDrive/Capstone/Output/2025-11-24_23-21-37/attentions/attn_0073.json
"You are a sensor expert. Given the following situation:
Context: Voltage: 0.734138058 V, Height: 0.545454545 cm, Soil Type: Humid and Humus
Target: Land mine Mine Type: Anti-Tank

Recommend the most appropriate type of sensor to detect the target and briefly explain why. Be concise.

Recommendation:
Ground Penetrating Radar (GPR)
Explanation: The target is an anti-tank land mine, which is buried underground. GPR can effectively detect buried metallic objects like landmines without excavation. The soil type is humid and humus, which is a common soil condition.",/content/drive/MyDrive/Capstone/Output/2025-11-24_23-21-37/attentions/attn_0074.json
"You are a sensor expert. Given the following situation:
Context: Voltage: 0.495256245 V, Height: 0.727272727 cm, Soil Type: Humid and Humus
Target: Land mine Mine Type: Anti-Tank

Recommend the most appropriate type of sensor to detect the target and briefly explain why. Be concise.

**Recommendation:**
Ground Penetrating Radar (GPR)

**Explanation:**
GPR is ideal for detecting buried objects like landmines without disturbing the soil. It transmits radio waves into the ground and analyzes the reflected signals to create a subsurface image, effectively revealing the target's location.",/content/drive/MyDrive/Capstone/Output/2025-11-24_23-21-37/attentions/attn_0075.json
"You are a sensor expert. Given the following situation:
Context: Voltage: 0.468277389 V, Height: 0.818181818 cm, Soil Type: Humid and Humus
Target: Land mine Mine Type: Anti-Tank

Recommend the most appropriate type of sensor to detect the target and briefly explain why. Be concise.

**Recommendation:**
Ground Penetrating Radar (GPR)

**Explanation:**
GPR is best suited for detecting buried objects like landmines, as it can penetrate the soil and identify anomalies in the subsurface caused by the mine's metallic components.",/content/drive/MyDrive/Capstone/Output/2025-11-24_23-21-37/attentions/attn_0076.json
"You are a sensor expert. Given the following situation:
Context: Voltage: 0.467340821 V, Height: 1 cm, Soil Type: Humid and Humus
Target: Land mine Mine Type: Anti-Tank

Recommend the most appropriate type of sensor to detect the target and briefly explain why. Be concise.

**Recommendation:**
Ground Penetrating Radar (GPR)

**Explanation:**
GPR is ideal for detecting buried objects like landmines, especially in heterogeneous soil conditions (humus-rich, humid). It transmits radio waves into the ground and analyzes the reflected signals to create an image of the subsurface, effectively bypassing soil limitations.",/content/drive/MyDrive/Capstone/Output/2025-11-24_23-21-37/attentions/attn_0077.json
"You are a sensor expert. Given the following situation:
Context: Voltage: 0.999998728 V, Height: 0 cm, Soil Type: Dry and Limy
Target: Land mine Mine Type: Anti-Tank

Recommend the most appropriate type of sensor to detect the target and briefly explain why. Be concise.

**Recommendation:**
Ground Penetrating Radar (GPR)

**Explanation:**
GPR is best suited for detecting buried objects like landmines, especially when the soil is dry and limy, as it can penetrate the soil to identify metallic anomalies associated with the mine's construction.",/content/drive/MyDrive/Capstone/Output/2025-11-24_23-21-37/attentions/attn_0078.json
"You are a sensor expert. Given the following situation:
Context: Voltage: 0.999998728 V, Height: 0.181818182 cm, Soil Type: Dry and Limy
Target: Land mine Mine Type: Anti-Tank

Recommend the most appropriate type of sensor to detect the target and briefly explain why. Be concise.

**Recommendation: Ground Penetrating Radar (GPR)**

**Explanation:** GPR excels at detecting buried objects like landmines, particularly in diverse soil types. Its ability to image subsurface features makes it ideal for identifying the metallic components of anti-tank mines without disturbing the surface.",/content/drive/MyDrive/Capstone/Output/2025-11-24_23-21-37/attentions/attn_0079.json
"You are a sensor expert. Given the following situation:
Context: Voltage: 0.999998728 V, Height: 0.272727273 cm, Soil Type: Dry and Limy
Target: Land mine Mine Type: Anti-Tank

Recommend the most appropriate type of sensor to detect the target and briefly explain why. Be concise.

**Recommendation:**
Ground Penetrating Radar (GPR)

**Explanation:**
GPR is ideal for detecting buried objects like landmines, especially in dry, limy soils. It transmits radar pulses into the ground and analyzes the reflected signals to identify changes in soil density and composition, effectively locating the mine's metallic components.",/content/drive/MyDrive/Capstone/Output/2025-11-24_23-21-37/attentions/attn_0080.json
"You are a sensor expert. Given the following situation:
Context: Voltage: 0.999998728 V, Height: 0.454545455 cm, Soil Type: Dry and Limy
Target: Land mine Mine Type: Anti-Tank

Recommend the most appropriate type of sensor to detect the target and briefly explain why. Be concise.

Recommended Sensor: **Ground Penetrating Radar (GPR)**

Explanation:  GPR is best suited for detecting buried objects like landmines without disturbing the soil. It sends radar pulses into the ground and analyzes the reflected signals to create an image of the subsurface, effectively mapping the presence and location of the mine. The dry, limy soil is not ideal for electromagnetic induction (used in metal detectors), but GPR's radio wave technology can penetrate it.",/content/drive/MyDrive/Capstone/Output/2025-11-24_23-21-37/attentions/attn_0081.json
"You are a sensor expert. Given the following situation:
Context: Voltage: 0.999998728 V, Height: 0.545454545 cm, Soil Type: Dry and Limy
Target: Land mine Mine Type: Anti-Tank

Recommend the most appropriate type of sensor to detect the target and briefly explain why. Be concise.

**Recommendation:**
Ground Penetrating Radar (GPR)

**Explanation:**
GPR is ideal for detecting buried objects like landmines without disturbing the soil. It can penetrate the soil and create a subsurface image, revealing the presence and location of the mine. The dry, limy soil type is suitable for GPR operation.",/content/drive/MyDrive/Capstone/Output/2025-11-24_23-21-37/attentions/attn_0082.json
"You are a sensor expert. Given the following situation:
Context: Voltage: 0.854983817 V, Height: 0.727272727 cm, Soil Type: Dry and Limy
Target: Land mine Mine Type: Anti-Tank

Recommend the most appropriate type of sensor to detect the target and briefly explain why. Be concise.

**Recommendation:** Ground Penetrating Radar (GPR)

**Explanation:** GPR is ideal for detecting buried objects like landmines, especially in dry, rocky soil. It transmits radio waves into the ground and analyzes the reflected signals to create an image of the subsurface, revealing the presence and location of the mine.",/content/drive/MyDrive/Capstone/Output/2025-11-24_23-21-37/attentions/attn_0083.json
"You are a sensor expert. Given the following situation:
Context: Voltage: 0.628398019 V, Height: 0.818181818 cm, Soil Type: Dry and Limy
Target: Land mine Mine Type: Anti-Tank

Recommend the most appropriate type of sensor to detect the target and briefly explain why. Be concise.

Recommendation: Ground Penetrating Radar (GPR)

Explanation: Landmines, particularly anti-tank mines, are often buried shallowly and their metallic components can be difficult to detect with traditional sensors. GPR is ideal for locating buried objects by transmitting radar pulses into the ground and analyzing the reflected signals, effectively ""seeing"" through the soil.",/content/drive/MyDrive/Capstone/Output/2025-11-24_23-21-37/attentions/attn_0084.json
"You are a sensor expert. Given the following situation:
Context: Voltage: 0.549848276 V, Height: 1 cm, Soil Type: Dry and Limy
Target: Land mine Mine Type: Anti-Tank

Recommend the most appropriate type of sensor to detect the target and briefly explain why. Be concise.

**Recommendation:**
Ground Penetrating Radar (GPR)

**Explanation:**
GPR is best suited for detecting buried objects like landmines, especially in varying soil conditions. It transmits radar pulses into the ground and analyzes the reflected signals to create an image of the subsurface. The dry and limy soil will provide some signal attenuation, but GPR can still effectively penetrate to detect the mine's metallic components.",/content/drive/MyDrive/Capstone/Output/2025-11-24_23-21-37/attentions/attn_0085.json
"You are a sensor expert. Given the following situation:
Context: Voltage: 0.999998728 V, Height: 0 cm, Soil Type: Humid and Limy
Target: Land mine Mine Type: Anti-Tank

Recommend the most appropriate type of sensor to detect the target and briefly explain why. Be concise.

Recommendation:
Ground Penetrating Radar (GPR)

Explanation:
GPR is ideal for detecting buried objects like landmines without disturbing the soil. It transmits radio waves into the ground and analyzes the reflected signals to create a subsurface image, effectively 'seeing' through the soil to identify the mine's location and depth.",/content/drive/MyDrive/Capstone/Output/2025-11-24_23-21-37/attentions/attn_0086.json
"You are a sensor expert. Given the following situation:
Context: Voltage: 0.891237545 V, Height: 0.181818182 cm, Soil Type: Humid and Limy
Target: Land mine Mine Type: Anti-Tank

Recommend the most appropriate type of sensor to detect the target and briefly explain why. Be concise.

**Recommendation:**
Ground Penetrating Radar (GPR)

**Explanation:**
GPR is ideal for detecting buried objects like landmines without disturbing the soil. It transmits radar pulses into the ground and analyzes the reflected signals to identify anomalies indicative of the mine's shape and location. The soil type (humid and limy) is not a significant factor for GPR.",/content/drive/MyDrive/Capstone/Output/2025-11-24_23-21-37/attentions/attn_0087.json
"You are a sensor expert. Given the following situation:
Context: Voltage: 0.999998728 V, Height: 0.272727273 cm, Soil Type: Humid and Limy
Target: Land mine Mine Type: Anti-Tank

Recommend the most appropriate type of sensor to detect the target and briefly explain why. Be concise.

Sensor Recommendation:
**Ground Penetrating Radar (GPR)**

Explanation:
GPR is best suited for detecting buried objects like landmines, particularly anti-tank mines. It emits radio waves into the ground and analyzes the reflected signals to create an image of the subsurface, revealing the presence and location of the mine without disturbing the soil. The soil type (humid and limy) won’t significantly hinder GPR performance.",/content/drive/MyDrive/Capstone/Output/2025-11-24_23-21-37/attentions/attn_0088.json
"You are a sensor expert. Given the following situation:
Context: Voltage: 0.809666657 V, Height: 0.454545455 cm, Soil Type: Humid and Limy
Target: Land mine Mine Type: Anti-Tank

Recommend the most appropriate type of sensor to detect the target and briefly explain why. Be concise.

Recommended Sensor: Ground Penetrating Radar (GPR)

Explanation: GPR is ideal for detecting buried objects like landmines, particularly in various soil types. It emits radio waves into the ground and analyzes the reflected signals to create an image of subsurface features, effectively bypassing the soil's limitations.",/content/drive/MyDrive/Capstone/Output/2025-11-24_23-21-37/attentions/attn_0089.json
"You are a sensor expert. Given the following situation:
Context: Voltage: 0.716011194 V, Height: 0.545454545 cm, Soil Type: Humid and Limy
Target: Land mine Mine Type: Anti-Tank

Recommend the most appropriate type of sensor to detect the target and briefly explain why. Be concise.

Recommended Sensor: Ground Penetrating Radar (GPR)

Explanation: GPR can effectively detect buried objects like landmines, especially when soil conditions are known (e.g., humid and limy). It transmits radar pulses into the ground and analyzes the reflected signals to create an image of the subsurface, revealing the presence of metallic landmines.",/content/drive/MyDrive/Capstone/Output/2025-11-24_23-21-37/attentions/attn_0090.json
"You are a sensor expert. Given the following situation:
Context: Voltage: 0.50755226 V, Height: 0.727272727 cm, Soil Type: Humid and Limy
Target: Land mine Mine Type: Anti-Tank

Recommend the most appropriate type of sensor to detect the target and briefly explain why. Be concise.

**Recommendation:**
Ground Penetrating Radar (GPR)

**Explanation:**
GPR is ideal for detecting buried objects like landmines without disturbing the soil. It transmits radar pulses into the ground and analyzes the reflected signals to identify anomalies indicative of metallic mine bodies. The soil type (humid and limy) is not a significant factor for GPR operation.",/content/drive/MyDrive/Capstone/Output/2025-11-24_23-21-37/attentions/attn_0091.json
"You are a sensor expert. Given the following situation:
Context: Voltage: 0.549848276 V, Height: 0.818181818 cm, Soil Type: Humid and Limy
Target: Land mine Mine Type: Anti-Tank

Recommend the most appropriate type of sensor to detect the target and briefly explain why. Be concise.

Sensor Type: Metal Detector
Explanation: Landmines are typically made of metal. A metal detector can effectively detect the metallic components of the anti-tank landmines, providing a reliable method for identification.",/content/drive/MyDrive/Capstone/Output/2025-11-24_23-21-37/attentions/attn_0092.json
"You are a sensor expert. Given the following situation:
Context: Voltage: 0.444108237 V, Height: 1 cm, Soil Type: Humid and Limy
Target: Land mine Mine Type: Anti-Tank

Recommend the most appropriate type of sensor to detect the target and briefly explain why. Be concise.

**Recommendation:**
Ground Penetrating Radar (GPR)

**Explanation:**
GPR is ideal for detecting buried objects like landmines without disturbing the soil. It transmits radar pulses into the ground and analyzes the reflected signals to create an image of the subsurface, effectively revealing the presence of a mine.",/content/drive/MyDrive/Capstone/Output/2025-11-24_23-21-37/attentions/attn_0093.json
"You are a sensor expert. Given the following situation:
Context: Voltage: 0.389304766 V, Height: 0 cm, Soil Type: Dry and Sandy
Target: Land mine Mine Type: Anti-Personnel

Recommend the most appropriate type of sensor to detect the target and briefly explain why. Be concise.

**Recommendation:**
Ground Penetrating Radar (GPR)

**Explanation:**
GPR is ideal for detecting buried objects like landmines without disturbing the soil. It transmits radar pulses into the ground and analyzes the reflected signals to identify anomalies indicative of a metallic mine.  The dry, sandy soil is suitable for GPR operation.",/content/drive/MyDrive/Capstone/Output/2025-11-24_23-21-37/attentions/attn_0094.json
"You are a sensor expert. Given the following situation:
Context: Voltage: 0.365347054 V, Height: 0.181818182 cm, Soil Type: Dry and Sandy
Target: Land mine Mine Type: Anti-Personnel

Recommend the most appropriate type of sensor to detect the target and briefly explain why. Be concise.

**Recommendation: Ground Penetrating Radar (GPR)**

**Explanation:** GPR excels at detecting buried objects like landmines, especially in dry, sandy soil conditions. The radar signal penetrates the soil, reflecting off any metallic objects, providing a detailed image of the subsurface.",/content/drive/MyDrive/Capstone/Output/2025-11-24_23-21-37/attentions/attn_0095.json
"You are a sensor expert. Given the following situation:
Context: Voltage: 0.368579638 V, Height: 0.272727273 cm, Soil Type: Dry and Sandy
Target: Land mine Mine Type: Anti-Personnel

Recommend the most appropriate type of sensor to detect the target and briefly explain why. Be concise.

**Recommendation:**
Ground Penetrating Radar (GPR)

**Explanation:**
GPR is ideal for detecting buried objects like landmines. It transmits radar pulses into the ground and analyzes the reflected signals to create an image of the subsurface, effectively ""seeing"" through the soil to identify anomalies indicative of a mine's shape and composition.",/content/drive/MyDrive/Capstone/Output/2025-11-24_23-21-37/attentions/attn_0096.json
"You are a sensor expert. Given the following situation:
Context: Voltage: 0.338156758 V, Height: 0.454545455 cm, Soil Type: Dry and Sandy
Target: Land mine Mine Type: Anti-Personnel

Recommend the most appropriate type of sensor to detect the target and briefly explain why. Be concise.

**Recommendation:**
Ground Penetrating Radar (GPR)

**Explanation:**
GPR is ideal for detecting buried objects like landmines, especially in sandy soil. It transmits radar pulses into the ground and analyzes the reflected signals to identify anomalies indicative of a mine's shape and composition.",/content/drive/MyDrive/Capstone/Output/2025-11-24_23-21-37/attentions/attn_0097.json
"You are a sensor expert. Given the following situation:
Context: Voltage: 0.31722019 V, Height: 0.545454545 cm, Soil Type: Dry and Sandy
Target: Land mine Mine Type: Anti-Personnel

Recommend the most appropriate type of sensor to detect the target and briefly explain why. Be concise.

**Recommendation: Ground Penetrating Radar (GPR)**

**Explanation:** GPR is ideal for detecting buried objects like landmines, especially in sandy soil. It transmits radio waves into the ground and analyzes the reflected signals to identify anomalies indicative of metallic landmine targets.",/content/drive/MyDrive/Capstone/Output/2025-11-24_23-21-37/attentions/attn_0098.json
"You are a sensor expert. Given the following situation:
Context: Voltage: 0.319093326 V, Height: 0.727272727 cm, Soil Type: Dry and Sandy
Target: Land mine Mine Type: Anti-Personnel

Recommend the most appropriate type of sensor to detect the target and briefly explain why. Be concise.

**Recommendation:**
Ground Penetrating Radar (GPR)

**Explanation:**
GPR is ideal for detecting buried objects like landmines, particularly in sandy soil. It transmits radar pulses into the ground and analyzes the reflected signals to create a subsurface image, effectively 'seeing' through the soil to locate the mine.",/content/drive/MyDrive/Capstone/Output/2025-11-24_23-21-37/attentions/attn_0099.json
"You are a sensor expert. Given the following situation:
Context: Voltage: 0.335347054 V, Height: 0.818181818 cm, Soil Type: Dry and Sandy
Target: Land mine Mine Type: Anti-Personnel

Recommend the most appropriate type of sensor to detect the target and briefly explain why. Be concise.

**Recommendation:**
Ground Penetrating Radar (GPR)

**Explanation:**
GPR is best suited for detecting buried objects like landmines, especially in sandy soil, which can attenuate electromagnetic waves. The height reading can help refine the search area.",/content/drive/MyDrive/Capstone/Output/2025-11-24_23-21-37/attentions/attn_0100.json
"You are a sensor expert. Given the following situation:
Context: Voltage: 0.303262478 V, Height: 1 cm, Soil Type: Dry and Sandy
Target: Land mine Mine Type: Anti-Personnel

Recommend the most appropriate type of sensor to detect the target and briefly explain why. Be concise.

**Recommendation:**
Ground Penetrating Radar (GPR)

**Explanation:**
GPR is ideal because it can penetrate the dry, sandy soil to a depth sufficient to detect the buried metallic body of an anti-personnel land mine, regardless of its depth. Voltage and height data are irrelevant to this specific target.",/content/drive/MyDrive/Capstone/Output/2025-11-24_23-21-37/attentions/attn_0101.json
"You are a sensor expert. Given the following situation:
Context: Voltage: 0.613292299 V, Height: 0.181818182 cm, Soil Type: Humid and Sandy
Target: Land mine Mine Type: Anti-Personnel

Recommend the most appropriate type of sensor to detect the target and briefly explain why. Be concise.

**Recommendation:**
Ground Penetrating Radar (GPR)

**Explanation:**
GPR is ideal for detecting buried objects like landmines, especially in heterogeneous soil conditions like humid and sandy. It transmits radio waves into the ground and analyzes the reflected signals to create a subsurface image, revealing the presence and location of the mine without surface disturbance.",/content/drive/MyDrive/Capstone/Output/2025-11-24_23-21-37/attentions/attn_0102.json
"You are a sensor expert. Given the following situation:
Context: Voltage: 0.425981373 V, Height: 0.363636364 cm, Soil Type: Humid and Sandy
Target: Land mine Mine Type: Anti-Personnel

Recommend the most appropriate type of sensor to detect the target and briefly explain why. Be concise.

**Recommendation:**
Ground Penetrating Radar (GPR)

**Explanation:**
GPR is ideal for detecting buried objects like landmines, as it transmits radar pulses into the ground and analyzes the reflected signals to create an image of subsurface features. The soil type (humid and sandy) is suitable for GPR operation.",/content/drive/MyDrive/Capstone/Output/2025-11-24_23-21-37/attentions/attn_0103.json
"You are a sensor expert. Given the following situation:
Context: Voltage: 0.384621926 V, Height: 0.454545455 cm, Soil Type: Humid and Sandy
Target: Land mine Mine Type: Anti-Personnel

Recommend the most appropriate type of sensor to detect the target and briefly explain why. Be concise.

**Recommendation:**
Ground Penetrating Radar (GPR)

**Explanation:**
GPR is ideal for detecting buried objects like landmines, particularly in heterogeneous soil like sandy and humid conditions. It transmits radar pulses into the ground and analyzes the reflected signals to map subsurface structures, effectively bypassing soil conditions.",/content/drive/MyDrive/Capstone/Output/2025-11-24_23-21-37/attentions/attn_0104.json
"You are a sensor expert. Given the following situation:
Context: Voltage: 0.356495062 V, Height: 0.636363636 cm, Soil Type: Humid and Sandy
Target: Land mine Mine Type: Anti-Personnel

Recommend the most appropriate type of sensor to detect the target and briefly explain why. Be concise.

Recommendation:
**Ground Penetrating Radar (GPR)**

Explanation:
GPR is ideal for detecting buried objects like landmines, particularly in heterogeneous soil like sandy soil. It emits radio waves into the ground and analyzes the reflected signals to create an image of subsurface features, revealing the presence of the mine without physically disturbing the soil.",/content/drive/MyDrive/Capstone/Output/2025-11-24_23-21-37/attentions/attn_0105.json
"You are a sensor expert. Given the following situation:
Context: Voltage: 0.350685358 V, Height: 0.727272727 cm, Soil Type: Humid and Sandy
Target: Land mine Mine Type: Anti-Personnel

Recommend the most appropriate type of sensor to detect the target and briefly explain why. Be concise.

**Recommendation:**
Ground Penetrating Radar (GPR)

**Explanation:**
GPR is ideal for detecting buried objects like landmines, especially in heterogeneous soil like sandy and humid conditions. It transmits radar pulses into the ground and analyzes the reflected signals to create a subsurface image, revealing the presence and location of the mine without excavation.",/content/drive/MyDrive/Capstone/Output/2025-11-24_23-21-37/attentions/attn_0106.json
"You are a sensor expert. Given the following situation:
Context: Voltage: 0.338368198 V, Height: 0.909090909 cm, Soil Type: Humid and Sandy
Target: Land mine Mine Type: Anti-Personnel

Recommend the most appropriate type of sensor to detect the target and briefly explain why. Be concise.

**Recommendation:** Ground Penetrating Radar (GPR)

**Explanation:**  The soil type (Humid and Sandy) is conducive to GPR signals, and mine detection requires subsurface scanning. GPR can effectively identify buried objects like landmines without disturbing the soil.",/content/drive/MyDrive/Capstone/Output/2025-11-24_23-21-37/attentions/attn_0107.json
"You are a sensor expert. Given the following situation:
Context: Voltage: 0.344410486 V, Height: 1 cm, Soil Type: Humid and Sandy
Target: Land mine Mine Type: Anti-Personnel

Recommend the most appropriate type of sensor to detect the target and briefly explain why. Be concise.

**Recommendation:**
Ground-Penetrating Radar (GPR)

**Explanation:**
GPR is ideal for detecting buried objects like landmines, as it transmits radio waves into the ground and analyzes the reflected signals to identify changes in soil composition and density caused by the mine's presence.  Voltage and height data are not relevant for this target.",/content/drive/MyDrive/Capstone/Output/2025-11-24_23-21-37/attentions/attn_0108.json
"You are a sensor expert. Given the following situation:
Context: Voltage: 0.444108237 V, Height: 0.090909091 cm, Soil Type: Dry and Humus
Target: Land mine Mine Type: Anti-Personnel

Recommend the most appropriate type of sensor to detect the target and briefly explain why. Be concise.

**Recommendation:** Ground Penetrating Radar (GPR)

**Explanation:** GPR can effectively detect buried objects like landmines by transmitting radar pulses into the ground and analyzing the reflected signals. Soil type and moisture affect signal propagation, but GPR is robust enough to provide accurate detection in dry, humus-rich soil.",/content/drive/MyDrive/Capstone/Output/2025-11-24_23-21-37/attentions/attn_0109.json
"You are a sensor expert. Given the following situation:
Context: Voltage: 0.389727645 V, Height: 0.181818182 cm, Soil Type: Dry and Humus
Target: Land mine Mine Type: Anti-Personnel

Recommend the most appropriate type of sensor to detect the target and briefly explain why. Be concise.

**Recommendation:** Ground Penetrating Radar (GPR)

**Explanation:** GPR is ideal for detecting buried objects like landmines, particularly in varied soil conditions. It transmits radio waves into the ground and analyzes the reflected signals to create an image of the subsurface, effectively bypassing the surface limitations of visual or electrical sensors.",/content/drive/MyDrive/Capstone/Output/2025-11-24_23-21-37/attentions/attn_0110.json
"You are a sensor expert. Given the following situation:
Context: Voltage: 0.356495062 V, Height: 0.363636364 cm, Soil Type: Dry and Humus
Target: Land mine Mine Type: Anti-Personnel

Recommend the most appropriate type of sensor to detect the target and briefly explain why. Be concise.

**Recommendation:**
Ground Penetrating Radar (GPR)

**Explanation:**
GPR is ideal for detecting buried objects like landmines. It transmits radio waves into the ground and analyzes the reflected signals to create a subsurface image, effectively “seeing” through the soil to identify the mine’s shape and location. The soil type (dry and humus) is not a significant impediment to GPR operation.",/content/drive/MyDrive/Capstone/Output/2025-11-24_23-21-37/attentions/attn_0111.json
"You are a sensor expert. Given the following situation:
Context: Voltage: 0.353473918 V, Height: 0.454545455 cm, Soil Type: Dry and Humus
Target: Land mine Mine Type: Anti-Personnel

Recommend the most appropriate type of sensor to detect the target and briefly explain why. Be concise.

**Recommendation:** Ground Penetrating Radar (GPR)

**Explanation:** GPR is ideal for detecting buried objects like landmines, as it transmits radio waves into the ground and analyzes the reflected signals to create an image of subsurface features. The soil type (dry and humus) is generally well-suited for GPR operation.",/content/drive/MyDrive/Capstone/Output/2025-11-24_23-21-37/attentions/attn_0112.json
"You are a sensor expert. Given the following situation:
Context: Voltage: 0.356495062 V, Height: 0.636363636 cm, Soil Type: Dry and Humus
Target: Land mine Mine Type: Anti-Personnel

Recommend the most appropriate type of sensor to detect the target and briefly explain why. Be concise.

**Recommendation:** Ground Penetrating Radar (GPR)

**Explanation:** GPR is ideal for detecting buried objects like landmines, especially when soil conditions (dry and humus) can attenuate other sensor types. It transmits radio waves into the ground and analyzes the reflected signals to identify anomalies indicative of a mine's presence.",/content/drive/MyDrive/Capstone/Output/2025-11-24_23-21-37/attentions/attn_0113.json
"You are a sensor expert. Given the following situation:
Context: Voltage: 0.314199046 V, Height: 0.727272727 cm, Soil Type: Dry and Humus
Target: Land mine Mine Type: Anti-Personnel

Recommend the most appropriate type of sensor to detect the target and briefly explain why. Be concise.

**Recommendation:**
Ground Penetrating Radar (GPR)

**Explanation:**
GPR is ideal for detecting buried objects like landmines without disturbing the soil. It sends radar pulses into the ground and analyzes the reflected signals to identify anomalies indicative of the mine's presence. Soil type and height are relevant for adjusting parameters but don't dictate the sensor type.",/content/drive/MyDrive/Capstone/Output/2025-11-24_23-21-37/attentions/attn_0114.json
"You are a sensor expert. Given the following situation:
Context: Voltage: 0.253776167 V, Height: 0.909090909 cm, Soil Type: Dry and Humus
Target: Land mine Mine Type: Anti-Personnel

Recommend the most appropriate type of sensor to detect the target and briefly explain why. Be concise.

**Recommendation:**
Ground-Penetrating Radar (GPR)

**Explanation:**
GPR is ideal for detecting buried objects like landmines, as it utilizes radar waves to image the subsurface without physical contact. Its ability to penetrate soil and distinguish between different materials makes it the most effective sensor for this target.",/content/drive/MyDrive/Capstone/Output/2025-11-24_23-21-37/attentions/attn_0115.json
"You are a sensor expert. Given the following situation:
Context: Voltage: 0.574017428 V, Height: 0 cm, Soil Type: Humid and Humus
Target: Land mine Mine Type: Anti-Personnel

Recommend the most appropriate type of sensor to detect the target and briefly explain why. Be concise.

**Recommendation: Ground Penetrating Radar (GPR)**

**Explanation:** GPR is ideal for detecting buried objects like landmines, as it can penetrate the soil and map the subsurface without excavation. The soil type (humid and humus) is suitable for GPR operation.",/content/drive/MyDrive/Capstone/Output/2025-11-24_23-21-37/attentions/attn_0116.json
"You are a sensor expert. Given the following situation:
Context: Voltage: 0.477340821 V, Height: 0.181818182 cm, Soil Type: Humid and Humus
Target: Land mine Mine Type: Anti-Personnel

Recommend the most appropriate type of sensor to detect the target and briefly explain why. Be concise.

**Recommendation:**
Ground Penetrating Radar (GPR)

**Explanation:**
GPR is best suited for detecting buried objects like landmines, as it can penetrate the soil and identify anomalies in the subsurface structure caused by the mine's presence. The soil type (humid and humus) is not a significant factor for GPR's effectiveness.",/content/drive/MyDrive/Capstone/Output/2025-11-24_23-21-37/attentions/attn_0117.json
"You are a sensor expert. Given the following situation:
Context: Voltage: 0.483383109 V, Height: 0.272727273 cm, Soil Type: Humid and Humus
Target: Land mine Mine Type: Anti-Personnel

Recommend the most appropriate type of sensor to detect the target and briefly explain why. Be concise.

**Recommendation:**
Ground Penetrating Radar (GPR)

**Explanation:**
GPR is best suited for detecting buried objects like landmines, especially when soil conditions are complex (humid and humus) that can attenuate other sensor signals. It provides subsurface imaging, bypassing soil limitations.",/content/drive/MyDrive/Capstone/Output/2025-11-24_23-21-37/attentions/attn_0118.json
"You are a sensor expert. Given the following situation:
Context: Voltage: 0.407854509 V, Height: 0.454545455 cm, Soil Type: Humid and Humus
Target: Land mine Mine Type: Anti-Personnel

Recommend the most appropriate type of sensor to detect the target and briefly explain why. Be concise.

**Recommendation:** Ground Penetrating Radar (GPR)

**Explanation:** GPR can detect buried objects based on changes in soil dielectric properties, which would likely be caused by the mine's metallic components. The soil type (humid and humus) is relatively well-suited for GPR operation.",/content/drive/MyDrive/Capstone/Output/2025-11-24_23-21-37/attentions/attn_0119.json
"You are a sensor expert. Given the following situation:
Context: Voltage: 0.386706501 V, Height: 0.545454545 cm, Soil Type: Humid and Humus
Target: Land mine Mine Type: Anti-Personnel

Recommend the most appropriate type of sensor to detect the target and briefly explain why. Be concise.

**Recommendation:**
Ground Penetrating Radar (GPR)

**Explanation:**
GPR can effectively detect buried objects like landmines, especially when soil conditions are conducive to signal penetration (humus-rich). It analyzes the soil's dielectric properties, which change around a buried object.",/content/drive/MyDrive/Capstone/Output/2025-11-24_23-21-37/attentions/attn_0120.json
"You are a sensor expert. Given the following situation:
Context: Voltage: 0.389727645 V, Height: 0.727272727 cm, Soil Type: Humid and Humus
Target: Land mine Mine Type: Anti-Personnel

Recommend the most appropriate type of sensor to detect the target and briefly explain why. Be concise.

**Recommendation:**
Ground Penetrating Radar (GPR)

**Explanation:**
GPR excels at detecting buried objects and anomalies in the soil, making it ideal for locating landmines. The soil type (humid and humus) presents some challenges, but GPR can penetrate these conditions to a reasonable depth, revealing the target's presence.",/content/drive/MyDrive/Capstone/Output/2025-11-24_23-21-37/attentions/attn_0121.json
"You are a sensor expert. Given the following situation:
Context: Voltage: 0.365558494 V, Height: 0.818181818 cm, Soil Type: Humid and Humus
Target: Land mine Mine Type: Anti-Personnel

Recommend the most appropriate type of sensor to detect the target and briefly explain why. Be concise.

**Recommendation:**
Ground Penetrating Radar (GPR)

**Explanation:**
GPR is ideal for detecting buried objects like landmines, as it can image subsurface anomalies without excavation. The soil type (humid and humus) presents a moderate challenge for GPR due to signal attenuation, but the technology can still provide valuable data.",/content/drive/MyDrive/Capstone/Output/2025-11-24_23-21-37/attentions/attn_0122.json
"You are a sensor expert. Given the following situation:
Context: Voltage: 0.326283622 V, Height: 1 cm, Soil Type: Humid and Humus
Target: Land mine Mine Type: Anti-Personnel

Recommend the most appropriate type of sensor to detect the target and briefly explain why. Be concise.

**Recommendation:**
Ground Penetrating Radar (GPR)

**Explanation:**
GPR is ideal for detecting buried objects like landmines, as it transmits radar pulses into the ground and analyzes the reflected signals to identify changes in soil composition and density, revealing the presence of metallic mine bodies.",/content/drive/MyDrive/Capstone/Output/2025-11-24_23-21-37/attentions/attn_0123.json
"You are a sensor expert. Given the following situation:
Context: Voltage: 0.664651747 V, Height: 0.181818182 cm, Soil Type: Dry and Limy
Target: Land mine Mine Type: Anti-Personnel

Recommend the most appropriate type of sensor to detect the target and briefly explain why. Be concise.

**Recommendation:**
Ground Penetrating Radar (GPR)

**Explanation:**
GPR is ideal for detecting buried objects like landmines, especially in varied soil conditions. It transmits radar pulses into the ground and analyzes the reflected signals to identify anomalies indicative of metallic landmine structures. The soil type (dry and limy) doesn't significantly impede GPR's effectiveness.",/content/drive/MyDrive/Capstone/Output/2025-11-24_23-21-37/attentions/attn_0124.json
"You are a sensor expert. Given the following situation:
Context: Voltage: 0.510573404 V, Height: 0.363636364 cm, Soil Type: Dry and Limy
Target: Land mine Mine Type: Anti-Personnel

Recommend the most appropriate type of sensor to detect the target and briefly explain why. Be concise.

**Recommendation:**
Ground Penetrating Radar (GPR)

**Explanation:**
GPR is ideal for detecting buried objects like landmines, as it transmits radar pulses into the ground and analyzes the reflected signals to map subsurface features, bypassing soil limitations.",/content/drive/MyDrive/Capstone/Output/2025-11-24_23-21-37/attentions/attn_0125.json
"You are a sensor expert. Given the following situation:
Context: Voltage: 0.483383109 V, Height: 0.454545455 cm, Soil Type: Dry and Limy
Target: Land mine Mine Type: Anti-Personnel

Recommend the most appropriate type of sensor to detect the target and briefly explain why. Be concise.

**Recommendation:**
Ground Penetrating Radar (GPR)

**Explanation:**
GPR is ideal for detecting buried objects like landmines, especially in dry, limy soil, as it transmits radio waves into the ground and analyzes the reflected signals to identify anomalies indicative of a mine's metallic components.",/content/drive/MyDrive/Capstone/Output/2025-11-24_23-21-37/attentions/attn_0126.json
"You are a sensor expert. Given the following situation:
Context: Voltage: 0.395769933 V, Height: 0.636363636 cm, Soil Type: Dry and Limy
Target: Land mine Mine Type: Anti-Personnel

Recommend the most appropriate type of sensor to detect the target and briefly explain why. Be concise.

**Recommendation:**
Ground Penetrating Radar (GPR)

**Explanation:**
GPR is best suited for detecting buried objects like landmines. It transmits radar pulses into the ground and analyzes the reflected signals to create an image of the subsurface, revealing the presence of metallic objects without excavation. The dry and limy soil type is not a significant impediment to GPR operation.",/content/drive/MyDrive/Capstone/Output/2025-11-24_23-21-37/attentions/attn_0127.json
"You are a sensor expert. Given the following situation:
Context: Voltage: 0.36253735 V, Height: 0.727272727 cm, Soil Type: Dry and Limy
Target: Land mine Mine Type: Anti-Personnel

Recommend the most appropriate type of sensor to detect the target and briefly explain why. Be concise.

**Recommendation:** Ground Penetrating Radar (GPR)

**Explanation:** Landmines are often buried shallowly and their metallic components can be difficult to detect with traditional methods. GPR can effectively image the subsurface and identify buried objects based on their radar reflections.",/content/drive/MyDrive/Capstone/Output/2025-11-24_23-21-37/attentions/attn_0128.json
"You are a sensor expert. Given the following situation:
Context: Voltage: 0.352748789 V, Height: 0.909090909 cm, Soil Type: Dry and Limy
Target: Land mine Mine Type: Anti-Personnel

Recommend the most appropriate type of sensor to detect the target and briefly explain why. Be concise.

**Recommendation:**
Ground Penetrating Radar (GPR)

**Explanation:**
GPR is ideal for detecting buried objects like landmines, as it can penetrate the soil and identify anomalies in the subsurface caused by the mine's shape and composition. The dry, limy soil is suitable for GPR operation.",/content/drive/MyDrive/Capstone/Output/2025-11-24_23-21-37/attentions/attn_0129.json
"You are a sensor expert. Given the following situation:
Context: Voltage: 0.352960229 V, Height: 1 cm, Soil Type: Dry and Limy
Target: Land mine Mine Type: Anti-Personnel

Recommend the most appropriate type of sensor to detect the target and briefly explain why. Be concise.

**Recommendation:**
Ground Penetrating Radar (GPR)

**Explanation:**
GPR is ideal for detecting buried objects like landmines, especially in dry, limy soil, which can attenuate electromagnetic signals. It provides subsurface imaging, allowing for accurate localization of the mine without soil disturbance.",/content/drive/MyDrive/Capstone/Output/2025-11-24_23-21-37/attentions/attn_0130.json
"You are a sensor expert. Given the following situation:
Context: Voltage: 0.561932852 V, Height: 0.181818182 cm, Soil Type: Humid and Limy
Target: Land mine Mine Type: Anti-Personnel

Recommend the most appropriate type of sensor to detect the target and briefly explain why. Be concise.

**Recommendation:**
Ground Penetrating Radar (GPR)

**Explanation:**
GPR is best suited for detecting buried objects like landmines, as it can penetrate the soil and create a subsurface image, revealing the mine's location without excavation. The soil type (humid and limy) is suitable for GPR operation.",/content/drive/MyDrive/Capstone/Output/2025-11-24_23-21-37/attentions/attn_0131.json
"You are a sensor expert. Given the following situation:
Context: Voltage: 0.586102004 V, Height: 0.272727273 cm, Soil Type: Humid and Limy
Target: Land mine Mine Type: Anti-Personnel

Recommend the most appropriate type of sensor to detect the target and briefly explain why. Be concise.

Sensor Recommendation: **Ground Penetrating Radar (GPR)**

Explanation: GPR can effectively detect buried objects like landmines by transmitting radar pulses into the ground and analyzing the reflected signals. The soil type (humid and limy) is suitable for GPR operation. The voltage and height data are not directly relevant to landmine detection, and the soil type data provides context for optimal GPR performance.",/content/drive/MyDrive/Capstone/Output/2025-11-24_23-21-37/attentions/attn_0132.json
"You are a sensor expert. Given the following situation:
Context: Voltage: 0.489425397 V, Height: 0.454545455 cm, Soil Type: Humid and Limy
Target: Land mine Mine Type: Anti-Personnel

Recommend the most appropriate type of sensor to detect the target and briefly explain why. Be concise.

**Recommendation:**
Ground Penetrating Radar (GPR)

**Explanation:**
GPR is best suited for detecting buried objects like landmines, as it can penetrate the soil and identify metallic signatures associated with the mine's construction. The soil type (humid and limy) is suitable for GPR operation.",/content/drive/MyDrive/Capstone/Output/2025-11-24_23-21-37/attentions/attn_0133.json
"You are a sensor expert. Given the following situation:
Context: Voltage: 0.425981373 V, Height: 0.545454545 cm, Soil Type: Humid and Limy
Target: Land mine Mine Type: Anti-Personnel

Recommend the most appropriate type of sensor to detect the target and briefly explain why. Be concise.

**Recommendation:**
Ground Penetrating Radar (GPR)

**Explanation:**
GPR is ideal for detecting buried objects like landmines, as it utilizes radar pulses to image the subsurface without excavation.  The soil type (humid and limy) is suitable for GPR operation.",/content/drive/MyDrive/Capstone/Output/2025-11-24_23-21-37/attentions/attn_0134.json
"You are a sensor expert. Given the following situation:
Context: Voltage: 0.350452774 V, Height: 0.727272727 cm, Soil Type: Humid and Limy
Target: Land mine Mine Type: Anti-Personnel

Recommend the most appropriate type of sensor to detect the target and briefly explain why. Be concise.

**Recommendation:**
Ground Penetrating Radar (GPR)

**Explanation:**
GPR is best suited for detecting buried objects like landmines, especially when combined with soil data. It transmits radar pulses into the ground and analyzes the reflected signals to identify subsurface anomalies indicative of a mine's presence. The soil type (humid and limy) doesn't significantly impact GPR performance.",/content/drive/MyDrive/Capstone/Output/2025-11-24_23-21-37/attentions/attn_0135.json
"You are a sensor expert. Given the following situation:
Context: Voltage: 0.335347054 V, Height: 0.818181818 cm, Soil Type: Humid and Limy
Target: Land mine Mine Type: Anti-Personnel

Recommend the most appropriate type of sensor to detect the target and briefly explain why. Be concise.

**Recommendation:**
Ground Penetrating Radar (GPR)

**Explanation:**
GPR is ideal for detecting buried objects like landmines, as it can penetrate the soil and map subsurface anomalies without excavation. The soil type (humid and limy) is generally conducive to GPR performance.",/content/drive/MyDrive/Capstone/Output/2025-11-24_23-21-37/attentions/attn_0136.json
"You are a sensor expert. Given the following situation:
Context: Voltage: 0.306495062 V, Height: 1 cm, Soil Type: Humid and Limy
Target: Land mine Mine Type: Anti-Personnel

Recommend the most appropriate type of sensor to detect the target and briefly explain why. Be concise.

**Recommendation:**
Ground Penetrating Radar (GPR)

**Explanation:**
GPR is ideal for detecting buried objects like landmines without disturbing the soil. It transmits radar pulses into the ground and analyzes the reflected signals to create an image of the subsurface. The soil type (humid and limy) is not a major impediment, as GPR can operate effectively in a range of soil conditions.",/content/drive/MyDrive/Capstone/Output/2025-11-24_23-21-37/attentions/attn_0137.json
"You are a sensor expert. Given the following situation:
Context: Voltage: 0.513594548 V, Height: 0.090909091 cm, Soil Type: Dry and Sandy
Target: Land mine Mine Type: Booby Trap Anti-Personnel

Recommend the most appropriate type of sensor to detect the target and briefly explain why. Be concise.

**Recommendation:**

Ground Penetrating Radar (GPR)

**Explanation:**

GPR is ideal for detecting buried objects like landmines, particularly in sandy soil. It transmits radar pulses into the ground and analyzes the reflected signals to identify anomalies indicative of metallic or otherwise contrasting objects buried below the surface.  The dry and sandy soil type is well-suited for GPR operation.",/content/drive/MyDrive/Capstone/Output/2025-11-24_23-21-37/attentions/attn_0138.json
"You are a sensor expert. Given the following situation:
Context: Voltage: 0.407854509 V, Height: 0.272727273 cm, Soil Type: Dry and Sandy
Target: Land mine Mine Type: Booby Trap Anti-Personnel

Recommend the most appropriate type of sensor to detect the target and briefly explain why. Be concise.

**Recommendation:**
Ground Penetrating Radar (GPR)

**Explanation:**
GPR is best suited for detecting buried objects like land mines due to its ability to image subsurface anomalies without excavation. The sandy soil type is ideal for GPR as it provides a good contrast for reflected signals. The voltage reading is likely related to the radar signal strength and can be used for calibration.",/content/drive/MyDrive/Capstone/Output/2025-11-24_23-21-37/attentions/attn_0139.json
"You are a sensor expert. Given the following situation:
Context: Voltage: 0.389727645 V, Height: 0.363636364 cm, Soil Type: Dry and Sandy
Target: Land mine Mine Type: Booby Trap Anti-Personnel

Recommend the most appropriate type of sensor to detect the target and briefly explain why. Be concise.

Recommendation:
**Ground Penetrating Radar (GPR)**

Explanation:
GPR is ideal for detecting buried objects like landmines, especially in sandy soil. It sends radar pulses into the ground and analyzes the reflected signals to map subsurface anomalies, effectively locating the mine without surface disturbance.",/content/drive/MyDrive/Capstone/Output/2025-11-24_23-21-37/attentions/attn_0140.json
"You are a sensor expert. Given the following situation:
Context: Voltage: 0.338368198 V, Height: 0.545454545 cm, Soil Type: Dry and Sandy
Target: Land mine Mine Type: Booby Trap Anti-Personnel

Recommend the most appropriate type of sensor to detect the target and briefly explain why. Be concise.

**Recommendation: Ground Penetrating Radar (GPR)**

**Rationale:** GPR can penetrate the dry, sandy soil to detect buried objects like landmines, providing a non-destructive method to identify the target's location.",/content/drive/MyDrive/Capstone/Output/2025-11-24_23-21-37/attentions/attn_0141.json
"You are a sensor expert. Given the following situation:
Context: Voltage: 0.353473918 V, Height: 0.636363636 cm, Soil Type: Dry and Sandy
Target: Land mine Mine Type: Booby Trap Anti-Personnel

Recommend the most appropriate type of sensor to detect the target and briefly explain why. Be concise.

**Recommendation:**
Ground Penetrating Radar (GPR)

**Explanation:**
GPR is ideal for detecting buried objects like landmines, especially in dry, sandy soil. It transmits radio waves into the ground and analyzes the reflected signals to create an image of the subsurface, revealing the presence and location of metallic objects commonly used in booby traps.",/content/drive/MyDrive/Capstone/Output/2025-11-24_23-21-37/attentions/attn_0142.json
"You are a sensor expert. Given the following situation:
Context: Voltage: 0.368579638 V, Height: 0.818181818 cm, Soil Type: Dry and Sandy
Target: Land mine Mine Type: Booby Trap Anti-Personnel

Recommend the most appropriate type of sensor to detect the target and briefly explain why. Be concise.

**Recommendation:**
Vibroacoustic sensor.

**Explanation:**
Booby traps, particularly anti-personnel mines, often utilize vibration as a trigger mechanism. A vibroacoustic sensor can detect these subtle vibrations, providing early warning and increasing safety.",/content/drive/MyDrive/Capstone/Output/2025-11-24_23-21-37/attentions/attn_0143.json
"You are a sensor expert. Given the following situation:
Context: Voltage: 0.36253735 V, Height: 0.909090909 cm, Soil Type: Dry and Sandy
Target: Land mine Mine Type: Booby Trap Anti-Personnel

Recommend the most appropriate type of sensor to detect the target and briefly explain why. Be concise.

**Recommendation:**
Ground Penetrating Radar (GPR)

**Explanation:**
GPR is ideal for detecting buried objects like landmines without disturbing the surface. It can effectively penetrate dry, sandy soil to identify the presence and location of the mine.",/content/drive/MyDrive/Capstone/Output/2025-11-24_23-21-37/attentions/attn_0144.json
"You are a sensor expert. Given the following situation:
Context: Voltage: 0.501509972 V, Height: 0 cm, Soil Type: Humid and Sandy
Target: Land mine Mine Type: Booby Trap Anti-Personnel

Recommend the most appropriate type of sensor to detect the target and briefly explain why. Be concise.

**Recommendation: Ground Penetrating Radar (GPR)**

**Rationale:** GPR can detect buried objects like landmines by emitting radar pulses into the ground and analyzing the reflected signals. The soil type (humid and sandy) is suitable for GPR operation, and the height of 0 cm allows for direct probing.",/content/drive/MyDrive/Capstone/Output/2025-11-24_23-21-37/attentions/attn_0145.json
"You are a sensor expert. Given the following situation:
Context: Voltage: 0.441087093 V, Height: 0.090909091 cm, Soil Type: Humid and Sandy
Target: Land mine Mine Type: Booby Trap Anti-Personnel

Recommend the most appropriate type of sensor to detect the target and briefly explain why. Be concise.

**Recommendation: Ground Penetrating Radar (GPR)**

**Reasoning:**

GPR is ideal for detecting buried objects like landmines. It transmits radio waves into the ground and analyzes the reflected signals to create an image of the subsurface. This technology can differentiate between different soil types and detect metallic or otherwise contrasting objects buried at shallow depths, which is crucial for identifying a landmine's presence.",/content/drive/MyDrive/Capstone/Output/2025-11-24_23-21-37/attentions/attn_0146.json
"You are a sensor expert. Given the following situation:
Context: Voltage: 0.404833365 V, Height: 0.363636364 cm, Soil Type: Humid and Sandy
Target: Land mine Mine Type: Booby Trap Anti-Personnel

Recommend the most appropriate type of sensor to detect the target and briefly explain why. Be concise.

**Recommendation:**
Ground Penetrating Radar (GPR)

**Explanation:**
GPR is ideal for detecting buried objects like landmines. It transmits radar pulses into the ground and analyzes the reflected signals to map the subsurface, effectively ""seeing"" through the soil to identify the presence and location of the mine.",/content/drive/MyDrive/Capstone/Output/2025-11-24_23-21-37/attentions/attn_0147.json
"You are a sensor expert. Given the following situation:
Context: Voltage: 0.37764307 V, Height: 0.454545455 cm, Soil Type: Humid and Sandy
Target: Land mine Mine Type: Booby Trap Anti-Personnel

Recommend the most appropriate type of sensor to detect the target and briefly explain why. Be concise.

**Recommendation: Ground Penetrating Radar (GPR)**

**Explanation:** GPR can effectively detect buried objects like landmines by transmitting radar pulses into the ground and analyzing the reflected signals. The sandy soil type is suitable for GPR operation, and the height measurement can help refine the search area.  Voltage data is not directly relevant for this target.",/content/drive/MyDrive/Capstone/Output/2025-11-24_23-21-37/attentions/attn_0148.json
"You are a sensor expert. Given the following situation:
Context: Voltage: 0.34743163 V, Height: 0.636363636 cm, Soil Type: Humid and Sandy
Target: Land mine Mine Type: Booby Trap Anti-Personnel

Recommend the most appropriate type of sensor to detect the target and briefly explain why. Be concise.

**Recommendation: Ground Penetrating Radar (GPR)**

**Explanation:** GPR can effectively detect buried objects like landmines by emitting radio waves and analyzing the reflected signals. The soil type (humid and sandy) is suitable for GPR operation, and the height (0.636363636 cm) suggests a shallow burial, which GPR excels at detecting.",/content/drive/MyDrive/Capstone/Output/2025-11-24_23-21-37/attentions/attn_0149.json
"You are a sensor expert. Given the following situation:
Context: Voltage: 0.330664214 V, Height: 0.727272727 cm, Soil Type: Humid and Sandy
Target: Land mine Mine Type: Booby Trap Anti-Personnel

Recommend the most appropriate type of sensor to detect the target and briefly explain why. Be concise.

**Recommendation:**
Ground Penetrating Radar (GPR)

**Explanation:**
GPR is ideal for detecting buried objects like land mines, as it transmits radar pulses into the ground and analyzes the reflected signals to create a subsurface image. This is particularly effective in sandy soil, which is common in minefields.",/content/drive/MyDrive/Capstone/Output/2025-11-24_23-21-37/attentions/attn_0150.json
"You are a sensor expert. Given the following situation:
Context: Voltage: 0.329304766 V, Height: 0.909090909 cm, Soil Type: Humid and Sandy
Target: Land mine Mine Type: Booby Trap Anti-Personnel

Recommend the most appropriate type of sensor to detect the target and briefly explain why. Be concise.

**Recommendation:**
Ground Penetrating Radar (GPR)

**Explanation:**
GPR is ideal for detecting buried objects like land mines. It transmits radar pulses into the ground and analyzes the reflected signals to map subsurface features, effectively bypassing the soil's conductivity issues that can hinder other sensors.",/content/drive/MyDrive/Capstone/Output/2025-11-24_23-21-37/attentions/attn_0151.json
"You are a sensor expert. Given the following situation:
Context: Voltage: 0.309516206 V, Height: 1 cm, Soil Type: Humid and Sandy
Target: Land mine Mine Type: Booby Trap Anti-Personnel

Recommend the most appropriate type of sensor to detect the target and briefly explain why. Be concise.

**Recommendation:**
**Ground Penetrating Radar (GPR)**

**Explanation:**
GPR is ideal for detecting buried objects like landmines, especially in sandy soil. It transmits radar pulses into the ground and analyzes the reflected signals to identify anomalies caused by the mine's metallic components or its buried structure. The humid and sandy soil conditions are suitable for GPR operation.",/content/drive/MyDrive/Capstone/Output/2025-11-24_23-21-37/attentions/attn_0152.json
"You are a sensor expert. Given the following situation:
Context: Voltage: 0.531721412 V, Height: 0.181818182 cm, Soil Type: Dry and Humus
Target: Land mine Mine Type: Booby Trap Anti-Personnel

Recommend the most appropriate type of sensor to detect the target and briefly explain why. Be concise.

**Recommendation:**
Ground Penetrating Radar (GPR)

**Explanation:**
GPR is ideal for detecting buried objects like landmines, as it emits radio waves into the ground and analyzes the reflected signals to map subsurface features. The soil type (dry and humus) is suitable for GPR operation.",/content/drive/MyDrive/Capstone/Output/2025-11-24_23-21-37/attentions/attn_0153.json
"You are a sensor expert. Given the following situation:
Context: Voltage: 0.504531116 V, Height: 0.272727273 cm, Soil Type: Dry and Humus
Target: Land mine Mine Type: Booby Trap Anti-Personnel

Recommend the most appropriate type of sensor to detect the target and briefly explain why. Be concise.

**Recommendation: Ground Penetrating Radar (GPR)**

**Explanation:** GPR can detect buried objects like landmines by emitting radio waves into the ground and analyzing the reflected signals. The soil type (dry and humus) is suitable for GPR operation.",/content/drive/MyDrive/Capstone/Output/2025-11-24_23-21-37/attentions/attn_0154.json
"You are a sensor expert. Given the following situation:
Context: Voltage: 0.438065949 V, Height: 0.454545455 cm, Soil Type: Dry and Humus
Target: Land mine Mine Type: Booby Trap Anti-Personnel

Recommend the most appropriate type of sensor to detect the target and briefly explain why. Be concise.

**Recommendation:**
Ground Penetrating Radar (GPR)

**Explanation:**
GPR is best suited for detecting buried objects like landmines, as it can penetrate the soil and identify anomalies in the subsurface. The soil type (dry and humus) is manageable for GPR, and the low voltage reading suggests the mine is likely buried.",/content/drive/MyDrive/Capstone/Output/2025-11-24_23-21-37/attentions/attn_0155.json
"You are a sensor expert. Given the following situation:
Context: Voltage: 0.398791077 V, Height: 0.545454545 cm, Soil Type: Dry and Humus
Target: Land mine Mine Type: Booby Trap Anti-Personnel

Recommend the most appropriate type of sensor to detect the target and briefly explain why. Be concise.

**Recommendation:**
Ground Penetrating Radar (GPR)

**Explanation:**
GPR is ideal for detecting buried objects like landmines, as it can penetrate the soil and identify anomalies in the subsurface structure caused by the mine's metallic components. The soil type (dry and humus) is not a significant impediment to GPR operation.",/content/drive/MyDrive/Capstone/Output/2025-11-24_23-21-37/attentions/attn_0156.json
"You are a sensor expert. Given the following situation:
Context: Voltage: 0.36253735 V, Height: 0.727272727 cm, Soil Type: Dry and Humus
Target: Land mine Mine Type: Booby Trap Anti-Personnel

Recommend the most appropriate type of sensor to detect the target and briefly explain why. Be concise.

**Recommendation:**
Ground Penetrating Radar (GPR)

**Explanation:**
GPR is best suited for detecting buried objects like landmines, as it can penetrate the soil to identify metallic or otherwise contrasting material anomalies. It doesn't rely on direct voltage or soil moisture, making it ideal for this context.",/content/drive/MyDrive/Capstone/Output/2025-11-24_23-21-37/attentions/attn_0157.json
"You are a sensor expert. Given the following situation:
Context: Voltage: 0.314199046 V, Height: 0.818181818 cm, Soil Type: Dry and Humus
Target: Land mine Mine Type: Booby Trap Anti-Personnel

Recommend the most appropriate type of sensor to detect the target and briefly explain why. Be concise.

**Recommendation: Ground Penetrating Radar (GPR)**

**Explanation:** GPR is ideal for detecting buried objects like landmines. It transmits radio waves into the ground and analyzes the reflected signals to create an image of the subsurface, effectively ""seeing"" through the soil to identify anomalies indicative of a buried mine. The soil type (Dry and Humus) is suitable for GPR operation.",/content/drive/MyDrive/Capstone/Output/2025-11-24_23-21-37/attentions/attn_0158.json
"You are a sensor expert. Given the following situation:
Context: Voltage: 0.329304766 V, Height: 1 cm, Soil Type: Dry and Humus
Target: Land mine Mine Type: Booby Trap Anti-Personnel

Recommend the most appropriate type of sensor to detect the target and briefly explain why. Be concise.

**Recommendation: Ground Penetrating Radar (GPR)**

**Explanation:** GPR can detect buried objects, like landmines, by emitting radar pulses into the ground and analyzing the reflected signals. The dry and humus soil type can affect the signal, but GPR is still the best option for detecting buried objects without disturbing the soil.",/content/drive/MyDrive/Capstone/Output/2025-11-24_23-21-37/attentions/attn_0159.json
"You are a sensor expert. Given the following situation:
Context: Voltage: 0.28125225 V, Height: 0 cm, Soil Type: Humid and Humus
Target: Land mine Mine Type: Booby Trap Anti-Personnel

Recommend the most appropriate type of sensor to detect the target and briefly explain why. Be concise.

Recommendation:
**Induction Loop Sensor**

Explanation:
Booby traps, particularly anti-personnel mines, often utilize metal components (wire, casings) for triggering. Induction loops excel at detecting these buried metallic objects, even with soil interference.",/content/drive/MyDrive/Capstone/Output/2025-11-24_23-21-37/attentions/attn_0160.json
"You are a sensor expert. Given the following situation:
Context: Voltage: 0.273866976 V, Height: 0.181818182 cm, Soil Type: Humid and Humus
Target: Land mine Mine Type: Booby Trap Anti-Personnel

Recommend the most appropriate type of sensor to detect the target and briefly explain why. Be concise.

**Recommendation:** Ground Penetrating Radar (GPR)

**Explanation:** GPR can detect buried objects like landmines by analyzing the changes in soil dielectric permittivity caused by the mine's metallic components. The soil type (humid and humus) is suitable for GPR operation.",/content/drive/MyDrive/Capstone/Output/2025-11-24_23-21-37/attentions/attn_0161.json
"You are a sensor expert. Given the following situation:
Context: Voltage: 0.256465241 V, Height: 0.272727273 cm, Soil Type: Humid and Humus
Target: Land mine Mine Type: Booby Trap Anti-Personnel

Recommend the most appropriate type of sensor to detect the target and briefly explain why. Be concise.

Recommendation: **Ground Penetrating Radar (GPR)**

Explanation: GPR can detect buried objects like landmines by analyzing subsurface reflections.  The soil type (humid and humus) is suitable for GPR operation.",/content/drive/MyDrive/Capstone/Output/2025-11-24_23-21-37/attentions/attn_0162.json
"You are a sensor expert. Given the following situation:
Context: Voltage: 0.227522439 V, Height: 0.454545455 cm, Soil Type: Humid and Humus
Target: Land mine Mine Type: Booby Trap Anti-Personnel

Recommend the most appropriate type of sensor to detect the target and briefly explain why. Be concise.

**Recommendation:**
Ground Penetrating Radar (GPR)

**Explanation:**
GPR is ideal for detecting buried objects like landmines, as it can penetrate the soil and identify anomalies in the subsurface caused by the mine's metallic components. The soil type (humid and humus) is suitable for GPR operation.",/content/drive/MyDrive/Capstone/Output/2025-11-24_23-21-37/attentions/attn_0163.json
"You are a sensor expert. Given the following situation:
Context: Voltage: 0.235649303 V, Height: 0.545454545 cm, Soil Type: Humid and Humus
Target: Land mine Mine Type: Booby Trap Anti-Personnel

Recommend the most appropriate type of sensor to detect the target and briefly explain why. Be concise.

**Recommendation:**
Ground Penetrating Radar (GPR)

**Explanation:**
GPR is ideal for detecting buried objects like landmines, as it can penetrate the soil to map subsurface anomalies indicative of a mine's presence without excavation. The soil type (humid and humus) is well-suited for GPR operation.",/content/drive/MyDrive/Capstone/Output/2025-11-24_23-21-37/attentions/attn_0164.json
"You are a sensor expert. Given the following situation:
Context: Voltage: 0.207945319 V, Height: 0.727272727 cm, Soil Type: Humid and Humus
Target: Land mine Mine Type: Booby Trap Anti-Personnel

Recommend the most appropriate type of sensor to detect the target and briefly explain why. Be concise.

**Recommendation:**
Ground Penetrating Radar (GPR)

**Explanation:**
GPR is ideal for detecting buried objects like landmines, as it transmits radio waves into the ground and analyzes the reflected signals to create a subsurface image. The soil type (humid and humus) is suitable for GPR operation.",/content/drive/MyDrive/Capstone/Output/2025-11-24_23-21-37/attentions/attn_0165.json
"You are a sensor expert. Given the following situation:
Context: Voltage: 0.197733879 V, Height: 0.818181818 cm, Soil Type: Humid and Humus
Target: Land mine Mine Type: Booby Trap Anti-Personnel

Recommend the most appropriate type of sensor to detect the target and briefly explain why. Be concise.

**Recommendation:**
Ground Penetrating Radar (GPR)

**Explanation:**
GPR is ideal for detecting buried objects like landmines, as it can image the subsurface without excavation. It can differentiate between soil types and identify metallic components often used in booby traps.",/content/drive/MyDrive/Capstone/Output/2025-11-24_23-21-37/attentions/attn_0166.json
"You are a sensor expert. Given the following situation:
Context: Voltage: 0.24220528 V, Height: 0.090909091 cm, Soil Type: Dry and Limy
Target: Land mine Mine Type: Booby Trap Anti-Personnel

Recommend the most appropriate type of sensor to detect the target and briefly explain why. Be concise.

**Recommendation: Ground Penetrating Radar (GPR)**

**Explanation:** GPR can detect buried objects like landmines by emitting radio waves into the ground and analyzing the reflected signals. The soil type (Dry and Limy) is suitable for GPR operation.",/content/drive/MyDrive/Capstone/Output/2025-11-24_23-21-37/attentions/attn_0167.json
"You are a sensor expert. Given the following situation:
Context: Voltage: 0.240332143 V, Height: 0.181818182 cm, Soil Type: Dry and Limy
Target: Land mine Mine Type: Booby Trap Anti-Personnel

Recommend the most appropriate type of sensor to detect the target and briefly explain why. Be concise.

**Recommendation:**
Ground Penetrating Radar (GPR)

**Explanation:**
GPR is ideal for detecting buried objects like landmines. It transmits radar pulses into the ground and analyzes the reflected signals to create an image of the subsurface, revealing the presence of metallic objects and their depth. This is particularly useful in dry, limy soils which can sometimes attenuate other sensor types.",/content/drive/MyDrive/Capstone/Output/2025-11-24_23-21-37/attentions/attn_0168.json
"You are a sensor expert. Given the following situation:
Context: Voltage: 0.262839599 V, Height: 0.454545455 cm, Soil Type: Dry and Limy
Target: Land mine Mine Type: Booby Trap Anti-Personnel

Recommend the most appropriate type of sensor to detect the target and briefly explain why. Be concise.

**Recommendation:**
Ground Penetrating Radar (GPR)

**Explanation:**
GPR is ideal for detecting buried objects like landmines. It transmits radio waves into the ground and analyzes the reflected signals to create a subsurface image, revealing the presence of metallic or otherwise anomalous objects beneath the soil surface. The dry, limy soil conditions are not expected to significantly impede GPR performance.",/content/drive/MyDrive/Capstone/Output/2025-11-24_23-21-37/attentions/attn_0169.json
"You are a sensor expert. Given the following situation:
Context: Voltage: 0.255860743 V, Height: 0.545454545 cm, Soil Type: Dry and Limy
Target: Land mine Mine Type: Booby Trap Anti-Personnel

Recommend the most appropriate type of sensor to detect the target and briefly explain why. Be concise.

**Recommendation:**
Ground Penetrating Radar (GPR)

**Explanation:**
GPR is best suited for detecting buried objects like landmines without disturbing the soil. It can identify the presence of metallic components in the mine's construction.",/content/drive/MyDrive/Capstone/Output/2025-11-24_23-21-37/attentions/attn_0170.json
"You are a sensor expert. Given the following situation:
Context: Voltage: 0.233987607 V, Height: 0.727272727 cm, Soil Type: Dry and Limy
Target: Land mine Mine Type: Booby Trap Anti-Personnel

Recommend the most appropriate type of sensor to detect the target and briefly explain why. Be concise.

**Recommendation:**
A Ground Penetrating Radar (GPR) sensor is the most appropriate.

**Explanation:**
GPR can effectively detect buried objects like landmines by analyzing reflected radar waves. The dry and limy soil type is suitable for GPR operation, and the voltage reading (0.234V) is within a typical range for GPR operation.",/content/drive/MyDrive/Capstone/Output/2025-11-24_23-21-37/attentions/attn_0171.json
"You are a sensor expert. Given the following situation:
Context: Voltage: 0.213096646 V, Height: 0.818181818 cm, Soil Type: Dry and Limy
Target: Land mine Mine Type: Booby Trap Anti-Personnel

Recommend the most appropriate type of sensor to detect the target and briefly explain why. Be concise.

**Recommendation:**
Ground Penetrating Radar (GPR)

**Explanation:**
GPR is ideal for detecting buried objects like landmines, as it can penetrate the soil and identify anomalies in the subsurface due to the mine's metallic components. The dry and limy soil type doesn't significantly hinder GPR performance.",/content/drive/MyDrive/Capstone/Output/2025-11-24_23-21-37/attentions/attn_0172.json
"You are a sensor expert. Given the following situation:
Context: Voltage: 0.234924175 V, Height: 1 cm, Soil Type: Dry and Limy
Target: Land mine Mine Type: Booby Trap Anti-Personnel

Recommend the most appropriate type of sensor to detect the target and briefly explain why. Be concise.

**Recommendation:**
Inductive Metal Detector
**Explanation:**
Booby traps, particularly anti-personnel mines, often utilize metal components (wire, pins, etc.) for triggering mechanisms. An inductive metal detector excels at identifying these metallic signatures, regardless of soil conditions, and can operate effectively at shallow depths like 1cm.",/content/drive/MyDrive/Capstone/Output/2025-11-24_23-21-37/attentions/attn_0173.json
"You are a sensor expert. Given the following situation:
Context: Voltage: 0.592144292 V, Height: 0 cm, Soil Type: Humid and Limy
Target: Land mine Mine Type: Booby Trap Anti-Personnel

Recommend the most appropriate type of sensor to detect the target and briefly explain why. Be concise.

**Recommendation: Ground Penetrating Radar (GPR)**

**Explanation:** GPR is ideal for detecting buried objects like landmines without disturbing the soil. It utilizes radar pulses to map the subsurface, effectively identifying the presence and location of the mine.",/content/drive/MyDrive/Capstone/Output/2025-11-24_23-21-37/attentions/attn_0174.json
"You are a sensor expert. Given the following situation:
Context: Voltage: 0.416917941 V, Height: 0.181818182 cm, Soil Type: Humid and Limy
Target: Land mine Mine Type: Booby Trap Anti-Personnel

Recommend the most appropriate type of sensor to detect the target and briefly explain why. Be concise.

**Recommendation:**
Ground Penetrating Radar (GPR)

**Explanation:**
GPR is ideal for detecting buried objects like land mines, as it can penetrate the soil and identify anomalies in the subsurface that indicate the presence of a mine’s metallic components. It doesn't rely on surface readings and is effective in various soil types.",/content/drive/MyDrive/Capstone/Output/2025-11-24_23-21-37/attentions/attn_0175.json
"You are a sensor expert. Given the following situation:
Context: Voltage: 0.422960229 V, Height: 0.272727273 cm, Soil Type: Humid and Limy
Target: Land mine Mine Type: Booby Trap Anti-Personnel

Recommend the most appropriate type of sensor to detect the target and briefly explain why. Be concise.

**Recommendation:**
Ground Penetrating Radar (GPR)

**Explanation:**
GPR is ideal for detecting buried objects like landmines without disturbing the soil. It emits radar pulses into the ground and analyzes the reflected signals to create an image of subsurface features, effectively mapping the location of the mine.",/content/drive/MyDrive/Capstone/Output/2025-11-24_23-21-37/attentions/attn_0176.json
"You are a sensor expert. Given the following situation:
Context: Voltage: 0.407854509 V, Height: 0.454545455 cm, Soil Type: Humid and Limy
Target: Land mine Mine Type: Booby Trap Anti-Personnel

Recommend the most appropriate type of sensor to detect the target and briefly explain why. Be concise.

**Recommendation:**
Ground Penetrating Radar (GPR)

**Explanation:**
GPR is ideal for detecting buried objects like landmines without disturbing the soil. It analyzes subsurface radar reflections to identify metallic objects, which are common in booby traps.",/content/drive/MyDrive/Capstone/Output/2025-11-24_23-21-37/attentions/attn_0177.json
"You are a sensor expert. Given the following situation:
Context: Voltage: 0.33232591 V, Height: 0.545454545 cm, Soil Type: Humid and Limy
Target: Land mine Mine Type: Booby Trap Anti-Personnel

Recommend the most appropriate type of sensor to detect the target and briefly explain why. Be concise.

Sensor Recommendation: **Ground Penetrating Radar (GPR)**

Explanation: GPR can detect buried objects like landmines by emitting radar pulses into the ground and analyzing the reflected signals. It's effective at penetrating soil and identifying metallic components commonly found in booby traps.",/content/drive/MyDrive/Capstone/Output/2025-11-24_23-21-37/attentions/attn_0178.json
"You are a sensor expert. Given the following situation:
Context: Voltage: 0.329304766 V, Height: 0.727272727 cm, Soil Type: Humid and Limy
Target: Land mine Mine Type: Booby Trap Anti-Personnel

Recommend the most appropriate type of sensor to detect the target and briefly explain why. Be concise.

**Recommendation: Ground Penetrating Radar (GPR)**

**Explanation:** GPR is ideal for detecting buried objects like landmines. It transmits radio waves into the ground and analyzes the reflected signals to create an image of the subsurface, revealing the presence and location of metallic objects commonly used in booby traps.",/content/drive/MyDrive/Capstone/Output/2025-11-24_23-21-37/attentions/attn_0179.json
"You are a sensor expert. Given the following situation:
Context: Voltage: 0.365558494 V, Height: 0.818181818 cm, Soil Type: Humid and Limy
Target: Land mine Mine Type: Booby Trap Anti-Personnel

Recommend the most appropriate type of sensor to detect the target and briefly explain why. Be concise.

**Recommendation: Ground Penetrating Radar (GPR)**

**Explanation:**  Booby traps are often buried and concealed. GPR can effectively detect subsurface anomalies indicative of buried objects like landmines without disturbing the soil. The humid and limy soil, while potentially affecting signal propagation, won't significantly hinder GPR's ability to identify the target's metallic signature.",/content/drive/MyDrive/Capstone/Output/2025-11-24_23-21-37/attentions/attn_0180.json
"You are a sensor expert. Given the following situation:
Context: Voltage: 0.329304766 V, Height: 1 cm, Soil Type: Humid and Limy
Target: Land mine Mine Type: Booby Trap Anti-Personnel

Recommend the most appropriate type of sensor to detect the target and briefly explain why. Be concise.

**Recommendation:**
Ground Penetrating Radar (GPR)

**Explanation:**
GPR is ideal for detecting buried objects like landmines, as it can penetrate the soil and create a subsurface image revealing the presence of metallic or otherwise contrasting objects without excavation. The soil type (humid and limy) is not a significant impediment to GPR performance.",/content/drive/MyDrive/Capstone/Output/2025-11-24_23-21-37/attentions/attn_0181.json
"You are a sensor expert. Given the following situation:
Context: Voltage: 0.58308086 V, Height: 0 cm, Soil Type: Dry and Sandy
Target: Land mine Mine Type: M14 Anti-Personnel

Recommend the most appropriate type of sensor to detect the target and briefly explain why. Be concise.

**Recommendation:** Ground Penetrating Radar (GPR)

**Explanation:** GPR is ideal for detecting buried objects like landmines without disturbing the soil. It analyzes subsurface anomalies based on electromagnetic signals, effectively identifying the presence of a mine at the specified depth (0 cm).",/content/drive/MyDrive/Capstone/Output/2025-11-24_23-21-37/attentions/attn_0182.json
"You are a sensor expert. Given the following situation:
Context: Voltage: 0.311177902 V, Height: 0.181818182 cm, Soil Type: Dry and Sandy
Target: Land mine Mine Type: M14 Anti-Personnel

Recommend the most appropriate type of sensor to detect the target and briefly explain why. Be concise.

**Recommendation: Ground Penetrating Radar (GPR)**

**Explanation:** GPR excels at detecting buried objects like landmines without disturbing the soil. It analyzes subsurface reflections to identify anomalies associated with the mine's metallic components. The dry and sandy soil, while potentially attenuating the signal, won't significantly hinder GPR's ability to detect the M14 mine.",/content/drive/MyDrive/Capstone/Output/2025-11-24_23-21-37/attentions/attn_0183.json
"You are a sensor expert. Given the following situation:
Context: Voltage: 0.277945319 V, Height: 0.272727273 cm, Soil Type: Dry and Sandy
Target: Land mine Mine Type: M14 Anti-Personnel

Recommend the most appropriate type of sensor to detect the target and briefly explain why. Be concise.

**Recommendation:**
Ground Penetrating Radar (GPR)

**Explanation:**
GPR is ideal for detecting buried objects like landmines, especially in sandy soil. It transmits radar pulses into the ground and analyzes the reflected signals to create a subsurface image, revealing the presence and location of the mine without disturbing the surface.",/content/drive/MyDrive/Capstone/Output/2025-11-24_23-21-37/attentions/attn_0184.json
"You are a sensor expert. Given the following situation:
Context: Voltage: 0.335347054 V, Height: 0.454545455 cm, Soil Type: Dry and Sandy
Target: Land mine Mine Type: M14 Anti-Personnel

Recommend the most appropriate type of sensor to detect the target and briefly explain why. Be concise.

Sensor Recommendation: Ground Penetrating Radar (GPR)
Explanation: GPR is ideal for detecting buried objects like landmines, particularly in sandy soil. It transmits radar pulses into the ground and analyzes the reflected signals to map subsurface features, effectively locating the mine.",/content/drive/MyDrive/Capstone/Output/2025-11-24_23-21-37/attentions/attn_0185.json
"You are a sensor expert. Given the following situation:
Context: Voltage: 0.229607015 V, Height: 0.545454545 cm, Soil Type: Dry and Sandy
Target: Land mine Mine Type: M14 Anti-Personnel

Recommend the most appropriate type of sensor to detect the target and briefly explain why. Be concise.

**Recommendation: Ground Penetrating Radar (GPR)**

**Explanation:** GPR is ideal for detecting buried objects like landmines without disturbing the soil. It utilizes electromagnetic waves to image subsurface features, effectively identifying the metallic signature of an M14 mine. The dry and sandy soil type is compatible with GPR operation.",/content/drive/MyDrive/Capstone/Output/2025-11-24_23-21-37/attentions/attn_0186.json
"You are a sensor expert. Given the following situation:
Context: Voltage: 0.290029894 V, Height: 0.727272727 cm, Soil Type: Dry and Sandy
Target: Land mine Mine Type: M14 Anti-Personnel

Recommend the most appropriate type of sensor to detect the target and briefly explain why. Be concise.

**Recommendation:**
Ground Penetrating Radar (GPR)

**Explanation:**
GPR is ideal for detecting buried objects like landmines without disturbing the soil. It transmits radar pulses into the ground and analyzes the reflected signals to create a subsurface image, effectively locating the mine’s metallic components.",/content/drive/MyDrive/Capstone/Output/2025-11-24_23-21-37/attentions/attn_0187.json
"You are a sensor expert. Given the following situation:
Context: Voltage: 0.30211447 V, Height: 0.818181818 cm, Soil Type: Dry and Sandy
Target: Land mine Mine Type: M14 Anti-Personnel

Recommend the most appropriate type of sensor to detect the target and briefly explain why. Be concise.

**Recommendation:**
Ground Penetrating Radar (GPR)

**Explanation:**
GPR is ideal for detecting buried objects like landmines. It transmits radar pulses into the ground and analyzes the reflected signals to map subsurface features, effectively bypassing the surface conditions (dry and sandy soil).",/content/drive/MyDrive/Capstone/Output/2025-11-24_23-21-37/attentions/attn_0188.json
"You are a sensor expert. Given the following situation:
Context: Voltage: 0.314199046 V, Height: 1 cm, Soil Type: Dry and Sandy
Target: Land mine Mine Type: M14 Anti-Personnel

Recommend the most appropriate type of sensor to detect the target and briefly explain why. Be concise.

**Recommendation:**
Ground Penetrating Radar (GPR)

**Explanation:**
GPR is ideal for detecting buried objects like landmines, especially in sandy soil. It transmits radar pulses into the ground, and the reflections from the mine's metallic body will provide a clear signal, differentiating it from the surrounding soil.",/content/drive/MyDrive/Capstone/Output/2025-11-24_23-21-37/attentions/attn_0189.json
"You are a sensor expert. Given the following situation:
Context: Voltage: 0.558911708 V, Height: 0 cm, Soil Type: Humid and Sandy
Target: Land mine Mine Type: M14 Anti-Personnel

Recommend the most appropriate type of sensor to detect the target and briefly explain why. Be concise.

**Recommendation:**
Ground Penetrating Radar (GPR)

**Explanation:**
GPR is best suited for detecting buried objects like landmines. It transmits radar pulses into the ground and analyzes the reflected signals to identify anomalies indicative of a mine's metallic presence.  The humid and sandy soil conditions are suitable for GPR operation.",/content/drive/MyDrive/Capstone/Output/2025-11-24_23-21-37/attentions/attn_0190.json
"You are a sensor expert. Given the following situation:
Context: Voltage: 0.501509972 V, Height: 0.181818182 cm, Soil Type: Humid and Sandy
Target: Land mine Mine Type: M14 Anti-Personnel

Recommend the most appropriate type of sensor to detect the target and briefly explain why. Be concise.

**Recommendation:**
Ground Penetrating Radar (GPR)

**Explanation:**
GPR is ideal for detecting buried objects like landmines, particularly in heterogeneous soil types. It transmits radar pulses into the ground and analyzes the reflected signals to create an image of the subsurface. The soil type (humid and sandy) is suitable for GPR operation.",/content/drive/MyDrive/Capstone/Output/2025-11-24_23-21-37/attentions/attn_0191.json
"You are a sensor expert. Given the following situation:
Context: Voltage: 0.534742556 V, Height: 0.272727273 cm, Soil Type: Humid and Sandy
Target: Land mine Mine Type: M14 Anti-Personnel

Recommend the most appropriate type of sensor to detect the target and briefly explain why. Be concise.

**Recommendation:**
Ground Penetrating Radar (GPR)

**Explanation:**
GPR is ideal for detecting buried objects like landmines. It transmits radar pulses into the ground and analyzes the reflected signals to create an image of the subsurface, effectively bypassing soil surface limitations. The humid and sandy soil type won't significantly impede GPR performance.",/content/drive/MyDrive/Capstone/Output/2025-11-24_23-21-37/attentions/attn_0192.json
"You are a sensor expert. Given the following situation:
Context: Voltage: 0.489425397 V, Height: 0.454545455 cm, Soil Type: Humid and Sandy
Target: Land mine Mine Type: M14 Anti-Personnel

Recommend the most appropriate type of sensor to detect the target and briefly explain why. Be concise.

**Recommendation:**
Ground Penetrating Radar (GPR)

**Explanation:**
GPR is ideal for detecting buried objects like landmines without disturbing the soil. It analyzes subsurface radar reflections, effectively imaging the target's depth and location. The soil type (humid and sandy) is generally suitable for GPR operation.",/content/drive/MyDrive/Capstone/Output/2025-11-24_23-21-37/attentions/attn_0193.json
"You are a sensor expert. Given the following situation:
Context: Voltage: 0.443805988 V, Height: 0.545454545 cm, Soil Type: Humid and Sandy
Target: Land mine Mine Type: M14 Anti-Personnel

Recommend the most appropriate type of sensor to detect the target and briefly explain why. Be concise.

**Recommendation:** Ground-Penetrating Radar (GPR)

**Explanation:** GPR is ideal for detecting buried objects like landmines. It transmits radio waves into the ground and analyzes the reflected signals to create a subsurface image, effectively bypassing soil conditions and providing depth penetration necessary for locating the M14 mine.",/content/drive/MyDrive/Capstone/Output/2025-11-24_23-21-37/attentions/attn_0194.json
"You are a sensor expert. Given the following situation:
Context: Voltage: 0.389727645 V, Height: 0.727272727 cm, Soil Type: Humid and Sandy
Target: Land mine Mine Type: M14 Anti-Personnel

Recommend the most appropriate type of sensor to detect the target and briefly explain why. Be concise.

**Recommendation:**
Ground Penetrating Radar (GPR)

**Explanation:**
GPR is ideal for detecting buried objects like landmines. It transmits radar pulses into the ground and analyzes the reflected signals to create an image of the subsurface, effectively revealing the presence and location of the mine without disturbing the surface. The soil type (humid and sandy) is compatible with GPR operation.",/content/drive/MyDrive/Capstone/Output/2025-11-24_23-21-37/attentions/attn_0195.json
"You are a sensor expert. Given the following situation:
Context: Voltage: 0.395044805 V, Height: 0.818181818 cm, Soil Type: Humid and Sandy
Target: Land mine Mine Type: M14 Anti-Personnel

Recommend the most appropriate type of sensor to detect the target and briefly explain why. Be concise.

**Recommendation:** Ground Penetrating Radar (GPR)

**Explanation:** GPR is ideal for detecting buried objects like landmines, especially in heterogeneous soil conditions (humid and sandy). It transmits radar pulses into the ground and analyzes the reflected signals to create an image of the subsurface, revealing the presence and location of the mine.",/content/drive/MyDrive/Capstone/Output/2025-11-24_23-21-37/attentions/attn_0196.json
"You are a sensor expert. Given the following situation:
Context: Voltage: 0.365558494 V, Height: 1 cm, Soil Type: Humid and Sandy
Target: Land mine Mine Type: M14 Anti-Personnel

Recommend the most appropriate type of sensor to detect the target and briefly explain why. Be concise.

**Recommendation: Ground Penetrating Radar (GPR)**

**Explanation:** GPR is ideal for detecting buried objects like landmines, especially in heterogeneous soil types. Its ability to image subsurface features makes it effective at locating the M14 mine buried at 1 cm depth within the humid and sandy soil.",/content/drive/MyDrive/Capstone/Output/2025-11-24_23-21-37/attentions/attn_0197.json
"You are a sensor expert. Given the following situation:
Context: Voltage: 0.422960229 V, Height: 0.181818182 cm, Soil Type: Dry and Humus
Target: Land mine Mine Type: M14 Anti-Personnel

Recommend the most appropriate type of sensor to detect the target and briefly explain why. Be concise.

**Recommendation:**
Ground Penetrating Radar (GPR)

**Explanation:**
GPR is ideal for detecting buried objects like landmines without disturbing the soil. It transmits radio waves into the ground and analyzes the reflected signals to create an image of the subsurface, effectively identifying the mine's presence and location.",/content/drive/MyDrive/Capstone/Output/2025-11-24_23-21-37/attentions/attn_0198.json
"You are a sensor expert. Given the following situation:
Context: Voltage: 0.34743163 V, Height: 0.545454545 cm, Soil Type: Dry and Humus
Target: Land mine Mine Type: M14 Anti-Personnel

Recommend the most appropriate type of sensor to detect the target and briefly explain why. Be concise.

**Recommendation:**
Ground Penetrating Radar (GPR)

**Explanation:**
GPR is ideal for detecting buried objects like landmines without disturbing the soil. It analyzes subsurface anomalies based on electromagnetic signals, effectively identifying the metallic signature of an M14 mine.",/content/drive/MyDrive/Capstone/Output/2025-11-24_23-21-37/attentions/attn_0199.json
"You are a sensor expert. Given the following situation:
Context: Voltage: 0.33232591 V, Height: 0.636363636 cm, Soil Type: Dry and Humus
Target: Land mine Mine Type: M14 Anti-Personnel

Recommend the most appropriate type of sensor to detect the target and briefly explain why. Be concise.

**Recommendation:**
Ground Penetrating Radar (GPR)

**Explanation:**
GPR is ideal for detecting buried objects like landmines, as it can penetrate the soil and map the subsurface without excavation.  The soil type (Dry and Humus) is suitable for GPR operation.",/content/drive/MyDrive/Capstone/Output/2025-11-24_23-21-37/attentions/attn_0200.json
"You are a sensor expert. Given the following situation:
Context: Voltage: 0.296072182 V, Height: 0.909090909 cm, Soil Type: Dry and Humus
Target: Land mine Mine Type: M14 Anti-Personnel

Recommend the most appropriate type of sensor to detect the target and briefly explain why. Be concise.

**Recommendation:**
Ground Penetrating Radar (GPR)

**Explanation:**
GPR is ideal for detecting buried objects like landmines without disturbing the soil. It transmits radar pulses into the ground and analyzes the reflected signals to create an image of the subsurface, effectively revealing the mine's location and depth.",/content/drive/MyDrive/Capstone/Output/2025-11-24_23-21-37/attentions/attn_0201.json
"You are a sensor expert. Given the following situation:
Context: Voltage: 0.33232591 V, Height: 1 cm, Soil Type: Dry and Humus
Target: Land mine Mine Type: M14 Anti-Personnel

Recommend the most appropriate type of sensor to detect the target and briefly explain why. Be concise.

**Recommendation:**
Ground Penetrating Radar (GPR)

**Explanation:**
GPR is ideal for detecting buried objects like landmines, as it can penetrate the soil and create a subsurface image of the target's location and depth without excavation. The soil type (dry and humus) is suitable for GPR operation, and the voltage (0.33232591 V) is within the typical operating range for many GPR systems.",/content/drive/MyDrive/Capstone/Output/2025-11-24_23-21-37/attentions/attn_0202.json
"You are a sensor expert. Given the following situation:
Context: Voltage: 0.419184136 V, Height: 0.090909091 cm, Soil Type: Humid and Humus
Target: Land mine Mine Type: M14 Anti-Personnel

Recommend the most appropriate type of sensor to detect the target and briefly explain why. Be concise.

**Recommendation:**
Ground-Penetrating Radar (GPR)

**Explanation:**
GPR is ideal for detecting buried metallic objects like landmines, especially when soil conditions are known to be conducive to detection (humid and humus). It transmits radar pulses into the ground and analyzes the reflected signals to identify anomalies indicative of a mine's presence.",/content/drive/MyDrive/Capstone/Output/2025-11-24_23-21-37/attentions/attn_0203.json
"You are a sensor expert. Given the following situation:
Context: Voltage: 0.422839599 V, Height: 0.181818182 cm, Soil Type: Humid and Humus
Target: Land mine Mine Type: M14 Anti-Personnel

Recommend the most appropriate type of sensor to detect the target and briefly explain why. Be concise.

**Recommendation:**
Ground Penetrating Radar (GPR)

**Explanation:**
GPR is ideal for detecting buried objects like landmines without disturbing the soil. It utilizes electromagnetic waves to map the subsurface, effectively identifying the presence and depth of the M14 mine.",/content/drive/MyDrive/Capstone/Output/2025-11-24_23-21-37/attentions/attn_0204.json
"You are a sensor expert. Given the following situation:
Context: Voltage: 0.378368198 V, Height: 0.363636364 cm, Soil Type: Humid and Humus
Target: Land mine Mine Type: M14 Anti-Personnel

Recommend the most appropriate type of sensor to detect the target and briefly explain why. Be concise.

Sensor Recommendation: Ground Penetrating Radar (GPR)

Explanation: GPR is ideal for detecting buried objects like landmines, especially when soil conditions are known to be humid and humus-rich, which can attenuate electromagnetic waves. It provides subsurface imaging without soil disturbance.",/content/drive/MyDrive/Capstone/Output/2025-11-24_23-21-37/attentions/attn_0205.json
"You are a sensor expert. Given the following situation:
Context: Voltage: 0.371600782 V, Height: 0.454545455 cm, Soil Type: Humid and Humus
Target: Land mine Mine Type: M14 Anti-Personnel

Recommend the most appropriate type of sensor to detect the target and briefly explain why. Be concise.

**Recommendation:**
Ground Penetrating Radar (GPR)

**Explanation:**
GPR is ideal for detecting buried objects like landmines. It transmits radar pulses into the ground and analyzes the reflected signals to create a subsurface image, effectively “seeing” through the soil to locate the mine.",/content/drive/MyDrive/Capstone/Output/2025-11-24_23-21-37/attentions/attn_0206.json
"You are a sensor expert. Given the following situation:
Context: Voltage: 0.348791077 V, Height: 0.636363636 cm, Soil Type: Humid and Humus
Target: Land mine Mine Type: M14 Anti-Personnel

Recommend the most appropriate type of sensor to detect the target and briefly explain why. Be concise.

**Recommendation: Ground Penetrating Radar (GPR)**

**Explanation:** GPR is ideal for detecting buried objects like landmines without disturbing the soil. It uses radar pulses to map the subsurface, revealing the presence and location of the M14 anti-personnel mine based on its metallic signature.",/content/drive/MyDrive/Capstone/Output/2025-11-24_23-21-37/attentions/attn_0207.json
"You are a sensor expert. Given the following situation:
Context: Voltage: 0.353685358 V, Height: 0.727272727 cm, Soil Type: Humid and Humus
Target: Land mine Mine Type: M14 Anti-Personnel

Recommend the most appropriate type of sensor to detect the target and briefly explain why. Be concise.

**Recommendation:**
Ground Penetrating Radar (GPR)

**Explanation:**
GPR is ideal for detecting buried objects like landmines, as it transmits radar pulses into the ground and analyzes the reflected signals to map subsurface anomalies. The soil type (humid and humus) is suitable for GPR operation.",/content/drive/MyDrive/Capstone/Output/2025-11-24_23-21-37/attentions/attn_0208.json
"You are a sensor expert. Given the following situation:
Context: Voltage: 0.323262478 V, Height: 0.909090909 cm, Soil Type: Humid and Humus
Target: Land mine Mine Type: M14 Anti-Personnel

Recommend the most appropriate type of sensor to detect the target and briefly explain why. Be concise.

Sensor Recommendation: Metal Detector

Explanation: Land mines, specifically the M14 anti-personnel type, are typically constructed with metal components. A metal detector would be the most effective sensor to identify the presence of the mine based on its metallic composition.",/content/drive/MyDrive/Capstone/Output/2025-11-24_23-21-37/attentions/attn_0209.json
"You are a sensor expert. Given the following situation:
Context: Voltage: 0.295347054 V, Height: 1 cm, Soil Type: Humid and Humus
Target: Land mine Mine Type: M14 Anti-Personnel

Recommend the most appropriate type of sensor to detect the target and briefly explain why. Be concise.

**Recommendation:**

Ground Penetrating Radar (GPR)

**Explanation:**

GPR can effectively detect buried metallic objects like landmines, particularly M14s, by analyzing subsurface reflections. The humid soil will create some signal attenuation, but GPR's ability to differentiate metal and non-metal targets makes it ideal for this scenario.",/content/drive/MyDrive/Capstone/Output/2025-11-24_23-21-37/attentions/attn_0210.json
"You are a sensor expert. Given the following situation:
Context: Voltage: 0.471298533 V, Height: 0.181818182 cm, Soil Type: Dry and Limy
Target: Land mine Mine Type: M14 Anti-Personnel

Recommend the most appropriate type of sensor to detect the target and briefly explain why. Be concise.

**Recommendation:**
Ground Penetrating Radar (GPR)

**Explanation:**
GPR can effectively detect buried metallic objects like landmines, providing depth information based on the signal reflection. It's ideal for this scenario considering the soil type and target characteristics.",/content/drive/MyDrive/Capstone/Output/2025-11-24_23-21-37/attentions/attn_0211.json
"You are a sensor expert. Given the following situation:
Context: Voltage: 0.444108237 V, Height: 0.272727273 cm, Soil Type: Dry and Limy
Target: Land mine Mine Type: M14 Anti-Personnel

Recommend the most appropriate type of sensor to detect the target and briefly explain why. Be concise.

**Recommendation:**
Ground Penetrating Radar (GPR)

**Explanation:**
GPR is ideal for detecting buried objects like landmines. It transmits radar pulses into the ground and analyzes the reflected signals to create a subsurface image, effectively ""seeing"" through the soil to identify the presence and location of the mine. The soil type (dry and limy) doesn't significantly hinder GPR's effectiveness.",/content/drive/MyDrive/Capstone/Output/2025-11-24_23-21-37/attentions/attn_0212.json
"You are a sensor expert. Given the following situation:
Context: Voltage: 0.383685358 V, Height: 0.454545455 cm, Soil Type: Dry and Limy
Target: Land mine Mine Type: M14 Anti-Personnel

Recommend the most appropriate type of sensor to detect the target and briefly explain why. Be concise.

**Recommendation:**
Ground Penetrating Radar (GPR)

**Explanation:**
GPR is ideal for detecting buried objects like landmines, especially in dry, limy soil, which can attenuate other sensor types. It sends radar pulses into the ground and analyzes the reflected signals to identify subsurface anomalies indicative of a mine’s metallic components.",/content/drive/MyDrive/Capstone/Output/2025-11-24_23-21-37/attentions/attn_0213.json
"You are a sensor expert. Given the following situation:
Context: Voltage: 0.350875653 V, Height: 0.545454545 cm, Soil Type: Dry and Limy
Target: Land mine Mine Type: M14 Anti-Personnel

Recommend the most appropriate type of sensor to detect the target and briefly explain why. Be concise.

**Recommendation:**
Ground Penetrating Radar (GPR)

**Explanation:**
GPR is ideal for detecting buried objects like landmines, especially in dry and limy soil, which can attenuate electromagnetic signals. It provides subsurface imaging, crucial for locating the M14 anti-personnel mine buried beneath the surface.",/content/drive/MyDrive/Capstone/Output/2025-11-24_23-21-37/attentions/attn_0214.json
"You are a sensor expert. Given the following situation:
Context: Voltage: 0.341389342 V, Height: 0.727272727 cm, Soil Type: Dry and Limy
Target: Land mine Mine Type: M14 Anti-Personnel

Recommend the most appropriate type of sensor to detect the target and briefly explain why. Be concise.

**Recommendation:**
Ground Penetrating Radar (GPR)

**Explanation:**
GPR is ideal for detecting buried objects like landmines. It transmits radar pulses into the ground and analyzes the reflected signals to identify anomalies indicative of metallic mines, regardless of soil conditions.",/content/drive/MyDrive/Capstone/Output/2025-11-24_23-21-37/attentions/attn_0215.json
"You are a sensor expert. Given the following situation:
Context: Voltage: 0.341389342 V, Height: 0.818181818 cm, Soil Type: Dry and Limy
Target: Land mine Mine Type: M14 Anti-Personnel

Recommend the most appropriate type of sensor to detect the target and briefly explain why. Be concise.

**Recommendation:**
Ground Penetrating Radar (GPR)

**Explanation:**
GPR is ideal for detecting buried objects like landmines without disturbing the soil. It analyzes subsurface radar reflections, effectively imaging the target's location and depth. The dry and limy soil, while potentially attenuating the signal, won't prevent detection if the target is sufficiently deep.",/content/drive/MyDrive/Capstone/Output/2025-11-24_23-21-37/attentions/attn_0216.json
"You are a sensor expert. Given the following situation:
Context: Voltage: 0.296072182 V, Height: 1 cm, Soil Type: Dry and Limy
Target: Land mine Mine Type: M14 Anti-Personnel

Recommend the most appropriate type of sensor to detect the target and briefly explain why. Be concise.

**Recommendation:**
Ground Penetrating Radar (GPR)

**Explanation:**
GPR is ideal for detecting buried objects like landmines, particularly in dry, limy soil. It transmits radar pulses into the ground and analyzes the reflected signals to create an image of the subsurface, revealing the presence and location of the mine without excavation.",/content/drive/MyDrive/Capstone/Output/2025-11-24_23-21-37/attentions/attn_0217.json
"You are a sensor expert. Given the following situation:
Context: Voltage: 0.495467684 V, Height: 0.090909091 cm, Soil Type: Humid and Limy
Target: Land mine Mine Type: M14 Anti-Personnel

Recommend the most appropriate type of sensor to detect the target and briefly explain why. Be concise.

**Recommendation:**
Ground Penetrating Radar (GPR)

**Explanation:**
GPR is ideal for detecting buried objects like landmines. It transmits radar pulses into the ground and analyzes the reflected signals to create an image of subsurface features, effectively mapping the target's location without excavation.",/content/drive/MyDrive/Capstone/Output/2025-11-24_23-21-37/attentions/attn_0218.json
"You are a sensor expert. Given the following situation:
Context: Voltage: 0.410875653 V, Height: 0.272727273 cm, Soil Type: Humid and Limy
Target: Land mine Mine Type: M14 Anti-Personnel

Recommend the most appropriate type of sensor to detect the target and briefly explain why. Be concise.

**Recommendation:**
Ground Penetrating Radar (GPR)

**Explanation:**
GPR is best suited for detecting buried objects like landmines, particularly those with metallic components (M14). It transmits radar pulses into the ground and analyzes the reflected signals to create an image of the subsurface, revealing the presence and location of the mine without excavation.",/content/drive/MyDrive/Capstone/Output/2025-11-24_23-21-37/attentions/attn_0219.json
"You are a sensor expert. Given the following situation:
Context: Voltage: 0.371600782 V, Height: 0.363636364 cm, Soil Type: Humid and Limy
Target: Land mine Mine Type: M14 Anti-Personnel

Recommend the most appropriate type of sensor to detect the target and briefly explain why. Be concise.

**Recommendation:**
Ground-Penetrating Radar (GPR)

**Explanation:**
GPR is ideal for detecting buried landmines like the M14 due to its ability to penetrate the soil and identify metallic objects at depth. The soil type (humid and limy) is generally suitable for GPR operation.",/content/drive/MyDrive/Capstone/Output/2025-11-24_23-21-37/attentions/attn_0220.json
"You are a sensor expert. Given the following situation:
Context: Voltage: 0.323262478 V, Height: 0.545454545 cm, Soil Type: Humid and Limy
Target: Land mine Mine Type: M14 Anti-Personnel

Recommend the most appropriate type of sensor to detect the target and briefly explain why. Be concise.

**Recommendation:**
Ground Penetrating Radar (GPR)

**Explanation:**
GPR is ideal for detecting buried objects like landmines without disturbing the soil. It analyzes subsurface radar reflections to identify anomalies indicative of the mine's shape and composition, effectively bypassing the need for excavation.",/content/drive/MyDrive/Capstone/Output/2025-11-24_23-21-37/attentions/attn_0221.json
"You are a sensor expert. Given the following situation:
Context: Voltage: 0.30211447 V, Height: 0.636363636 cm, Soil Type: Humid and Limy
Target: Land mine Mine Type: M14 Anti-Personnel

Recommend the most appropriate type of sensor to detect the target and briefly explain why. Be concise.

Recommendation:
Ground Penetrating Radar (GPR)
Explanation: GPR can effectively detect buried objects like landmines by emitting radio waves and analyzing the reflected signals, which are influenced by the soil's composition and the object's shape and density. The soil type (humid and limy) is suitable for GPR operation.",/content/drive/MyDrive/Capstone/Output/2025-11-24_23-21-37/attentions/attn_0222.json
"You are a sensor expert. Given the following situation:
Context: Voltage: 0.350452774 V, Height: 0.818181818 cm, Soil Type: Humid and Limy
Target: Land mine Mine Type: M14 Anti-Personnel

Recommend the most appropriate type of sensor to detect the target and briefly explain why. Be concise.

**Recommendation:**
Ground Penetrating Radar (GPR)

**Explanation:**
GPR excels at detecting buried objects like landmines by emitting radar pulses into the ground and analyzing the reflected signals. The soil type (humid and limy) is suitable for GPR operation, and the height data (0.818 cm) can be used to refine the search area.",/content/drive/MyDrive/Capstone/Output/2025-11-24_23-21-37/attentions/attn_0223.json
"You are a sensor expert. Given the following situation:
Context: Voltage: 0.308156758 V, Height: 0.909090909 cm, Soil Type: Humid and Limy
Target: Land mine Mine Type: M14 Anti-Personnel

Recommend the most appropriate type of sensor to detect the target and briefly explain why. Be concise.

Recommendation:
**Ground Penetrating Radar (GPR)**

Explanation:
GPR is ideal for detecting buried objects like landmines, as it transmits radio waves into the ground and analyzes the reflected signals to create a subsurface image. The soil type (humid and limy) is generally suitable for GPR operation. The voltage reading (0.308V) is not relevant for this detection method.",/content/drive/MyDrive/Capstone/Output/2025-11-24_23-21-37/attentions/attn_0224.json
"You are a sensor expert. Given the following situation:
Context: Voltage: 0.320241334 V, Height: 0.090909091 cm, Soil Type: Dry and Sandy
Target: Land mine Mine Type: NA

Recommend the most appropriate type of sensor to detect the target and briefly explain why. Be concise.

Recommendation: **Ground Penetrating Radar (GPR)**

Explanation: Given the dry and sandy soil type, which can attenuate electromagnetic signals, a traditional metal detector would be less effective. GPR transmits radio waves into the ground and analyzes the reflected signals to detect subsurface anomalies associated with the mine's metallic composition, bypassing the soil's limitations.",/content/drive/MyDrive/Capstone/Output/2025-11-24_23-21-37/attentions/attn_0225.json
"You are a sensor expert. Given the following situation:
Context: Voltage: 0.268881887 V, Height: 0.363636364 cm, Soil Type: Dry and Sandy
Target: Land mine Mine Type: NA

Recommend the most appropriate type of sensor to detect the target and briefly explain why. Be concise.

**Recommendation:**
Ground Penetrating Radar (GPR)

**Explanation:**
GPR is ideal for detecting buried objects like land mines, as it transmits radio waves into the ground and analyzes the reflected signals to create an image of subsurface anomalies. The dry, sandy soil is well-suited for GPR due to its relatively low conductivity.",/content/drive/MyDrive/Capstone/Output/2025-11-24_23-21-37/attentions/attn_0226.json
"You are a sensor expert. Given the following situation:
Context: Voltage: 0.250241334 V, Height: 0.636363636 cm, Soil Type: Dry and Sandy
Target: Land mine Mine Type: NA

Recommend the most appropriate type of sensor to detect the target and briefly explain why. Be concise.

**Recommendation:**
Ground Penetrating Radar (GPR)

**Explanation:**
GPR is ideal for detecting buried objects like landmines, particularly in sandy soil. It transmits radio waves into the ground and analyzes the reflected signals to create an image of subsurface features. Dry, sandy soil is a good medium for GPR to work effectively.",/content/drive/MyDrive/Capstone/Output/2025-11-24_23-21-37/attentions/attn_0227.json
"You are a sensor expert. Given the following situation:
Context: Voltage: 0.253776167 V, Height: 0.909090909 cm, Soil Type: Dry and Sandy
Target: Land mine Mine Type: NA

Recommend the most appropriate type of sensor to detect the target and briefly explain why. Be concise.

**Recommendation:** Metal Detector

**Explanation:** Landmines are typically metallic objects. A metal detector is the most direct and reliable sensor for detecting metallic targets in soil.",/content/drive/MyDrive/Capstone/Output/2025-11-24_23-21-37/attentions/attn_0228.json
"You are a sensor expert. Given the following situation:
Context: Voltage: 0.365860743 V, Height: 0.090909091 cm, Soil Type: Humid and Sandy
Target: Land mine Mine Type: NA

Recommend the most appropriate type of sensor to detect the target and briefly explain why. Be concise.

**Recommendation:**
Ground Penetrating Radar (GPR)

**Explanation:**
GPR can effectively detect buried objects like landmines by analyzing subsurface radar reflections. The soil type (humid and sandy) is suitable for GPR operation.",/content/drive/MyDrive/Capstone/Output/2025-11-24_23-21-37/attentions/attn_0229.json
"You are a sensor expert. Given the following situation:
Context: Voltage: 0.326072182 V, Height: 0.363636364 cm, Soil Type: Humid and Sandy
Target: Land mine Mine Type: NA

Recommend the most appropriate type of sensor to detect the target and briefly explain why. Be concise.

**Recommendation:**
Ground Penetrating Radar (GPR)

**Explanation:**
GPR is ideal for detecting buried objects like landmines without disturbing the soil. It transmits radar pulses into the ground and analyzes the reflected signals to create an image of subsurface features. The soil type (humid and sandy) is suitable for GPR operation.",/content/drive/MyDrive/Capstone/Output/2025-11-24_23-21-37/attentions/attn_0230.json
"You are a sensor expert. Given the following situation:
Context: Voltage: 0.293776167 V, Height: 0.636363636 cm, Soil Type: Humid and Sandy
Target: Land mine Mine Type: NA

Recommend the most appropriate type of sensor to detect the target and briefly explain why. Be concise.

**Recommendation:**
Ground Penetrating Radar (GPR)

**Explanation:**
GPR is ideal for detecting buried objects like landmines, as it can penetrate the ground and image the subsurface, identifying anomalies indicative of the mine's presence without disturbing the soil.",/content/drive/MyDrive/Capstone/Output/2025-11-24_23-21-37/attentions/attn_0231.json
"You are a sensor expert. Given the following situation:
Context: Voltage: 0.244712735 V, Height: 0.909090909 cm, Soil Type: Humid and Sandy
Target: Land mine Mine Type: NA

Recommend the most appropriate type of sensor to detect the target and briefly explain why. Be concise.

Recommendation:
Ground Penetrating Radar (GPR)

Explanation:
GPR is ideal for detecting buried objects like landmines without disturbing the soil. It sends radar pulses into the ground and analyzes the reflected signals to create an image of the subsurface. The soil type (humid and sandy) is suitable for GPR operation.",/content/drive/MyDrive/Capstone/Output/2025-11-24_23-21-37/attentions/attn_0232.json
"You are a sensor expert. Given the following situation:
Context: Voltage: 0.296585871 V, Height: 0.090909091 cm, Soil Type: Dry and Humus
Target: Land mine Mine Type: NA

Recommend the most appropriate type of sensor to detect the target and briefly explain why. Be concise.

**Recommendation:**
Ground Penetrating Radar (GPR)

**Explanation:**
GPR is ideal for detecting buried objects like landmines, which are typically buried beneath the surface. It transmits radar pulses into the ground and analyzes the reflected signals to create an image of the subsurface. The soil type (Dry and Humus) is not a major impediment as GPR can penetrate through various soil conditions.",/content/drive/MyDrive/Capstone/Output/2025-11-24_23-21-37/attentions/attn_0233.json
"You are a sensor expert. Given the following situation:
Context: Voltage: 0.274712735 V, Height: 0.363636364 cm, Soil Type: Dry and Humus
Target: Land mine Mine Type: NA

Recommend the most appropriate type of sensor to detect the target and briefly explain why. Be concise.

**Recommendation:**
Ground Penetrating Radar (GPR)

**Explanation:**
GPR can effectively detect buried objects like landmines by transmitting radar pulses into the ground and analyzing the reflected signals. The soil type (dry and humus) is suitable for GPR operation.",/content/drive/MyDrive/Capstone/Output/2025-11-24_23-21-37/attentions/attn_0234.json
"You are a sensor expert. Given the following situation:
Context: Voltage: 0.280966463 V, Height: 0.636363636 cm, Soil Type: Dry and Humus
Target: Land mine Mine Type: NA

Recommend the most appropriate type of sensor to detect the target and briefly explain why. Be concise.

**Recommendation:**
Ground Penetrating Radar (GPR)

**Explanation:**
GPR is ideal for detecting buried objects like landmines without disturbing the soil. It analyzes subsurface electromagnetic signals to identify anomalies indicative of a mine’s presence.",/content/drive/MyDrive/Capstone/Output/2025-11-24_23-21-37/attentions/attn_0235.json
"You are a sensor expert. Given the following situation:
Context: Voltage: 0.229607015 V, Height: 0.909090909 cm, Soil Type: Dry and Humus
Target: Land mine Mine Type: NA

Recommend the most appropriate type of sensor to detect the target and briefly explain why. Be concise.

**Recommendation:**
Vibrometers
**Explanation:**
Vibrometers can detect subtle ground vibrations caused by the movement of a land mine, providing early warning and potentially mitigating the risk.",/content/drive/MyDrive/Capstone/Output/2025-11-24_23-21-37/attentions/attn_0236.json
"You are a sensor expert. Given the following situation:
Context: Voltage: 0.31700875 V, Height: 0.090909091 cm, Soil Type: Humid and Humus
Target: Land mine Mine Type: NA

Recommend the most appropriate type of sensor to detect the target and briefly explain why. Be concise.

**Recommendation:**
Ground Penetrating Radar (GPR)

**Explanation:**
GPR is ideal for detecting buried objects like landmines, as it transmits radar pulses into the ground and analyzes the reflected signals to identify changes in soil composition and density indicative of metallic landmines.",/content/drive/MyDrive/Capstone/Output/2025-11-24_23-21-37/attentions/attn_0237.json
"You are a sensor expert. Given the following situation:
Context: Voltage: 0.314199046 V, Height: 0.363636364 cm, Soil Type: Humid and Humus
Target: Land mine Mine Type: NA

Recommend the most appropriate type of sensor to detect the target and briefly explain why. Be concise.

**Recommendation:**
Ground Penetrating Radar (GPR)

**Explanation:**
GPR is ideal for detecting buried objects like landmines without disturbing the soil. It utilizes radar pulses to image the subsurface, revealing the presence and location of mines.",/content/drive/MyDrive/Capstone/Output/2025-11-24_23-21-37/attentions/attn_0238.json
"You are a sensor expert. Given the following situation:
Context: Voltage: 0.305135614 V, Height: 0.636363636 cm, Soil Type: Humid and Humus
Target: Land mine Mine Type: NA

Recommend the most appropriate type of sensor to detect the target and briefly explain why. Be concise.

**Recommendation:**
Metal Detector

**Explanation:**
Landmines are typically metallic. A metal detector would be the most effective sensor to locate them based on their physical composition.",/content/drive/MyDrive/Capstone/Output/2025-11-24_23-21-37/attentions/attn_0239.json
"You are a sensor expert. Given the following situation:
Context: Voltage: 0.296072182 V, Height: 0.909090909 cm, Soil Type: Humid and Humus
Target: Land mine Mine Type: NA

Recommend the most appropriate type of sensor to detect the target and briefly explain why. Be concise.

**Recommendation:**
Ground Penetrating Radar (GPR)

**Explanation:**
GPR can effectively detect buried objects like landmines by emitting radio waves and analyzing the reflected signals. The soil type (humid and humus) is suitable for GPR operation, and the height reading (0.909cm) provides context for depth estimation.",/content/drive/MyDrive/Capstone/Output/2025-11-24_23-21-37/attentions/attn_0240.json
"You are a sensor expert. Given the following situation:
Context: Voltage: 0.338368198 V, Height: 0.090909091 cm, Soil Type: Dry and Limy
Target: Land mine Mine Type: NA

Recommend the most appropriate type of sensor to detect the target and briefly explain why. Be concise.

**Recommendation:**
A metal detector is the most appropriate sensor. Land mines are typically made of metal, and a metal detector can reliably detect their presence.",/content/drive/MyDrive/Capstone/Output/2025-11-24_23-21-37/attentions/attn_0241.json
"You are a sensor expert. Given the following situation:
Context: Voltage: 0.30211447 V, Height: 0.363636364 cm, Soil Type: Dry and Limy
Target: Land mine Mine Type: NA

Recommend the most appropriate type of sensor to detect the target and briefly explain why. Be concise.

**Recommendation:**
Ground Penetrating Radar (GPR)
**Explanation:**
GPR is ideal for detecting buried objects like landmines, particularly in varying soil conditions. It sends radar pulses into the ground and analyzes the reflected signals to create an image of the subsurface, revealing the presence and location of the mine without disturbing the soil.",/content/drive/MyDrive/Capstone/Output/2025-11-24_23-21-37/attentions/attn_0242.json
"You are a sensor expert. Given the following situation:
Context: Voltage: 0.33232591 V, Height: 0.636363636 cm, Soil Type: Dry and Limy
Target: Land mine Mine Type: NA

Recommend the most appropriate type of sensor to detect the target and briefly explain why. Be concise.
**Recommendation:**

A ground-penetrating radar (GPR) sensor is the most appropriate choice. 

**Explanation:**

GPR excels at detecting buried objects like land mines, which are often located at shallow depths. The soil type (dry and limy) is generally suitable for GPR operation, and the height reading (0.636 cm) provides a baseline for depth estimation. The voltage reading (0.33232591 V) is",/content/drive/MyDrive/Capstone/Output/2025-11-24_23-21-37/attentions/attn_0243.json
"You are a sensor expert. Given the following situation:
Context: Voltage: 0.30211447 V, Height: 0.909090909 cm, Soil Type: Dry and Limy
Target: Land mine Mine Type: NA

Recommend the most appropriate type of sensor to detect the target and briefly explain why. Be concise.

**Recommendation:**
Ground Penetrating Radar (GPR)

**Explanation:**
GPR is ideal for detecting buried objects like landmines without disturbing the soil. It transmits radar pulses into the ground and analyzes the reflected signals to map subsurface features. The dry, limy soil type is suitable for GPR operation.",/content/drive/MyDrive/Capstone/Output/2025-11-24_23-21-37/attentions/attn_0244.json
"You are a sensor expert. Given the following situation:
Context: Voltage: 0.290029894 V, Height: 0.090909091 cm, Soil Type: Humid and Limy
Target: Land mine Mine Type: NA

Recommend the most appropriate type of sensor to detect the target and briefly explain why. Be concise.

**Recommendation: Ground Penetrating Radar (GPR)**

**Explanation:** GPR is best suited for detecting buried objects like landmines, as it can image subsurface features without excavation. The soil type (humid and limy) is generally suitable for GPR operation, and the voltage reading could potentially be used to refine the scanning parameters.",/content/drive/MyDrive/Capstone/Output/2025-11-24_23-21-37/attentions/attn_0245.json
"You are a sensor expert. Given the following situation:
Context: Voltage: 0.259093326 V, Height: 0.363636364 cm, Soil Type: Humid and Limy
Target: Land mine Mine Type: NA

Recommend the most appropriate type of sensor to detect the target and briefly explain why. Be concise.
**Recommendation:** Ground Penetrating Radar (GPR)

**Explanation:** Given the presence of a land mine and the soil type, GPR is ideal for detecting buried objects without disturbing the ground. The humid and limy soil might slightly attenuate radar signals, but GPR's ability to map subsurface structures makes it the most suitable option for landmine detection.",/content/drive/MyDrive/Capstone/Output/2025-11-24_23-21-37/attentions/attn_0246.json
"You are a sensor expert. Given the following situation:
Context: Voltage: 0.288368198 V, Height: 0.636363636 cm, Soil Type: Humid and Limy
Target: Land mine Mine Type: NA

Recommend the most appropriate type of sensor to detect the target and briefly explain why. Be concise.

**Recommendation:**
Ground Penetrating Radar (GPR)

**Explanation:**
GPR is ideal for detecting buried objects like landmines, as it transmits radio waves into the ground and analyzes the reflected signals to identify anomalies caused by the mine's presence.  The soil type and height data can be used to refine the GPR scan parameters.",/content/drive/MyDrive/Capstone/Output/2025-11-24_23-21-37/attentions/attn_0247.json
"You are a sensor expert. Given the following situation:
Context: Voltage: 0.28700875 V, Height: 1 cm, Soil Type: Humid and Limy
Target: Land mine Mine Type: NA

Recommend the most appropriate type of sensor to detect the target and briefly explain why. Be concise.

Sensor Recommendation:
**Ground Penetrating Radar (GPR)**

Explanation:
GPR is ideal for detecting buried objects like landmines. It transmits radar pulses into the ground and analyzes the reflected signals to create an image of the subsurface, revealing the presence of metallic objects without disturbing the soil. The soil type is suitable for GPR operation.",/content/drive/MyDrive/Capstone/Output/2025-11-24_23-21-37/attentions/attn_0248.json
"You are a sensor expert. Given the following situation:
Context: Voltage: 0.999998728 V, Height: 0.181818182 cm, Soil Type: Dry and Sandy
Target: Land mine Mine Type: Anti-Tank

Recommend the most appropriate type of sensor to detect the target and briefly explain why. Be concise.

**Recommendation:**
Ground Penetrating Radar (GPR)

**Explanation:**
GPR is ideal for detecting buried objects like landmines, especially in sandy soil. It transmits radar pulses into the ground, and the reflected signals reveal the presence and depth of metallic objects, bypassing soil obstructions.",/content/drive/MyDrive/Capstone/Output/2025-11-24_23-21-37/attentions/attn_0249.json
"You are a sensor expert. Given the following situation:
Context: Voltage: 0.78851865 V, Height: 0.454545455 cm, Soil Type: Dry and Sandy
Target: Land mine Mine Type: Anti-Tank

Recommend the most appropriate type of sensor to detect the target and briefly explain why. Be concise.

**Recommendation:**
Ground Penetrating Radar (GPR)

**Explanation:**
GPR is ideal for detecting buried objects like landmines without disturbing the soil. It transmits radar pulses into the ground and analyzes the reflected signals to create an image of subsurface features. Given the dry and sandy soil, which can attenuate electromagnetic signals, GPR's ability to penetrate and differentiate materials makes it the best choice.",/content/drive/MyDrive/Capstone/Output/2025-11-24_23-21-37/attentions/attn_0250.json
"You are a sensor expert. Given the following situation:
Context: Voltage: 0.586102004 V, Height: 0.727272727 cm, Soil Type: Dry and Sandy
Target: Land mine Mine Type: Anti-Tank

Recommend the most appropriate type of sensor to detect the target and briefly explain why. Be concise.

Recommendation: Ground-Penetrating Radar (GPR)

Explanation:  GPR is ideal for detecting buried objects like landmines, especially in dry and sandy soil, which can attenuate electromagnetic waves. The radar signal can penetrate the soil to a significant depth, providing a clear image of the target's location and depth.",/content/drive/MyDrive/Capstone/Output/2025-11-24_23-21-37/attentions/attn_0251.json
"You are a sensor expert. Given the following situation:
Context: Voltage: 0.439213957 V, Height: 1 cm, Soil Type: Dry and Sandy
Target: Land mine Mine Type: Anti-Tank

Recommend the most appropriate type of sensor to detect the target and briefly explain why. Be concise.

**Recommendation:**
Ground Penetrating Radar (GPR)

**Explanation:**
GPR is ideal for detecting buried objects like landmines, especially in sandy soil. It transmits radar pulses into the ground and analyzes the reflected signals to map the subsurface, revealing the presence and location of the mine without disturbing the surface.",/content/drive/MyDrive/Capstone/Output/2025-11-24_23-21-37/attentions/attn_0252.json
"You are a sensor expert. Given the following situation:
Context: Voltage: 0.999998728 V, Height: 0.181818182 cm, Soil Type: Humid and Sandy
Target: Land mine Mine Type: Anti-Tank

Recommend the most appropriate type of sensor to detect the target and briefly explain why. Be concise.

Recommendation:
Vibroacoustic sensor.

Explanation:
Landmines, particularly anti-tank mines, often have mechanical components that vibrate when disturbed. Vibroacoustic sensors are designed to detect these subtle vibrations, making them ideal for detecting the movement or disturbance caused by a potential landmine.",/content/drive/MyDrive/Capstone/Output/2025-11-24_23-21-37/attentions/attn_0253.json
"You are a sensor expert. Given the following situation:
Context: Voltage: 0.725074626 V, Height: 0.454545455 cm, Soil Type: Humid and Sandy
Target: Land mine Mine Type: Anti-Tank

Recommend the most appropriate type of sensor to detect the target and briefly explain why. Be concise.

**Recommendation: Ground Penetrating Radar (GPR)**

**Explanation:**  GPR is ideal for detecting buried objects like landmines, especially in heterogeneous soil conditions like humid and sandy. It transmits radio waves into the ground and analyzes the reflected signals to create a subsurface image, revealing the presence and location of the mine without excavation.",/content/drive/MyDrive/Capstone/Output/2025-11-24_23-21-37/attentions/attn_0254.json
"You are a sensor expert. Given the following situation:
Context: Voltage: 0.534742556 V, Height: 0.727272727 cm, Soil Type: Humid and Sandy
Target: Land mine Mine Type: Anti-Tank

Recommend the most appropriate type of sensor to detect the target and briefly explain why. Be concise.

**Recommendation: Ground Penetrating Radar (GPR)**

**Explanation:**  GPR is ideal for detecting buried objects like landmines, particularly in heterogeneous soil like sandy and humid conditions. It transmits radar pulses into the ground and analyzes the reflected signals to create an image of subsurface features, effectively bypassing the soil's composition and moisture content.",/content/drive/MyDrive/Capstone/Output/2025-11-24_23-21-37/attentions/attn_0255.json
"You are a sensor expert. Given the following situation:
Context: Voltage: 0.450150525 V, Height: 1 cm, Soil Type: Humid and Sandy
Target: Land mine Mine Type: Anti-Tank

Recommend the most appropriate type of sensor to detect the target and briefly explain why. Be concise.

Recommendation: **Ground Penetrating Radar (GPR)**

Explanation: GPR is ideal for detecting buried metallic objects like landmines, especially in heterogeneous soil types like humid and sandy. It sends radar pulses into the ground and analyzes the reflected signals to create a subsurface image, effectively 'seeing' through the soil to locate the mine.",/content/drive/MyDrive/Capstone/Output/2025-11-24_23-21-37/attentions/attn_0256.json
"You are a sensor expert. Given the following situation:
Context: Voltage: 0.513594548 V, Height: 0.181818182 cm, Soil Type: Dry and Humus
Target: Land mine Mine Type: Anti-Tank

Recommend the most appropriate type of sensor to detect the target and briefly explain why. Be concise.

**Recommendation:**
Ground Penetrating Radar (GPR)

**Explanation:**
GPR is ideal for detecting buried objects like landmines without disturbing the soil. It transmits radar pulses into the ground and analyzes the reflected signals to map the subsurface, effectively identifying the mine's location and depth.",/content/drive/MyDrive/Capstone/Output/2025-11-24_23-21-37/attentions/attn_0257.json
"You are a sensor expert. Given the following situation:
Context: Voltage: 0.480361965 V, Height: 0.454545455 cm, Soil Type: Dry and Humus
Target: Land mine Mine Type: Anti-Tank

Recommend the most appropriate type of sensor to detect the target and briefly explain why. Be concise.

**Recommendation:**
Ground Penetrating Radar (GPR)

**Explanation:**
GPR is ideal for detecting buried objects like landmines, particularly in varied soil conditions. It transmits radio waves into the ground and analyzes the reflected signals to create a subsurface image, effectively mapping the target's location without excavation.",/content/drive/MyDrive/Capstone/Output/2025-11-24_23-21-37/attentions/attn_0258.json
"You are a sensor expert. Given the following situation:
Context: Voltage: 0.371600782 V, Height: 0.727272727 cm, Soil Type: Dry and Humus
Target: Land mine Mine Type: Anti-Tank

Recommend the most appropriate type of sensor to detect the target and briefly explain why. Be concise.

**Recommendation:**
Ground Penetrating Radar (GPR)

**Explanation:**
GPR is best suited for detecting buried objects like landmines, as it can penetrate the soil and image the subsurface to identify anomalies caused by the mine’s metallic components.",/content/drive/MyDrive/Capstone/Output/2025-11-24_23-21-37/attentions/attn_0259.json
"You are a sensor expert. Given the following situation:
Context: Voltage: 0.999998728 V, Height: 0.090909091 cm, Soil Type: Humid and Humus
Target: Land mine Mine Type: Anti-Tank

Recommend the most appropriate type of sensor to detect the target and briefly explain why. Be concise.

Recommended Sensor: **Ground Penetrating Radar (GPR)**

Explanation: GPR is ideal for detecting buried objects like landmines, especially in soil with high moisture content (Humid and Humus) which can attenuate electromagnetic signals. It works by transmitting radar pulses into the ground and analyzing the reflected signals, revealing the presence and location of metallic objects buried beneath the surface.",/content/drive/MyDrive/Capstone/Output/2025-11-24_23-21-37/attentions/attn_0260.json
"You are a sensor expert. Given the following situation:
Context: Voltage: 0.71299005 V, Height: 0.363636364 cm, Soil Type: Humid and Humus
Target: Land mine Mine Type: Anti-Tank

Recommend the most appropriate type of sensor to detect the target and briefly explain why. Be concise.

**Recommendation:**
Ground Penetrating Radar (GPR)

**Explanation:**
GPR is best suited for detecting buried objects like landmines, especially when combined with soil type information. The radar pulses can penetrate the soil and identify changes in soil composition indicative of a metallic mine. The height measurement can help refine the search area.",/content/drive/MyDrive/Capstone/Output/2025-11-24_23-21-37/attentions/attn_0261.json
"You are a sensor expert. Given the following situation:
Context: Voltage: 0.628398019 V, Height: 0.636363636 cm, Soil Type: Humid and Humus
Target: Land mine Mine Type: Anti-Tank

Recommend the most appropriate type of sensor to detect the target and briefly explain why. Be concise.

Recommendation: Ground Penetrating Radar (GPR)

Explanation:  The presence of a mine, particularly an anti-tank mine, can disrupt the soil's electromagnetic properties. GPR can detect these subsurface anomalies caused by the mine's metallic components, providing a reliable detection method. The soil type (humid and humus) is relatively benign to GPR signals.",/content/drive/MyDrive/Capstone/Output/2025-11-24_23-21-37/attentions/attn_0262.json
"You are a sensor expert. Given the following situation:
Context: Voltage: 0.483383109 V, Height: 0.909090909 cm, Soil Type: Humid and Humus
Target: Land mine Mine Type: Anti-Tank

Recommend the most appropriate type of sensor to detect the target and briefly explain why. Be concise.

**Recommendation:**
Ground Penetrating Radar (GPR)

**Explanation:**
GPR is ideal for detecting buried objects like landmines without disturbing the soil. The soil type (humid and humus) is suitable for GPR operation.",/content/drive/MyDrive/Capstone/Output/2025-11-24_23-21-37/attentions/attn_0263.json
"You are a sensor expert. Given the following situation:
Context: Voltage: 0.999998728 V, Height: 0.090909091 cm, Soil Type: Dry and Limy
Target: Land mine Mine Type: Anti-Tank

Recommend the most appropriate type of sensor to detect the target and briefly explain why. Be concise.

**Recommendation:**
Ground Penetrating Radar (GPR)

**Explanation:**
GPR is ideal for detecting buried objects like landmines without disturbing the soil. It sends radar pulses into the ground and analyzes the reflected signals to create an image of the subsurface, effectively identifying the target's location and depth.",/content/drive/MyDrive/Capstone/Output/2025-11-24_23-21-37/attentions/attn_0264.json
"You are a sensor expert. Given the following situation:
Context: Voltage: 0.999998728 V, Height: 0.363636364 cm, Soil Type: Dry and Limy
Target: Land mine Mine Type: Anti-Tank

Recommend the most appropriate type of sensor to detect the target and briefly explain why. Be concise.

**Recommendation:**
Ground Penetrating Radar (GPR)

**Explanation:**
GPR is ideal for detecting buried objects like landmines without disturbing the soil. It uses radar pulses to image the subsurface, effectively mapping the terrain and identifying the presence of metallic objects buried at the specified depth.",/content/drive/MyDrive/Capstone/Output/2025-11-24_23-21-37/attentions/attn_0265.json
"You are a sensor expert. Given the following situation:
Context: Voltage: 0.851962673 V, Height: 0.636363636 cm, Soil Type: Dry and Limy
Target: Land mine Mine Type: Anti-Tank

Recommend the most appropriate type of sensor to detect the target and briefly explain why. Be concise.

Recommendation:
Ground Penetrating Radar (GPR)

Explanation:
GPR is ideal for detecting buried objects like landmines without disturbing the soil. It works by transmitting radar pulses into the ground and analyzing the reflected signals to create an image of the subsurface. This is crucial for identifying the target's location and depth, given the soil type (Dry and Limy) which can attenuate electromagnetic signals.",/content/drive/MyDrive/Capstone/Output/2025-11-24_23-21-37/attentions/attn_0266.json
"You are a sensor expert. Given the following situation:
Context: Voltage: 0.592144292 V, Height: 0.909090909 cm, Soil Type: Dry and Limy
Target: Land mine Mine Type: Anti-Tank

Recommend the most appropriate type of sensor to detect the target and briefly explain why. Be concise.

**Recommendation:**
Ground Penetrating Radar (GPR)

**Explanation:**
GPR is ideal for detecting buried objects like landmines, especially in heterogeneous soil like dry and limy soil. It transmits radar pulses into the ground and analyzes the reflected signals to create an image of the subsurface, revealing the presence of metallic landmines.",/content/drive/MyDrive/Capstone/Output/2025-11-24_23-21-37/attentions/attn_0267.json
"You are a sensor expert. Given the following situation:
Context: Voltage: 0.99395644 V, Height: 0.090909091 cm, Soil Type: Humid and Limy
Target: Land mine Mine Type: Anti-Tank

Recommend the most appropriate type of sensor to detect the target and briefly explain why. Be concise.

**Recommendation:** Ground Penetrating Radar (GPR)

**Explanation:**  GPR is ideal for detecting buried objects like landmines, particularly anti-tank mines. It transmits radio waves into the ground and analyzes the reflected signals to create a subsurface image, bypassing the need for direct contact or soil disturbance. The soil type (humid and limy) is generally suitable for GPR operation.",/content/drive/MyDrive/Capstone/Output/2025-11-24_23-21-37/attentions/attn_0268.json
"You are a sensor expert. Given the following situation:
Context: Voltage: 0.779455218 V, Height: 0.363636364 cm, Soil Type: Humid and Limy
Target: Land mine Mine Type: Anti-Tank

Recommend the most appropriate type of sensor to detect the target and briefly explain why. Be concise.

**Recommendation:**
Ground Penetrating Radar (GPR)

**Explanation:**
GPR is ideal for detecting buried objects like landmines, particularly in varying soil types. It emits radio waves into the ground and analyzes the reflected signals to map subsurface structures. The soil type (humid and limy) doesn't significantly hinder its performance.",/content/drive/MyDrive/Capstone/Output/2025-11-24_23-21-37/attentions/attn_0269.json
"You are a sensor expert. Given the following situation:
Context: Voltage: 0.655588315 V, Height: 0.636363636 cm, Soil Type: Humid and Limy
Target: Land mine Mine Type: Anti-Tank

Recommend the most appropriate type of sensor to detect the target and briefly explain why. Be concise.

**Recommendation:**
Ground-Penetrating Radar (GPR)

**Explanation:**
GPR is ideal for detecting buried objects like landmines, as it transmits radio waves into the ground and analyzes the reflected signals to create an image of subsurface features. The soil type (humid and limy) won't significantly impede GPR performance.",/content/drive/MyDrive/Capstone/Output/2025-11-24_23-21-37/attentions/attn_0270.json
"You are a sensor expert. Given the following situation:
Context: Voltage: 0.444108237 V, Height: 0.909090909 cm, Soil Type: Humid and Limy
Target: Land mine Mine Type: Anti-Tank

Recommend the most appropriate type of sensor to detect the target and briefly explain why. Be concise.

**Recommendation:**
Ground Penetrating Radar (GPR)

**Explanation:**
GPR is best suited for detecting buried objects like landmines, particularly in heterogeneous soil conditions like humid and limy soil. It transmits electromagnetic pulses into the ground and analyzes the reflected signals to map subsurface features, including metallic landmine components.",/content/drive/MyDrive/Capstone/Output/2025-11-24_23-21-37/attentions/attn_0271.json
"You are a sensor expert. Given the following situation:
Context: Voltage: 0.374621926 V, Height: 0.090909091 cm, Soil Type: Dry and Sandy
Target: Land mine Mine Type: Anti-Personnel

Recommend the most appropriate type of sensor to detect the target and briefly explain why. Be concise.

**Recommendation:**
Ground Penetrating Radar (GPR)

**Explanation:**
GPR is ideal for detecting buried objects like landmines, as it transmits radio waves into the ground and analyzes the reflected signals to create an image of the subsurface. The dry and sandy soil type is suitable for GPR operation.",/content/drive/MyDrive/Capstone/Output/2025-11-24_23-21-37/attentions/attn_0272.json
"You are a sensor expert. Given the following situation:
Context: Voltage: 0.344410486 V, Height: 0.363636364 cm, Soil Type: Dry and Sandy
Target: Land mine Mine Type: Anti-Personnel

Recommend the most appropriate type of sensor to detect the target and briefly explain why. Be concise.

**Recommendation:** Ground Penetrating Radar (GPR)

**Explanation:**  Dry and sandy soil presents a challenge for traditional metal detectors due to its conductivity. GPR can penetrate the soil and detect changes in subsurface density or material composition, which could indicate the presence of a land mine's buried metallic components.",/content/drive/MyDrive/Capstone/Output/2025-11-24_23-21-37/attentions/attn_0273.json
"You are a sensor expert. Given the following situation:
Context: Voltage: 0.315558494 V, Height: 0.636363636 cm, Soil Type: Dry and Sandy
Target: Land mine Mine Type: Anti-Personnel

Recommend the most appropriate type of sensor to detect the target and briefly explain why. Be concise.

**Recommendation:**
Ground Penetrating Radar (GPR)

**Explanation:**
GPR is ideal for detecting buried objects like landmines, particularly in sandy soil. It transmits radio waves into the ground and analyzes the reflected signals to map the subsurface. The dry and sandy soil conditions are favorable for GPR performance, as it minimizes clutter and maximizes signal penetration.",/content/drive/MyDrive/Capstone/Output/2025-11-24_23-21-37/attentions/attn_0274.json
"You are a sensor expert. Given the following situation:
Context: Voltage: 0.303685358 V, Height: 0.909090909 cm, Soil Type: Dry and Sandy
Target: Land mine Mine Type: Anti-Personnel

Recommend the most appropriate type of sensor to detect the target and briefly explain why. Be concise.

Recommendation:
Ground Penetrating Radar (GPR)
Explanation: GPR can effectively detect buried objects like landmines by transmitting radar pulses into the ground and analyzing the reflected signals. The dry and sandy soil type is suitable for GPR operation.",/content/drive/MyDrive/Capstone/Output/2025-11-24_23-21-37/attentions/attn_0275.json
"You are a sensor expert. Given the following situation:
Context: Voltage: 0.492446541 V, Height: 0.272727273 cm, Soil Type: Humid and Sandy
Target: Land mine Mine Type: Anti-Personnel

Recommend the most appropriate type of sensor to detect the target and briefly explain why. Be concise.

**Recommendation:**
Ground-Penetrating Radar (GPR)

**Explanation:**
GPR is ideal for detecting buried objects like landmines, as it transmits radio waves into the ground and analyzes the reflected signals to identify anomalies indicative of metallic mine bodies. The soil type (humid and sandy) is suitable for GPR operation.",/content/drive/MyDrive/Capstone/Output/2025-11-24_23-21-37/attentions/attn_0276.json
"You are a sensor expert. Given the following situation:
Context: Voltage: 0.374706501 V, Height: 0.545454545 cm, Soil Type: Humid and Sandy
Target: Land mine Mine Type: Anti-Personnel

Recommend the most appropriate type of sensor to detect the target and briefly explain why. Be concise.

**Recommendation:**
Ground Penetrating Radar (GPR)

**Explanation:**
GPR is ideal for detecting buried objects like landmines, especially in heterogeneous soil conditions (humid and sandy). It transmits radio waves into the ground and analyzes the reflected signals to identify anomalies indicating the presence of a metallic mine.",/content/drive/MyDrive/Capstone/Output/2025-11-24_23-21-37/attentions/attn_0277.json
"You are a sensor expert. Given the following situation:
Context: Voltage: 0.356072182 V, Height: 0.818181818 cm, Soil Type: Humid and Sandy
Target: Land mine Mine Type: Anti-Personnel

Recommend the most appropriate type of sensor to detect the target and briefly explain why. Be concise.

**Recommendation:**
Ground Penetrating Radar (GPR)

**Explanation:**
GPR is ideal for detecting buried objects like landmines, especially in heterogeneous soil conditions (humid and sandy) that can attenuate other sensor types. It provides subsurface imaging without excavation.",/content/drive/MyDrive/Capstone/Output/2025-11-24_23-21-37/attentions/attn_0278.json
"You are a sensor expert. Given the following situation:
Context: Voltage: 0.534742556 V, Height: 0 cm, Soil Type: Dry and Humus
Target: Land mine Mine Type: Anti-Personnel

Recommend the most appropriate type of sensor to detect the target and briefly explain why. Be concise.

**Recommendation:**
Ground Penetrating Radar (GPR)

**Explanation:**
GPR is ideal for detecting buried objects like landmines, as it can image subsurface anomalies without soil disturbance.",/content/drive/MyDrive/Capstone/Output/2025-11-24_23-21-37/attentions/attn_0279.json
"You are a sensor expert. Given the following situation:
Context: Voltage: 0.395769933 V, Height: 0.272727273 cm, Soil Type: Dry and Humus
Target: Land mine Mine Type: Anti-Personnel

Recommend the most appropriate type of sensor to detect the target and briefly explain why. Be concise.

**Recommendation:**
Ground Penetrating Radar (GPR)

**Explanation:**
GPR is ideal for detecting buried objects like landmines, as it transmits radar pulses into the ground and analyzes the reflected signals to create a subsurface image. This method is effective regardless of soil type and can differentiate between different materials.",/content/drive/MyDrive/Capstone/Output/2025-11-24_23-21-37/attentions/attn_0280.json
"You are a sensor expert. Given the following situation:
Context: Voltage: 0.353473918 V, Height: 0.545454545 cm, Soil Type: Dry and Humus
Target: Land mine Mine Type: Anti-Personnel

Recommend the most appropriate type of sensor to detect the target and briefly explain why. Be concise.

**Recommendation:**
Ground Penetrating Radar (GPR)

**Explanation:**
GPR is ideal for detecting buried objects like landmines without disturbing the soil. It analyzes subsurface electromagnetic signals, which can be reflected by metallic mine components. The soil type (dry and humus) is not a significant impediment for GPR.",/content/drive/MyDrive/Capstone/Output/2025-11-24_23-21-37/attentions/attn_0281.json
"You are a sensor expert. Given the following situation:
Context: Voltage: 0.280966463 V, Height: 0.818181818 cm, Soil Type: Dry and Humus
Target: Land mine Mine Type: Anti-Personnel

Recommend the most appropriate type of sensor to detect the target and briefly explain why. Be concise.

**Recommendation:**
Ground Penetrating Radar (GPR)

**Explanation:**
GPR is ideal for detecting buried objects like landmines, as it transmits radar pulses into the ground and analyzes the reflected signals to create an image of subsurface features. It’s effective in various soil types and can differentiate between different materials.",/content/drive/MyDrive/Capstone/Output/2025-11-24_23-21-37/attentions/attn_0282.json
"You are a sensor expert. Given the following situation:
Context: Voltage: 0.480361965 V, Height: 0.090909091 cm, Soil Type: Humid and Humus
Target: Land mine Mine Type: Anti-Personnel

Recommend the most appropriate type of sensor to detect the target and briefly explain why. Be concise.

**Recommendation: Ground Penetrating Radar (GPR)**

**Explanation:** GPR can effectively detect buried objects like landmines by analyzing the subsurface soil structure. It's particularly useful for identifying anomalies caused by the mine’s shape and composition, even in humid and humus-rich soils.",/content/drive/MyDrive/Capstone/Output/2025-11-24_23-21-37/attentions/attn_0283.json
"You are a sensor expert. Given the following situation:
Context: Voltage: 0.432023661 V, Height: 0.363636364 cm, Soil Type: Humid and Humus
Target: Land mine Mine Type: Anti-Personnel

Recommend the most appropriate type of sensor to detect the target and briefly explain why. Be concise.

**Recommendation:**
Ground-Penetrating Radar (GPR)

**Explanation:**
GPR is ideal for detecting buried objects like landmines, which are often located below the surface. It transmits radio waves into the ground and analyzes the reflected signals to create an image of the subsurface, effectively bypassing the surface conditions (soil type and humidity) that could interfere with other sensors.",/content/drive/MyDrive/Capstone/Output/2025-11-24_23-21-37/attentions/attn_0284.json
"You are a sensor expert. Given the following situation:
Context: Voltage: 0.271903031 V, Height: 0.636363636 cm, Soil Type: Humid and Humus
Target: Land mine Mine Type: Anti-Personnel

Recommend the most appropriate type of sensor to detect the target and briefly explain why. Be concise.

**Recommendation:** Ground Penetrating Radar (GPR)

**Explanation:** GPR can effectively detect buried objects like landmines, especially in soil with high organic content (humus) that can attenuate electromagnetic waves. The height reading suggests a shallow burial depth, which GPR is well-suited to resolve.",/content/drive/MyDrive/Capstone/Output/2025-11-24_23-21-37/attentions/attn_0285.json
"You are a sensor expert. Given the following situation:
Context: Voltage: 0.30211447 V, Height: 0.909090909 cm, Soil Type: Humid and Humus
Target: Land mine Mine Type: Anti-Personnel

Recommend the most appropriate type of sensor to detect the target and briefly explain why. Be concise.

**Recommendation:**
Ground Penetrating Radar (GPR)

**Explanation:**
GPR can effectively detect buried objects like landmines by analyzing subsurface reflections. The soil type (humid and humus) is suitable for GPR operation.",/content/drive/MyDrive/Capstone/Output/2025-11-24_23-21-37/attentions/attn_0286.json
"You are a sensor expert. Given the following situation:
Context: Voltage: 0.549848276 V, Height: 0.272727273 cm, Soil Type: Dry and Limy
Target: Land mine Mine Type: Anti-Personnel

Recommend the most appropriate type of sensor to detect the target and briefly explain why. Be concise.

**Recommendation:**
Ground Penetrating Radar (GPR)

**Explanation:**
GPR is ideal for detecting buried objects like landmines, particularly in dry, limy soil. It transmits radar pulses into the ground and analyzes the reflected signals to identify changes in soil composition and density, indicating the presence of metallic landmine casings.",/content/drive/MyDrive/Capstone/Output/2025-11-24_23-21-37/attentions/attn_0287.json
"You are a sensor expert. Given the following situation:
Context: Voltage: 0.416917941 V, Height: 0.545454545 cm, Soil Type: Dry and Limy
Target: Land mine Mine Type: Anti-Personnel

Recommend the most appropriate type of sensor to detect the target and briefly explain why. Be concise.

**Recommendation: Ground Penetrating Radar (GPR)**

**Reasoning:** Landmines are often buried, and their detection requires penetrating the soil. GPR can image subsurface features, including buried objects like landmines, by transmitting radar pulses into the ground and analyzing the reflected signals.  The soil type (dry and limy) is generally suitable for GPR operation.",/content/drive/MyDrive/Capstone/Output/2025-11-24_23-21-37/attentions/attn_0288.json
"You are a sensor expert. Given the following situation:
Context: Voltage: 0.380664214 V, Height: 0.818181818 cm, Soil Type: Dry and Limy
Target: Land mine Mine Type: Anti-Personnel

Recommend the most appropriate type of sensor to detect the target and briefly explain why. Be concise.

**Recommendation:**
Ground Penetrating Radar (GPR)

**Explanation:**
GPR is ideal for detecting buried objects like landmines, especially in dry, limy soil. It transmits radio waves into the ground and analyzes the reflected signals to create an image of subsurface anomalies, effectively mapping the presence of the mine without disturbing the surface.",/content/drive/MyDrive/Capstone/Output/2025-11-24_23-21-37/attentions/attn_0289.json
"You are a sensor expert. Given the following situation:
Context: Voltage: 0.752264922 V, Height: 0.090909091 cm, Soil Type: Humid and Limy
Target: Land mine Mine Type: Anti-Personnel

Recommend the most appropriate type of sensor to detect the target and briefly explain why. Be concise.

**Recommendation:**
Ground Penetrating Radar (GPR)

**Explanation:**
GPR is ideal for detecting buried objects like landmines. It transmits radar pulses into the ground and analyzes the reflected signals to create an image of the subsurface, effectively revealing the presence and location of the mine without disturbing the soil.",/content/drive/MyDrive/Capstone/Output/2025-11-24_23-21-37/attentions/attn_0290.json
"You are a sensor expert. Given the following situation:
Context: Voltage: 0.52265798 V, Height: 0.363636364 cm, Soil Type: Humid and Limy
Target: Land mine Mine Type: Anti-Personnel

Recommend the most appropriate type of sensor to detect the target and briefly explain why. Be concise.

**Recommendation:**
Ground Penetrating Radar (GPR)

**Explanation:**
GPR can effectively detect buried objects like landmines, particularly in soil with high moisture content, which can attenuate electromagnetic waves. The soil type also impacts the penetration depth, and GPR is well-suited for navigating these variations.",/content/drive/MyDrive/Capstone/Output/2025-11-24_23-21-37/attentions/attn_0291.json
"You are a sensor expert. Given the following situation:
Context: Voltage: 0.404833365 V, Height: 0.636363636 cm, Soil Type: Humid and Limy
Target: Land mine Mine Type: Anti-Personnel

Recommend the most appropriate type of sensor to detect the target and briefly explain why. Be concise.

**Recommendation: Ground Penetrating Radar (GPR)**

**Explanation:** Landmines are often buried, and their depth can vary. GPR excels at detecting subsurface anomalies and metal objects, making it ideal for locating buried landmines without disturbing the soil. The soil type is suitable for GPR operation, and the voltage data provides a baseline for anomaly detection.",/content/drive/MyDrive/Capstone/Output/2025-11-24_23-21-37/attentions/attn_0292.json
"You are a sensor expert. Given the following situation:
Context: Voltage: 0.311177902 V, Height: 0.909090909 cm, Soil Type: Humid and Limy
Target: Land mine Mine Type: Anti-Personnel

Recommend the most appropriate type of sensor to detect the target and briefly explain why. Be concise.

**Recommendation:**
Ground Penetrating Radar (GPR)

**Explanation:**
GPR is best suited for detecting buried objects like landmines, especially in soil with a high moisture content. It transmits radio waves into the ground and analyzes the reflected signals to create a subsurface image, effectively revealing the presence and location of the mine without disturbing the surface.",/content/drive/MyDrive/Capstone/Output/2025-11-24_23-21-37/attentions/attn_0293.json
"You are a sensor expert. Given the following situation:
Context: Voltage: 0.471298533 V, Height: 0.181818182 cm, Soil Type: Dry and Sandy
Target: Land mine Mine Type: Booby Trap Anti-Personnel

Recommend the most appropriate type of sensor to detect the target and briefly explain why. Be concise.

**Recommendation:**
Ground Penetrating Radar (GPR)

**Explanation:**
GPR is ideal for detecting buried objects like landmines, particularly in sandy soil. It transmits radar pulses into the ground and analyzes the reflected signals to create an image of subsurface features.  The dry, sandy soil provides a good medium for radar transmission.",/content/drive/MyDrive/Capstone/Output/2025-11-24_23-21-37/attentions/attn_0294.json
"You are a sensor expert. Given the following situation:
Context: Voltage: 0.380664214 V, Height: 0.454545455 cm, Soil Type: Dry and Sandy
Target: Land mine Mine Type: Booby Trap Anti-Personnel

Recommend the most appropriate type of sensor to detect the target and briefly explain why. Be concise.

**Recommendation:**
Ground Penetrating Radar (GPR)

**Explanation:**
GPR is ideal for detecting buried objects like landmines, especially in dry and sandy soil, which can attenuate other sensor types. It provides subsurface imaging without soil disturbance.",/content/drive/MyDrive/Capstone/Output/2025-11-24_23-21-37/attentions/attn_0295.json
"You are a sensor expert. Given the following situation:
Context: Voltage: 0.308156758 V, Height: 0.727272727 cm, Soil Type: Dry and Sandy
Target: Land mine Mine Type: Booby Trap Anti-Personnel

Recommend the most appropriate type of sensor to detect the target and briefly explain why. Be concise.

**Recommendation:**
Ground Penetrating Radar (GPR)

**Explanation:**
GPR is ideal for detecting buried objects like landmines. It transmits radar pulses into the ground and analyzes the reflected signals to create a subsurface image, effectively “seeing” through the soil to identify anomalies indicative of a mine's presence.",/content/drive/MyDrive/Capstone/Output/2025-11-24_23-21-37/attentions/attn_0296.json
"You are a sensor expert. Given the following situation:
Context: Voltage: 0.359516206 V, Height: 1 cm, Soil Type: Dry and Sandy
Target: Land mine Mine Type: Booby Trap Anti-Personnel

Recommend the most appropriate type of sensor to detect the target and briefly explain why. Be concise.

**Recommendation:**
Ground Penetrating Radar (GPR)

**Explanation:**
GPR is ideal for detecting buried objects like landmines, especially in dry, sandy soil. It transmits radar pulses into the ground and analyzes the reflected signals to create an image of the subsurface, revealing the presence and location of metallic objects like landmine components.",/content/drive/MyDrive/Capstone/Output/2025-11-24_23-21-37/attentions/attn_0297.json
"You are a sensor expert. Given the following situation:
Context: Voltage: 0.423473918 V, Height: 0.181818182 cm, Soil Type: Humid and Sandy
Target: Land mine Mine Type: Booby Trap Anti-Personnel

Recommend the most appropriate type of sensor to detect the target and briefly explain why. Be concise.

**Recommendation:**
Ground Penetrating Radar (GPR)

**Explanation:**
GPR can effectively detect buried objects like landmines by emitting radar pulses into the ground and analyzing the reflected signals. The soil type (humid and sandy) is suitable for GPR operation.",/content/drive/MyDrive/Capstone/Output/2025-11-24_23-21-37/attentions/attn_0298.json
"You are a sensor expert. Given the following situation:
Context: Voltage: 0.359516206 V, Height: 0.545454545 cm, Soil Type: Humid and Sandy
Target: Land mine Mine Type: Booby Trap Anti-Personnel

Recommend the most appropriate type of sensor to detect the target and briefly explain why. Be concise.

**Recommendation:**
Ground Penetrating Radar (GPR)

**Explanation:**
GPR is ideal for detecting buried objects like land mines, as it can penetrate the soil and identify anomalies in the subsurface that indicate the presence of metallic or otherwise contrasting objects.",/content/drive/MyDrive/Capstone/Output/2025-11-24_23-21-37/attentions/attn_0299.json
"You are a sensor expert. Given the following situation:
Context: Voltage: 0.333685358 V, Height: 0.818181818 cm, Soil Type: Humid and Sandy
Target: Land mine Mine Type: Booby Trap Anti-Personnel

Recommend the most appropriate type of sensor to detect the target and briefly explain why. Be concise.

**Recommendation:**
Ground Penetrating Radar (GPR)

**Explanation:**
GPR can effectively detect buried objects like landmines by transmitting radar pulses into the ground and analyzing the reflected signals. The sandy soil type is suitable for GPR, and the height measurement can help refine the search area.",/content/drive/MyDrive/Capstone/Output/2025-11-24_23-21-37/attentions/attn_0300.json
"You are a sensor expert. Given the following situation:
Context: Voltage: 0.513594548 V, Height: 0.090909091 cm, Soil Type: Dry and Humus
Target: Land mine Mine Type: Booby Trap Anti-Personnel

Recommend the most appropriate type of sensor to detect the target and briefly explain why. Be concise.

**Recommendation:**
Ground Penetrating Radar (GPR)

**Explanation:**
GPR is ideal for detecting buried objects like landmines, as it can penetrate the soil and image the subsurface without excavation. The soil type (dry and humus) is not a major impediment to GPR's performance.",/content/drive/MyDrive/Capstone/Output/2025-11-24_23-21-37/attentions/attn_0301.json
"You are a sensor expert. Given the following situation:
Context: Voltage: 0.480361965 V, Height: 0.363636364 cm, Soil Type: Dry and Humus
Target: Land mine Mine Type: Booby Trap Anti-Personnel

Recommend the most appropriate type of sensor to detect the target and briefly explain why. Be concise.

**Recommendation:**
Ground Penetrating Radar (GPR)

**Explanation:**
GPR is best suited for detecting buried objects like land mines, as it can penetrate the soil and create a map of subsurface features without excavation. The dry and humus soil type is suitable for GPR operation.",/content/drive/MyDrive/Capstone/Output/2025-11-24_23-21-37/attentions/attn_0302.json
"You are a sensor expert. Given the following situation:
Context: Voltage: 0.371600782 V, Height: 0.636363636 cm, Soil Type: Dry and Humus
Target: Land mine Mine Type: Booby Trap Anti-Personnel

Recommend the most appropriate type of sensor to detect the target and briefly explain why. Be concise.

**Recommendation:**
Inductive Metal Detector.

**Explanation:**
Booby traps, particularly anti-personnel mines, are often constructed with metallic components (wires, detonators). An inductive metal detector excels at detecting these buried metallic objects, regardless of soil conditions, and is suitable for the specified soil type.",/content/drive/MyDrive/Capstone/Output/2025-11-24_23-21-37/attentions/attn_0303.json
"You are a sensor expert. Given the following situation:
Context: Voltage: 0.326283622 V, Height: 0.909090909 cm, Soil Type: Dry and Humus
Target: Land mine Mine Type: Booby Trap Anti-Personnel

Recommend the most appropriate type of sensor to detect the target and briefly explain why. Be concise.

**Recommendation:**
Ground Penetrating Radar (GPR)

**Explanation:**
GPR is ideal for detecting buried objects like land mines, as it can penetrate the soil and identify metallic components or changes in soil density indicative of a mine's presence.",/content/drive/MyDrive/Capstone/Output/2025-11-24_23-21-37/attentions/attn_0304.json
"You are a sensor expert. Given the following situation:
Context: Voltage: 0.2717824 V, Height: 0.090909091 cm, Soil Type: Humid and Humus
Target: Land mine Mine Type: Booby Trap Anti-Personnel

Recommend the most appropriate type of sensor to detect the target and briefly explain why. Be concise.

**Recommendation:**
Ground Penetrating Radar (GPR)

**Explanation:**
GPR is ideal for detecting buried objects like landmines without disturbing the soil. It sends radar pulses into the ground and analyzes the reflected signals to identify metallic or otherwise anomalous objects. Given the humid and humus soil type, which can attenuate other sensor types, GPR’s ability to penetrate subsurface materials is crucial.",/content/drive/MyDrive/Capstone/Output/2025-11-24_23-21-37/attentions/attn_0305.json
"You are a sensor expert. Given the following situation:
Context: Voltage: 0.24199384 V, Height: 0.363636364 cm, Soil Type: Humid and Humus
Target: Land mine Mine Type: Booby Trap Anti-Personnel

Recommend the most appropriate type of sensor to detect the target and briefly explain why. Be concise.

**Recommendation:**
VibSensor
**Explanation:**
Booby traps, particularly anti-personnel mines, are often triggered by movement. VibSensors are highly sensitive to vibrations and can detect subtle ground disturbances caused by a person approaching or stepping on the mine. The soil type (humid and humus) will provide a good medium for vibration transmission, enhancing the sensor's detection capability.",/content/drive/MyDrive/Capstone/Output/2025-11-24_23-21-37/attentions/attn_0306.json
"You are a sensor expert. Given the following situation:
Context: Voltage: 0.22700875 V, Height: 0.636363636 cm, Soil Type: Humid and Humus
Target: Land mine Mine Type: Booby Trap Anti-Personnel

Recommend the most appropriate type of sensor to detect the target and briefly explain why. Be concise.

**Recommendation:**
Ground Penetrating Radar (GPR)

**Explanation:**
GPR is ideal for detecting buried objects like landmines without disturbing the soil. It uses radar pulses to image subsurface features, effectively identifying the presence of a mine buried at the specified height.",/content/drive/MyDrive/Capstone/Output/2025-11-24_23-21-37/attentions/attn_0307.json
"You are a sensor expert. Given the following situation:
Context: Voltage: 0.263776167 V, Height: 0 cm, Soil Type: Dry and Limy
Target: Land mine Mine Type: Booby Trap Anti-Personnel

Recommend the most appropriate type of sensor to detect the target and briefly explain why. Be concise.

**Recommendation:**
VLF (Very Low Frequency) Metal Detector.

**Explanation:**
Booby traps, particularly anti-personnel mine types, often incorporate metal components (wires, springs, or casings) for triggering mechanisms. VLF detectors are highly effective at detecting these small, buried metallic objects, and the dry, limy soil won’t significantly impede their performance.",/content/drive/MyDrive/Capstone/Output/2025-11-24_23-21-37/attentions/attn_0308.json
"You are a sensor expert. Given the following situation:
Context: Voltage: 0.223564727 V, Height: 0.272727273 cm, Soil Type: Dry and Limy
Target: Land mine Mine Type: Booby Trap Anti-Personnel

Recommend the most appropriate type of sensor to detect the target and briefly explain why. Be concise.

**Recommendation:**

Ground Penetrating Radar (GPR)

**Explanation:**

GPR is ideal for detecting buried objects like landmines. It transmits radio waves into the ground and analyzes the reflected signals to create an image of subsurface features, effectively bypassing the soil's interference and revealing the mine's presence.",/content/drive/MyDrive/Capstone/Output/2025-11-24_23-21-37/attentions/attn_0309.json
"You are a sensor expert. Given the following situation:
Context: Voltage: 0.253776167 V, Height: 0.636363636 cm, Soil Type: Dry and Limy
Target: Land mine Mine Type: Booby Trap Anti-Personnel

Recommend the most appropriate type of sensor to detect the target and briefly explain why. Be concise.

Recommendation:
**Ground Penetrating Radar (GPR)**

Explanation:
GPR is ideal for detecting buried objects like land mines, as it emits radio waves into the ground and analyzes the reflected signals to create a subsurface image. This is effective for identifying anomalies indicative of a mine's presence, regardless of soil type.",/content/drive/MyDrive/Capstone/Output/2025-11-24_23-21-37/attentions/attn_0310.json
"You are a sensor expert. Given the following situation:
Context: Voltage: 0.209818455 V, Height: 0.909090909 cm, Soil Type: Dry and Limy
Target: Land mine Mine Type: Booby Trap Anti-Personnel

Recommend the most appropriate type of sensor to detect the target and briefly explain why. Be concise.

**Recommendation:**
Ground Penetrating Radar (GPR)

**Explanation:**
GPR is ideal for detecting buried objects like landmines without disturbing the soil. It transmits radar pulses into the ground and analyzes the reflected signals to create an image of the subsurface, effectively locating the mine's buried position.",/content/drive/MyDrive/Capstone/Output/2025-11-24_23-21-37/attentions/attn_0311.json
"You are a sensor expert. Given the following situation:
Context: Voltage: 0.462235101 V, Height: 0.090909091 cm, Soil Type: Humid and Limy
Target: Land mine Mine Type: Booby Trap Anti-Personnel

Recommend the most appropriate type of sensor to detect the target and briefly explain why. Be concise.

Sensor Recommendation: Ground Penetrating Radar (GPR)

Explanation: GPR can detect subsurface anomalies indicative of buried mines, particularly in soil types like humid and limy where electromagnetic signals propagate well. The voltage and height data provide contextual information potentially useful for refining the GPR scan parameters.",/content/drive/MyDrive/Capstone/Output/2025-11-24_23-21-37/attentions/attn_0312.json
"You are a sensor expert. Given the following situation:
Context: Voltage: 0.413896797 V, Height: 0.363636364 cm, Soil Type: Humid and Limy
Target: Land mine Mine Type: Booby Trap Anti-Personnel

Recommend the most appropriate type of sensor to detect the target and briefly explain why. Be concise.

**Recommendation:**
Ground Penetrating Radar (GPR)

**Explanation:**
GPR is ideal for detecting buried objects like land mines, as it can penetrate the soil and identify anomalies in the subsurface structure indicative of the mine's presence.  The soil type (humid and limy) is compatible with GPR operation.",/content/drive/MyDrive/Capstone/Output/2025-11-24_23-21-37/attentions/attn_0313.json
"You are a sensor expert. Given the following situation:
Context: Voltage: 0.34743163 V, Height: 0.636363636 cm, Soil Type: Humid and Limy
Target: Land mine Mine Type: Booby Trap Anti-Personnel

Recommend the most appropriate type of sensor to detect the target and briefly explain why. Be concise.

**Recommendation:**
Ground Penetrating Radar (GPR)

**Explanation:**
GPR is ideal for detecting buried objects like land mines. It transmits radar pulses into the ground and analyzes the reflected signals to create an image of the subsurface. This technology can effectively identify the presence and location of mines without disturbing the surface.",/content/drive/MyDrive/Capstone/Output/2025-11-24_23-21-37/attentions/attn_0314.json
"You are a sensor expert. Given the following situation:
Context: Voltage: 0.335347054 V, Height: 0.909090909 cm, Soil Type: Humid and Limy
Target: Land mine Mine Type: Booby Trap Anti-Personnel

Recommend the most appropriate type of sensor to detect the target and briefly explain why. Be concise.

**Recommendation: Ground Penetrating Radar (GPR)**

**Explanation:** GPR is ideal for detecting buried objects like landmines, as it emits radar pulses into the ground and analyzes the reflected signals to create an image of the subsurface. This allows for detection beneath the soil surface, regardless of soil type or moisture content, and is effective against buried anti-personnel booby traps.",/content/drive/MyDrive/Capstone/Output/2025-11-24_23-21-37/attentions/attn_0315.json
"You are a sensor expert. Given the following situation:
Context: Voltage: 0.444108237 V, Height: 0.090909091 cm, Soil Type: Dry and Sandy
Target: Land mine Mine Type: M14 Anti-Personnel

Recommend the most appropriate type of sensor to detect the target and briefly explain why. Be concise.

**Recommendation:**
Ground Penetrating Radar (GPR)

**Explanation:**
GPR is ideal for detecting buried objects like landmines without disturbing the soil. It analyzes subsurface radar reflections, effectively imaging the soil structure and identifying metallic objects like the M14 mine.",/content/drive/MyDrive/Capstone/Output/2025-11-24_23-21-37/attentions/attn_0316.json
"You are a sensor expert. Given the following situation:
Context: Voltage: 0.296072182 V, Height: 0.363636364 cm, Soil Type: Dry and Sandy
Target: Land mine Mine Type: M14 Anti-Personnel

Recommend the most appropriate type of sensor to detect the target and briefly explain why. Be concise.

**Recommendation:**
Ground Penetrating Radar (GPR)

**Explanation:**
GPR is ideal for detecting buried objects like landmines. It transmits radar pulses into the ground and analyzes the reflected signals to create an image of the subsurface, revealing the presence and location of the mine without disturbing the surface. The dry and sandy soil is a good medium for GPR to function effectively.",/content/drive/MyDrive/Capstone/Output/2025-11-24_23-21-37/attentions/attn_0317.json
"You are a sensor expert. Given the following situation:
Context: Voltage: 0.356495062 V, Height: 0.636363636 cm, Soil Type: Dry and Sandy
Target: Land mine Mine Type: M14 Anti-Personnel

Recommend the most appropriate type of sensor to detect the target and briefly explain why. Be concise.

**Recommendation:** Ground Penetrating Radar (GPR)

**Explanation:** GPR is ideal for detecting buried objects like landmines. It transmits radar pulses into the ground and analyzes the reflected signals to create an image of the subsurface, effectively ""seeing"" the target beneath the dry, sandy soil.",/content/drive/MyDrive/Capstone/Output/2025-11-24_23-21-37/attentions/attn_0318.json
"You are a sensor expert. Given the following situation:
Context: Voltage: 0.320241334 V, Height: 0.909090909 cm, Soil Type: Dry and Sandy
Target: Land mine Mine Type: M14 Anti-Personnel

Recommend the most appropriate type of sensor to detect the target and briefly explain why. Be concise.

**Recommendation:**
Ground Penetrating Radar (GPR)

**Explanation:**
GPR is ideal for detecting buried objects like landmines, particularly in sandy soil. It transmits radar pulses into the ground and analyzes the reflected signals to create an image of subsurface structures. The dry, sandy soil composition is well-suited for GPR operation, as it offers good penetration for the radar waves.",/content/drive/MyDrive/Capstone/Output/2025-11-24_23-21-37/attentions/attn_0319.json
"You are a sensor expert. Given the following situation:
Context: Voltage: 0.540784844 V, Height: 0.090909091 cm, Soil Type: Humid and Sandy
Target: Land mine Mine Type: M14 Anti-Personnel

Recommend the most appropriate type of sensor to detect the target and briefly explain why. Be concise.

**Recommendation:**
Ground Penetrating Radar (GPR)

**Explanation:**
GPR is ideal for detecting buried objects like landmines. It transmits radio waves into the ground, and the reflected signals reveal the presence and depth of metallic objects, bypassing soil conditions.",/content/drive/MyDrive/Capstone/Output/2025-11-24_23-21-37/attentions/attn_0320.json
"You are a sensor expert. Given the following situation:
Context: Voltage: 0.506102004 V, Height: 0.363636364 cm, Soil Type: Humid and Sandy
Target: Land mine Mine Type: M14 Anti-Personnel

Recommend the most appropriate type of sensor to detect the target and briefly explain why. Be concise.

**Recommendation:** Ground Penetrating Radar (GPR)

**Explanation:** GPR is ideal for detecting buried metallic objects like landmines, providing subsurface information without soil disturbance.",/content/drive/MyDrive/Capstone/Output/2025-11-24_23-21-37/attentions/attn_0321.json
"You are a sensor expert. Given the following situation:
Context: Voltage: 0.401812221 V, Height: 0.636363636 cm, Soil Type: Humid and Sandy
Target: Land mine Mine Type: M14 Anti-Personnel

Recommend the most appropriate type of sensor to detect the target and briefly explain why. Be concise.

**Recommendation:**
Ground Penetrating Radar (GPR)

**Explanation:**
GPR is ideal for detecting buried objects like landmines. It transmits radio waves into the ground and analyzes the reflected signals to create an image of the subsurface, effectively mapping out the presence of the mine without disturbing the surface. The soil type (humid and sandy) is suitable for GPR operation.",/content/drive/MyDrive/Capstone/Output/2025-11-24_23-21-37/attentions/attn_0322.json
"You are a sensor expert. Given the following situation:
Context: Voltage: 0.369002517 V, Height: 0.909090909 cm, Soil Type: Humid and Sandy
Target: Land mine Mine Type: M14 Anti-Personnel

Recommend the most appropriate type of sensor to detect the target and briefly explain why. Be concise.

**Recommendation:**
Ground Penetrating Radar (GPR)

**Explanation:**
GPR is best suited for detecting buried objects like landmines, particularly in heterogeneous soil types like sandy and humid conditions. It can penetrate the soil and generate a signal that reflects off the mine's metallic body, allowing for accurate detection without surface disturbance.",/content/drive/MyDrive/Capstone/Output/2025-11-24_23-21-37/attentions/attn_0323.json
"You are a sensor expert. Given the following situation:
Context: Voltage: 0.362839599 V, Height: 0.363636364 cm, Soil Type: Dry and Humus
Target: Land mine Mine Type: M14 Anti-Personnel

Recommend the most appropriate type of sensor to detect the target and briefly explain why. Be concise.

**Recommendation:**
Ground Penetrating Radar (GPR)

**Explanation:**
GPR is ideal for detecting buried objects like landmines, as it can penetrate the soil and identify anomalies in the subsurface without excavation. The soil type (dry and humus) is not a significant impediment to GPR's effectiveness.",/content/drive/MyDrive/Capstone/Output/2025-11-24_23-21-37/attentions/attn_0324.json
"You are a sensor expert. Given the following situation:
Context: Voltage: 0.320241334 V, Height: 0.818181818 cm, Soil Type: Dry and Humus
Target: Land mine Mine Type: M14 Anti-Personnel

Recommend the most appropriate type of sensor to detect the target and briefly explain why. Be concise.

**Recommendation:**
Ground-Penetrating Radar (GPR)

**Explanation:**
GPR is ideal for detecting buried objects like landmines, as it can penetrate the soil and identify metallic components of the M14 mine without surface contact. The soil type (dry and humus) is generally suitable for GPR operation.",/content/drive/MyDrive/Capstone/Output/2025-11-24_23-21-37/attentions/attn_0325.json
"You are a sensor expert. Given the following situation:
Context: Voltage: 0.446283622 V, Height: 0 cm, Soil Type: Humid and Humus
Target: Land mine Mine Type: M14 Anti-Personnel

Recommend the most appropriate type of sensor to detect the target and briefly explain why. Be concise.

**Recommendation:**
Ground Penetrating Radar (GPR)

**Explanation:**
GPR is ideal for detecting buried objects like landmines without disturbing the soil. Its ability to image subsurface structures makes it suitable for identifying the M14 anti-personnel mine’s shape and depth.",/content/drive/MyDrive/Capstone/Output/2025-11-24_23-21-37/attentions/attn_0326.json
"You are a sensor expert. Given the following situation:
Context: Voltage: 0.391177902 V, Height: 0.272727273 cm, Soil Type: Humid and Humus
Target: Land mine Mine Type: M14 Anti-Personnel

Recommend the most appropriate type of sensor to detect the target and briefly explain why. Be concise.

**Recommendation:**
Ground Penetrating Radar (GPR)

**Explanation:**
GPR is ideal for detecting buried objects like landmines. It transmits radar pulses into the ground and analyzes the reflected signals to create an image of the subsurface, revealing the presence and depth of metallic objects such as the M14 mine. The soil type (humid and humus) is not a significant obstacle for GPR operation.",/content/drive/MyDrive/Capstone/Output/2025-11-24_23-21-37/attentions/attn_0327.json
"You are a sensor expert. Given the following situation:
Context: Voltage: 0.378156758 V, Height: 0.545454545 cm, Soil Type: Humid and Humus
Target: Land mine Mine Type: M14 Anti-Personnel

Recommend the most appropriate type of sensor to detect the target and briefly explain why. Be concise.

Sensor Type: Ground Penetrating Radar (GPR)
Explanation: GPR can effectively detect buried objects like landmines by sending radar pulses into the ground and analyzing the reflected signals. The soil type (Humid and Humus) is suitable for GPR operation, and the height data (0.545454545 cm) can aid in precise localization.",/content/drive/MyDrive/Capstone/Output/2025-11-24_23-21-37/attentions/attn_0328.json
"You are a sensor expert. Given the following situation:
Context: Voltage: 0.319939085 V, Height: 0.818181818 cm, Soil Type: Humid and Humus
Target: Land mine Mine Type: M14 Anti-Personnel

Recommend the most appropriate type of sensor to detect the target and briefly explain why. Be concise.

**Recommendation:**
Ground Penetrating Radar (GPR)

**Explanation:**
GPR is ideal for detecting buried objects like landmines without disturbing the soil. It analyzes subsurface electromagnetic signals to identify anomalies indicative of mine presence.",/content/drive/MyDrive/Capstone/Output/2025-11-24_23-21-37/attentions/attn_0329.json
"You are a sensor expert. Given the following situation:
Context: Voltage: 0.519636836 V, Height: 0.090909091 cm, Soil Type: Dry and Limy
Target: Land mine Mine Type: M14 Anti-Personnel

Recommend the most appropriate type of sensor to detect the target and briefly explain why. Be concise.

**Recommendation:**
Ground-Penetrating Radar (GPR)

**Explanation:**
GPR is ideal for detecting buried objects like landmines. It transmits radio waves into the ground and analyzes the reflected signals to create an image of the subsurface, effectively bypassing surface limitations and soil conditions.",/content/drive/MyDrive/Capstone/Output/2025-11-24_23-21-37/attentions/attn_0330.json
"You are a sensor expert. Given the following situation:
Context: Voltage: 0.398791077 V, Height: 0.363636364 cm, Soil Type: Dry and Limy
Target: Land mine Mine Type: M14 Anti-Personnel

Recommend the most appropriate type of sensor to detect the target and briefly explain why. Be concise.

**Recommendation:**
Ground Penetrating Radar (GPR)

**Explanation:**
GPR is ideal for detecting buried objects like landmines, as it can penetrate the soil and identify changes in soil composition caused by the mine's metallic structure. The dry and limy soil type is suitable for GPR operation.",/content/drive/MyDrive/Capstone/Output/2025-11-24_23-21-37/attentions/attn_0331.json
"You are a sensor expert. Given the following situation:
Context: Voltage: 0.34743163 V, Height: 0.636363636 cm, Soil Type: Dry and Limy
Target: Land mine Mine Type: M14 Anti-Personnel

Recommend the most appropriate type of sensor to detect the target and briefly explain why. Be concise.

Sensor Recommendation:
**Ground Penetrating Radar (GPR)**

Explanation:
GPR is ideal for detecting buried objects like landmines. It transmits radio waves into the ground and analyzes the reflected signals to create an image of the subsurface, revealing the presence of metallic objects like the M14 mine without disturbing the surface.",/content/drive/MyDrive/Capstone/Output/2025-11-24_23-21-37/attentions/attn_0332.json
"You are a sensor expert. Given the following situation:
Context: Voltage: 0.323262478 V, Height: 0.909090909 cm, Soil Type: Dry and Limy
Target: Land mine Mine Type: M14 Anti-Personnel

Recommend the most appropriate type of sensor to detect the target and briefly explain why. Be concise.

**Recommendation:**
Ground Penetrating Radar (GPR)

**Explanation:**
GPR is ideal for detecting buried objects like landmines. It transmits radar pulses into the ground and analyzes the reflected signals to create an image of the subsurface, revealing the presence and location of metallic targets like the M14 mine.",/content/drive/MyDrive/Capstone/Output/2025-11-24_23-21-37/attentions/attn_0333.json
"You are a sensor expert. Given the following situation:
Context: Voltage: 0.444108237 V, Height: 0.181818182 cm, Soil Type: Humid and Limy
Target: Land mine Mine Type: M14 Anti-Personnel

Recommend the most appropriate type of sensor to detect the target and briefly explain why. Be concise.

**Recommendation:**
Ground Penetrating Radar (GPR)

**Explanation:**
GPR is ideal for detecting buried objects like landmines. It transmits radio waves into the ground and analyzes the reflected signals to create an image of the subsurface, revealing the presence and location of mines without the need for excavation.",/content/drive/MyDrive/Capstone/Output/2025-11-24_23-21-37/attentions/attn_0334.json
"You are a sensor expert. Given the following situation:
Context: Voltage: 0.353473918 V, Height: 0.454545455 cm, Soil Type: Humid and Limy
Target: Land mine Mine Type: M14 Anti-Personnel

Recommend the most appropriate type of sensor to detect the target and briefly explain why. Be concise.

**Recommendation: Ground Penetrating Radar (GPR)**

**Explanation:** GPR is ideal for detecting buried objects like landmines. It emits radio waves into the ground, and analyzes the reflected signals to create a subsurface image, revealing the presence and location of metallic objects (M14 landmines). The soil type (humid and limy) might slightly affect signal propagation but GPR is robust enough to handle these variations.",/content/drive/MyDrive/Capstone/Output/2025-11-24_23-21-37/attentions/attn_0335.json
"You are a sensor expert. Given the following situation:
Context: Voltage: 0.36253735 V, Height: 0.727272727 cm, Soil Type: Humid and Limy
Target: Land mine Mine Type: M14 Anti-Personnel

Recommend the most appropriate type of sensor to detect the target and briefly explain why. Be concise.

**Recommendation:**
Ground Penetrating Radar (GPR)

**Explanation:**
GPR excels at detecting subsurface objects like landmines without disturbing the soil, crucial given the ""Humid and Limy"" soil type. It can differentiate between different soil compositions and identify metallic objects like the M14 landmine.",/content/drive/MyDrive/Capstone/Output/2025-11-24_23-21-37/attentions/attn_0336.json
"You are a sensor expert. Given the following situation:
Context: Voltage: 0.314199046 V, Height: 1 cm, Soil Type: Humid and Limy
Target: Land mine Mine Type: M14 Anti-Personnel

Recommend the most appropriate type of sensor to detect the target and briefly explain why. Be concise.

**Recommendation:**
Ground Penetrating Radar (GPR)

**Explanation:**
GPR is ideal for detecting buried objects like landmines without disturbing the soil. It transmits radar pulses into the ground and analyzes the reflected signals to create an image of the subsurface. The high resolution and ability to penetrate shallow depths (like 1 cm) make it suitable for locating landmines at the target depth.",/content/drive/MyDrive/Capstone/Output/2025-11-24_23-21-37/attentions/attn_0337.json
