tot_output,ama_path
"**Recommendation:** Metal Detector
**Explanation:** Given the dry, sandy soil conditions and the absence of a mine type, a metal detector is the most logical choice to identify metallic objects buried underground. Dry sandy soil typically allows for good conductivity and penetration of electromagnetic fields, which are ideal for detecting metal. There is no indicator of needing deeper investigation so detecting surface and shallow-buried metal is best.",/content/drive/MyDrive/Capstone/AMA/attn_0000.json
"**Recommendation:** Ground Penetrating Radar (GPR)
**Explanation:** The dry and sandy soil offers good penetration for GPR signals. Since the voltage is low, it suggests that the GPR waves are penetrating deeper than anticipated, indicating potentially significant subsurface features. A metal detector may not be effective due to the distance.",/content/drive/MyDrive/Capstone/AMA/attn_0001.json
"**Recommendation:** Ground Penetrating Radar (GPR)
**Explanation:** The dry, sandy soil offers good radar penetration, making GPR a highly effective choice for identifying subsurface anomalies. Unlike metal detectors, GPR can detect buried objects regardless of their material composition. Since the mine type is unknown, GPR offers a broader detection range beyond just metallic signatures.",/content/drive/MyDrive/Capstone/AMA/attn_0002.json
"**Recommendation:** Metal Detector
**Explanation:** Given the dry and sandy soil conditions, a metal detector will likely perform well due to the soil's good conductivity, allowing it to easily detect metallic objects. The shallow depth suggests that metal objects are close to the surface, maximizing the effectiveness of a metal detector. The lack of information about the mine type further emphasizes that the dominant signal will be metallic.",/content/drive/MyDrive/Capstone/AMA/attn_0003.json
"**Recommendation:** Metal Detector
**Explanation:** The dry, sandy soil provides good radar penetration, but the low voltage suggests the target may be near the surface. A metal detector would be the most appropriate tool to identify potential metallic objects in this scenario.",/content/drive/MyDrive/Capstone/AMA/attn_0004.json
"**Recommendation:** Ground Penetrating Radar (GPR)
**Explanation:** The dry and sandy soil is ideal for GPR because it offers good penetration and signal clarity, allowing for deeper investigation. The voltage level suggests some decent signal strength, confirming the suitability for detecting buried structures. The absence of a mine type further limits the use of a metal detector.",/content/drive/MyDrive/Capstone/AMA/attn_0005.json
"**Recommendation:** Ground Penetrating Radar (GPR)
**Explanation:** Given the dry, sandy soil conditions, GPR will have the best penetration and offer the most detailed image of the subsurface features. The unknown mine type means there isn't an immediate metallic indicator, and GPR allows for a broader search without being limited by metal detectors.",/content/drive/MyDrive/Capstone/AMA/attn_0006.json
"**Recommendation:** Metal Detector
**Explanation:** The soil is dry and sandy, which provides favorable conditions for a metal detector. The shallow depth (1cm) means a metal detector should be able to easily detect any metallic objects. No mine type information makes GPR unnecessary.",/content/drive/MyDrive/Capstone/AMA/attn_0007.json
"**Recommendation:** Metal Detector
**Explanation:** The humid, sandy soil suggests that Ground Penetrating Radar (GPR) may be hampered. A metal detector is likely to be the more effective initial choice due to the potentially high conductivity of metallic objects in the sandy terrain.",/content/drive/MyDrive/Capstone/AMA/attn_0008.json
"**Recommendation:** Ground Penetrating Radar (GPR)
**Explanation:** The humid and sandy soil is expected to provide reasonable radar penetration, allowing it to detect buried structures and anomalies. A metal detector might be less effective due to the high moisture content, which could conduct electricity and mask the metallic signature of the mine. GPR's ability to image subsurface features makes it the more suitable choice for this scenario.",/content/drive/MyDrive/Capstone/AMA/attn_0009.json
"**Recommendation:** Ground Penetrating Radar (GPR)
**Explanation:** The soil is humid and sandy, which will weaken radar signals. However, GPR will still penetrate sufficiently to investigate deeper underground and is preferred over a metal detector because there is no information about metallic mine content. GPR will provide a better image of buried features.",/content/drive/MyDrive/Capstone/AMA/attn_0010.json
"**Recommendation:** Ground Penetrating Radar (GPR)
**Explanation:** The humid, sandy soil presents a challenge for metal detectors, as moisture and clay can hinder their performance. GPR is more effective in these conditions due to its ability to penetrate the soil and detect subsurface anomalies even through moisture. Since the mine type is not indicated, subsurface exploration is necessary to identify potential features.",/content/drive/MyDrive/Capstone/AMA/attn_0011.json
"**Recommendation:** Ground Penetrating Radar (GPR)
**Explanation:** The humid and sandy soil provides a relatively good medium for radar penetration, and with no specified mine type, the surface readings are likely to be scattered. Therefore, GPR is the best choice to discern subsurface features beyond the immediate surface. A metal detector would be less effective given the soil conditions and the absence of obvious metallic indications.",/content/drive/MyDrive/Capstone/AMA/attn_0012.json
"**Recommendation:** Ground Penetrating Radar (GPR)
**Explanation:** The soil is described as humid and sandy, which is generally favorable for radar penetration. Metal detectors will likely be hindered by the moisture and soil composition. GPR provides a more detailed subsurface image, useful for identifying potential mine structures and anomalies.",/content/drive/MyDrive/Capstone/AMA/attn_0013.json
"**Recommendation:** Ground Penetrating Radar (GPR)
**Explanation:** The humid and sandy soil composition suggests that a metal detector may not perform well due to the moisture content hindering metallic detection. GPR can penetrate these soils to a greater depth, allowing for a better understanding of the subsurface features related to the mine, likely beyond the range of a metal detector in this environment.",/content/drive/MyDrive/Capstone/AMA/attn_0014.json
"**Recommendation:** Metal Detector
**Explanation:** The shallow depth and sandy soil type make a metal detector the more appropriate choice for detecting metallic objects. Radar signals would be attenuated too much by the damp soil, making it inefficient for the scenario.",/content/drive/MyDrive/Capstone/AMA/attn_0015.json
"**Recommendation:** Metal Detector
**Explanation:** With a low voltage reading and dry soil conditions including humus, the signal will penetrate well, making a metal detector the most appropriate sensor for this scenario. Humus could potentially create some interference but the dryness will mitigate most of those effects.",/content/drive/MyDrive/Capstone/AMA/attn_0016.json
"**Recommendation:** Ground Penetrating Radar (GPR)
**Explanation:** With dry soil and the presence of humus, the soil’s conductivity is low, which would hinder the performance of a metal detector. GPR utilizes electromagnetic waves that can penetrate the soil and map the subsurface structure, offering a better chance of detecting buried objects and anomalies than a metal detector in this scenario. The low soil conductivity facilitates better signal transmission and reception by the GPR.",/content/drive/MyDrive/Capstone/AMA/attn_0017.json
"**Recommendation:** Ground Penetrating Radar (GPR)
**Explanation:** The dry soil composition, coupled with the presence of humus, suggests decent radar penetration. GPR is best equipped to image subsurface anomalies and potential buried structures without significant signal degradation, unlike a metal detector which will be limited in deeper investigation of this soil. The lack of a known mine type means there's nothing to specifically look for metallic content.",/content/drive/MyDrive/Capstone/AMA/attn_0018.json
"**Recommendation:** Ground Penetrating Radar (GPR)
**Explanation:** The dry soil with humus is conducive to radar penetration, allowing for a better image of underground features. Given the lack of a mine type, the initial target of interest would be deeper than what a metal detector can effectively detect. Thus, GPR is the optimal tool for mapping and characterizing possible subsurface anomalies.",/content/drive/MyDrive/Capstone/AMA/attn_0019.json
"**Recommendation:** Ground Penetrating Radar (GPR)
**Explanation:** The dry soil type combined with a modest voltage reading suggests good radar penetration. Since we have limited information about the potential target, using GPR would be more effective at revealing subsurface anomalies and mapping the target’s location, rather than relying solely on metallic detection. The humus in the soil could potentially interfere with the metal detector’s readings.",/content/drive/MyDrive/Capstone/AMA/attn_0020.json
"**Recommendation:** Ground Penetrating Radar (GPR)
**Explanation:** With a dry soil type and potentially humic content, the soil's conductivity would be relatively low, reducing the sensitivity of a metal detector. GPR is better suited to investigate deeper subsurface structures than a metal detector, and the dry conditions will promote radar penetration. Given the relatively shallow depth, GPR will likely provide more detailed information about the potential presence of buried objects.",/content/drive/MyDrive/Capstone/AMA/attn_0021.json
"**Recommendation:** Ground Penetrating Radar (GPR)
**Explanation:** Given the dry soil conditions, GPR will provide a deeper scan and potentially reveal subsurface anomalies without significant signal degradation. The humus may also influence the metal detector performance, making GPR the more reliable option for detailed imaging of buried objects.",/content/drive/MyDrive/Capstone/AMA/attn_0022.json
"**Recommendation:** Metal Detector
**Explanation:** The shallow depth and dry soil make a metal detector the ideal choice, as it can easily detect nearby metallic objects. The low moisture content will allow the detector to effectively identify buried metal.",/content/drive/MyDrive/Capstone/AMA/attn_0023.json
"**Recommendation:** Metal Detector
**Explanation:** The humid and humus soil will hinder ground-penetrating radar, while a metal detector will be more effective in locating metallic objects. Since the mine type is unknown, a metal detector is the most appropriate tool for this situation.",/content/drive/MyDrive/Capstone/AMA/attn_0024.json
"**Recommendation:** Ground Penetrating Radar (GPR)
**Explanation:** The humid soil conditions will significantly attenuate the signal of a metal detector. GPR provides subsurface imaging, which is crucial for mapping underground features when the soil is dense and reduces metal detector effectiveness. The combination of humidity and humus could also yield a weaker signal for metal detection.",/content/drive/MyDrive/Capstone/AMA/attn_0025.json
"**Recommendation:** Ground Penetrating Radar (GPR)
**Explanation:** The humid and humus soil will significantly attenuate radio waves, making a metal detector largely ineffective. GPR, leveraging electromagnetic waves, is better suited to penetrate this type of soil and potentially identify buried objects or structures. Additionally, without a known mine type, GPR is the best approach to initial surveys.",/content/drive/MyDrive/Capstone/AMA/attn_0026.json
"**Recommendation:** Ground Penetrating Radar (GPR)
**Explanation:** Given the humid soil conditions, a GPR would be the more appropriate sensor. Humid soil, especially with humus content, significantly attenuates electromagnetic signals, potentially hindering the performance of a metal detector. GPR uses radar pulses that can penetrate the soil to a greater depth, providing a clearer image of subsurface features.",/content/drive/MyDrive/Capstone/AMA/attn_0027.json
"**Recommendation:** Ground Penetrating Radar (GPR)
**Explanation:** The soil type (humid and humus) is known to attenuate radar signals, but GPR is still likely the better choice due to the depth of the target. The low voltage indicates weak signal reception, suggesting that a simple metal detector would likely miss smaller or deeper objects. GPR can provide a detailed image of subsurface features regardless of soil conditions.",/content/drive/MyDrive/Capstone/AMA/attn_0028.json
"**Recommendation:** Ground Penetrating Radar (GPR)
**Explanation:** The soil is humid and contains humus, which will significantly attenuate radar signals. A metal detector would likely be ineffective in such conditions. GPR can penetrate subsurface material and provide information about buried objects, making it the better choice for this scenario.",/content/drive/MyDrive/Capstone/AMA/attn_0029.json
"**Recommendation:** Ground Penetrating Radar (GPR)
**Explanation:** The humid and humus soil will significantly impede the performance of a metal detector, reducing its sensitivity and increasing the potential for false readings due to moisture. GPR uses radar pulses to image subsurface anomalies, providing a much clearer picture of the target location and characteristics, especially through moist and organic-rich soils. Given the challenging soil conditions, GPR offers a more reliable method for detecting underground objects.",/content/drive/MyDrive/Capstone/AMA/attn_0030.json
"**Recommendation:** Ground Penetrating Radar (GPR)
**Explanation:** Humid soil, particularly with humus, can attenuate electromagnetic signals that a metal detector relies on. GPR uses radar pulses that can penetrate the soil to a certain extent, providing a clearer image of potential subsurface targets, like mine shafts.",/content/drive/MyDrive/Capstone/AMA/attn_0031.json
"**Recommendation:** Ground Penetrating Radar (GPR)
**Explanation:** The dry and limy soil is favorable for GPR penetration, allowing the sensor to effectively scan for anomalies. Without a specific mine type, GPR will provide a broader look at potential buried objects.",/content/drive/MyDrive/Capstone/AMA/attn_0032.json
"**Recommendation:** Metal Detector
**Explanation:** Given the dry and limy soil conditions, a metal detector would be most effective at identifying metallic signatures of the mine. The relatively shallow depth of 0.18cm allows for the detection of nearby metal objects. Without specific information about the mine, it is difficult to predict the metal's characteristics, but a metal detector will always work on larger pieces of metal.",/content/drive/MyDrive/Capstone/AMA/attn_0033.json
"**Recommendation:** Metal Detector
**Explanation:** The dry and limy soil conditions will allow a metal detector to efficiently detect buried metallic objects. No specific mine type information is present, so a metal detector is the most suitable option for this scenario.",/content/drive/MyDrive/Capstone/AMA/attn_0034.json
"**Recommendation:** Metal Detector
**Explanation:** The dry and limy soil type suggests good conductivity, which is ideal for a metal detector to operate effectively. Since there is no known mine type, there is less of a reason to assume a high metallic content. Metal detectors are frequently very useful in dry, less porous soils, making this the most efficient technology.",/content/drive/MyDrive/Capstone/AMA/attn_0035.json
"**Recommendation:** Metal Detector
**Explanation:** With dry, limy soil and no mine type identified, a metal detector would be the most effective sensor. The dry soil will not interfere with the detection of metallic objects, and the low voltage readings suggest minimal electrical noise in the ground. Because there’s no specific metallic object, the aim is simply locating metallic content that may be present.",/content/drive/MyDrive/Capstone/AMA/attn_0036.json
"**Recommendation:** Ground Penetrating Radar (GPR)
**Explanation:** The dry, limy soil is highly favorable for radar penetration. Given the voltage and lack of mine information, a GPR is best suited for detecting buried features at a shallow depth with good signal clarity. A metal detector would be less effective in this particular environment.",/content/drive/MyDrive/Capstone/AMA/attn_0037.json
"**Recommendation:** Ground Penetrating Radar (GPR)
**Explanation:** Given the dry and limy soil conditions, GPR will be the most effective tool for detecting buried objects. Dry soil is ideal for radar penetration, and the absence of a mine type provides a clear view into potential subsurface features with GPR, unlike a metal detector, which would be hindered by the limited depth.",/content/drive/MyDrive/Capstone/AMA/attn_0038.json
"**Recommendation:** Metal Detector
**Explanation:** The shallow depth and dry, limy soil are ideal for metal detection. A metal detector will quickly and easily identify metallic objects buried in the ground.",/content/drive/MyDrive/Capstone/AMA/attn_0039.json
"**Recommendation:** Ground Penetrating Radar (GPR)
**Explanation:** The humid and limy soil significantly reduces the effectiveness of a metal detector. GPR's ability to transmit and receive electromagnetic waves is less affected by soil moisture and composition, allowing for better identification of buried objects or structures.",/content/drive/MyDrive/Capstone/AMA/attn_0040.json
"**Recommendation:** Ground Penetrating Radar (GPR)
**Explanation:** The humid and limy soil will significantly attenuate electromagnetic waves, limiting the effectiveness of a metal detector. GPR, with its ability to send and receive radio waves, will be better at penetrating the soil and mapping the subsurface structures, even in challenging conditions. There is no mine type listed to suggest a high likelihood of metallic content.",/content/drive/MyDrive/Capstone/AMA/attn_0041.json
"**Recommendation:** Metal Detector
**Explanation:** The humid and limy soil will negatively impact GPR performance due to increased moisture and clay content, reducing its ability to penetrate the ground. A metal detector is a more practical choice given this context.",/content/drive/MyDrive/Capstone/AMA/attn_0042.json
"**Recommendation:** Ground Penetrating Radar (GPR)
**Explanation:** The humid and limy soil conditions are going to impede the signal of a metal detector due to increased water content, reducing penetration depth. GPR can effectively penetrate these types of soils to provide better data on subsurface features. Since the mine type is unavailable, GPR is the more reliable choice.",/content/drive/MyDrive/Capstone/AMA/attn_0043.json
"**Recommendation:** Ground Penetrating Radar (GPR)
**Explanation:** The high humidity and limy soil composition will severely attenuate radar signals, hindering their ability to penetrate deeply. While a metal detector might detect ferrous metals near the surface, the limitations of the soil will prevent it from effectively scanning the area. GPR would provide a better imaging of underground features without being as affected by the soil's properties.",/content/drive/MyDrive/Capstone/AMA/attn_0044.json
"**Recommendation:** Ground Penetrating Radar (GPR)
**Explanation:** The humid and limy soil conditions will significantly impede the performance of a metal detector, reducing its sensitivity. GPR will be better suited for this scenario, as it can penetrate the soil and provide information about underground structures. Since the mine type is unkown, it may mean there's something hidden as well.",/content/drive/MyDrive/Capstone/AMA/attn_0045.json
"**Recommendation:** Ground Penetrating Radar (GPR)
**Explanation:** The soil type of humid and limy indicates a higher water content and clay presence, which will significantly attenuate radar signals. Metal detectors will be unreliable in this environment and would not be the optimal choice for detecting underground features. GPR is better suited for detecting buried objects and structures in challenging soil conditions.",/content/drive/MyDrive/Capstone/AMA/attn_0046.json
"**Recommendation:** Metal Detector
**Explanation:** The dry, sandy soil is ideal for metal detection, and an anti-tank mine is composed of substantial metallic parts. This combination heavily favors using a metal detector for efficient and immediate identification.",/content/drive/MyDrive/Capstone/AMA/attn_0047.json
"**Recommendation:** Metal Detector
**Explanation:** Due to the shallow depth and dry, sandy soil, a metal detector would be the most effective sensor to detect the heavy metal components of an anti-tank mine. GPR would be hampered by the soil type and the distance to the target, while a metal detector can easily identify metallic signatures in such conditions.",/content/drive/MyDrive/Capstone/AMA/attn_0048.json
"**Recommendation:** Metal Detector
**Explanation:** A dry, sandy soil type is ideal for metal detectors, and the presence of an anti-tank mine heavily implies a high concentration of metal. The strong voltage confirms the presence of a viable signal.",/content/drive/MyDrive/Capstone/AMA/attn_0049.json
"**Recommendation:** Metal Detector
**Explanation:** This scenario indicates a likely metal presence due to the anti-tank mine type, which coupled with the dry sandy soil allows for metal detection. The voltage level also implies a reasonably strong signal, supporting the use of a metal detector.",/content/drive/MyDrive/Capstone/AMA/attn_0050.json
"**Recommendation:** Ground Penetrating Radar (GPR)
**Explanation:** GPR will be most effective at penetrating the dry, sandy soil and imaging the depth of this large, likely metallic, anti-tank mine. Given the low voltage, it indicates limited depth of penetration for metal detection, favoring a more penetrating radar system.",/content/drive/MyDrive/Capstone/AMA/attn_0051.json
"**Recommendation:** Ground Penetrating Radar (GPR)
**Explanation:** Given the dry, sandy soil and the significant metallic signature of an anti-tank mine, GPR is the better option. While a metal detector could find it, GPR will be able to map the extent of the mine’s shape and distribution beneath the surface more effectively.",/content/drive/MyDrive/Capstone/AMA/attn_0052.json
"**Recommendation:** Metal Detector
**Explanation:** The dry and sandy soil conditions are favorable for metal detection, and the anti-tank mine suggests metallic components. A metal detector will efficiently identify the mine's presence at this shallow depth.",/content/drive/MyDrive/Capstone/AMA/attn_0053.json
"**Recommendation:** Metal Detector
**Explanation:** The dry and sandy soil provides good radar penetration, and the mine type indicates a metallic core, making a metal detector the optimal first sensor. GPR may be used if the metal detector doesn't find the mine or to image the surrounding environment.",/content/drive/MyDrive/Capstone/AMA/attn_0054.json
"**Recommendation:** Metal Detector
**Explanation:** Given the high metallic content of an anti-tank mine and the moderately humid sandy soil, a metal detector would provide the best initial indication of the mine's presence. GPR’s performance would be degraded by the soil moisture.",/content/drive/MyDrive/Capstone/AMA/attn_0055.json
"**Recommendation:** Ground Penetrating Radar (GPR)
**Explanation:** Due to the humidity and sandy composition, radar is better suited to penetrate and map the subsurface, increasing the chances of detecting the mine’s metallic components. The mine being an Anti-Tank mine suggests a substantial amount of metal and greater depth.",/content/drive/MyDrive/Capstone/AMA/attn_0056.json
"**Recommendation:** Metal Detector
**Explanation:** Given the humid sandy soil, GPR penetration would be limited. However, the presence of an anti-tank mine suggests a high probability of metallic content, making a metal detector the most suitable choice for detection.",/content/drive/MyDrive/Capstone/AMA/attn_0057.json
"**Recommendation:** Metal Detector
**Explanation:** The humid, sandy soil provides a favorable environment for a metal detector. The Anti-Tank mine suggests a strong metallic signature, making a metal detector the most effective initial tool to locate the buried metal.",/content/drive/MyDrive/Capstone/AMA/attn_0058.json
"**Recommendation:** Metal Detector
**Explanation:** Given the mine's metallic nature and the relatively favorable sandy soil, a metal detector is the most logical first step. The low voltage may indicate a shallow depth, allowing for efficient detection. Further investigation with GPR could be considered if a deeper scan is needed.",/content/drive/MyDrive/Capstone/AMA/attn_0059.json
"**Recommendation:** Metal Detector
**Explanation:** The humid, sandy soil provides a reasonable environment for a metal detector to function effectively. The presence of an anti-tank mine indicates a substantial metallic component, making this the optimal sensor to locate it given the relatively shallow depth.",/content/drive/MyDrive/Capstone/AMA/attn_0060.json
"**Recommendation:** Metal Detector
**Explanation:** The humid and sandy soil allows for good radar penetration. Given that the mine is an anti-tank mine, we expect a robust metallic casing, which a metal detector will readily identify.",/content/drive/MyDrive/Capstone/AMA/attn_0061.json
"**Recommendation:** Metal Detector
**Explanation:** The Anti-Tank mine's metallic construction should be detectable by a metal detector, even with moderate soil moisture. A GPR would likely struggle in this humid, sandy soil, and with the low voltage, the signal might be too weak to differentiate from background noise.",/content/drive/MyDrive/Capstone/AMA/attn_0062.json
"**Recommendation:** Metal Detector
**Explanation:** The dry, sandy soil is ideal for a metal detector, facilitating the detection of the mine's metallic components. Furthermore, with a depth of 0 cm, a metal detector's proximity allows for the best chance of discovery.",/content/drive/MyDrive/Capstone/AMA/attn_0063.json
"**Recommendation:** Metal Detector
**Explanation:** Given the dry soil conditions and the indication of significant heavy metal components from the anti-tank mine, a metal detector is the most effective tool to locate buried metallic objects. GPR might struggle due to the soil type, and metal detection is more direct for this scenario.",/content/drive/MyDrive/Capstone/AMA/attn_0064.json
"**Recommendation:** Metal Detector
**Explanation:** Given the low voltage, the proximity to the surface, and the strong indication of a metallic casing due to the mine type, a metal detector will be most effective at locating the mine's construction material. GPR is more suitable for subsurface features, which wouldn’t be relevant in this scenario.",/content/drive/MyDrive/Capstone/AMA/attn_0065.json
"**Recommendation:** Metal Detector
**Explanation:** With a shallow depth and a dry soil, a metal detector would likely easily detect the large metallic signature from the anti-tank mine. The humus soil, while slightly complicating matters, shouldn't significantly hinder the detector’s ability to locate the object.",/content/drive/MyDrive/Capstone/AMA/attn_0066.json
"**Recommendation:** Metal Detector
**Explanation:** The mine’s composition suggests a significant amount of metal, and the soil type is conducive to metal detector performance. GPR might struggle through dry soil with humus, so a metal detector is the optimal choice for this scenario.",/content/drive/MyDrive/Capstone/AMA/attn_0067.json
"**Recommendation:** Metal Detector
**Explanation:** The mine’s metallic nature, combined with the dry, sandy soil, suggests the presence of buried metal is most easily detected by a metal detector. The shallow depth further supports the need for a fast, localized metal detection method like a metal detector.",/content/drive/MyDrive/Capstone/AMA/attn_0068.json
"**Recommendation:** Metal Detector
**Explanation:** The dry, humus-rich soil provides a decent starting point for a metal detector to identify the concentrated metallic signature due to the anti-tank mine. However, if the signal is weak, GPR would allow for investigation of the subsurface layers more effectively, overcoming the limited penetration depth.",/content/drive/MyDrive/Capstone/AMA/attn_0069.json
"**Recommendation:** Metal Detector
**Explanation:** The humid, humus-rich soil will degrade GPR signal propagation. A metal detector will be much more effective at locating the metallic components of the anti-tank mine, especially considering the nature of the target.",/content/drive/MyDrive/Capstone/AMA/attn_0070.json
"**Recommendation:** Metal Detector
**Explanation:** The low voltage and humus-rich soil indicate a weak signal. However, the anti-tank mine’s metal composition makes a metal detector the most appropriate tool for detecting it, providing a chance to find the object in the relatively difficult soil conditions.",/content/drive/MyDrive/Capstone/AMA/attn_0071.json
"**Recommendation:** Metal Detector
**Explanation:** The humid and humus-rich soil will reduce the effectiveness of ground penetrating radar, while the anti-tank mine consisting of heavy steel would be well detected by a metal detector. A shallow depth contributes to the metal detector’s suitability.",/content/drive/MyDrive/Capstone/AMA/attn_0072.json
"**Recommendation:** Metal Detector
**Explanation:** The humid soil and humus content might reduce GPR effectiveness. However, given the mine type—an anti-tank mine, which is designed to be metallic—a metal detector will likely be the more effective initial detector. We can refine the search with GPR if a strong signal is detected.",/content/drive/MyDrive/Capstone/AMA/attn_0073.json
"**Recommendation:** Metal Detector
**Explanation:** The humid and humus soil presents a significant challenge for GPR. While an anti-tank mine indicates potential metallic content, the degraded radar penetration will likely make GPR unreliable. A metal detector is more likely to detect the metal, even with signal interference from the soil.",/content/drive/MyDrive/Capstone/AMA/attn_0074.json
"**Recommendation:** Metal Detector
**Explanation:** The mine’s steel casing will create a strong metallic signature that a metal detector can readily identify. Humidity and humus may slightly reduce signal strength but shouldn’t impede detection of large metallic objects.",/content/drive/MyDrive/Capstone/AMA/attn_0075.json
"**Recommendation:** Metal Detector
**Explanation:** The humid soil combined with humus creates a challenging environment for ground-penetrating radar due to signal absorption. However, an anti-tank mine is highly likely to be metallic, making a metal detector the most effective tool for detection.",/content/drive/MyDrive/Capstone/AMA/attn_0076.json
"**Recommendation:** Metal Detector
**Explanation:** Given the humid soil conditions and the presence of an anti-tank mine, a metal detector will likely be the most effective tool. The presence of the mine strongly suggests a high concentration of metal, which a metal detector can reliably identify.",/content/drive/MyDrive/Capstone/AMA/attn_0077.json
"**Recommendation:** Metal Detector
**Explanation:** Due to the anti-tank mine designation indicating a high metallic content and the dry, low conductivity soil, a metal detector is the most appropriate sensor to identify the buried mine. Shallow depth also allows for easier detection of metallic objects with a metal detector.",/content/drive/MyDrive/Capstone/AMA/attn_0078.json
"**Recommendation:** Metal Detector
**Explanation:** The shallow depth, dry soil, and the nature of the mine (anti-tank - high metal content) all point to a metal detector being the most effective sensor. GPR may not penetrate deeply enough to reliably detect the specific metal composition and scattered pieces of hardened steel characteristic of this mine.",/content/drive/MyDrive/Capstone/AMA/attn_0079.json
"**Recommendation:** Metal Detector
**Explanation:** Given the shallow depth, dry and limy soil, and the known metallic composition of an anti-tank mine, a metal detector is the most appropriate sensor for locating the buried device. The detector would be able to easily pick up the metal casing of the mine while avoiding excessive signal interference from the soil composition.",/content/drive/MyDrive/Capstone/AMA/attn_0080.json
"**Recommendation:** Metal Detector
**Explanation:** With the dry, limy soil and an anti-tank mine consisting of heavily metallic steel, a metal detector will be the most effective tool for detecting the presence and location of the mine, surpassing the performance of GPR.",/content/drive/MyDrive/Capstone/AMA/attn_0081.json
"**Recommendation:** Metal Detector
**Explanation:** A metal detector will likely be effective in this scenario due to the shallow depth, dry soil, and the probable presence of heavy metals associated with an anti-tank mine. The low voltage is still a factor, but a metal detector is the first logical choice considering the other parameters.",/content/drive/MyDrive/Capstone/AMA/attn_0082.json
"**Recommendation:** Metal Detector
**Explanation:** The dry, limy soil is conducive to metal detection, and the mine type suggests a high probability of metallic components, making it the best initial approach. GPR would likely struggle through the soil, and therefore is not recommended in this case.",/content/drive/MyDrive/Capstone/AMA/attn_0083.json
"**Recommendation:** Metal Detector
**Explanation:** A dry, limy soil combined with an Anti-Tank mine strongly suggests a high probability of encountering metallic objects. A metal detector will be effective at detecting these materials, as the soil allows for a clear signal.",/content/drive/MyDrive/Capstone/AMA/attn_0084.json
"**Recommendation:** Metal Detector
**Explanation:** Given the shallow depth, dry soil, and potential for high metallic content due to the anti-tank mine, a metal detector is the most appropriate choice for this scenario. The limy soil would likely not severely impede the detector's performance.",/content/drive/MyDrive/Capstone/AMA/attn_0085.json
"**Recommendation:** Metal Detector
**Explanation:** The high voltage, combined with a very damp soil, makes GPR penetration difficult. A metal detector will be best suited to locating the steel components of the anti-tank mine buried underground.",/content/drive/MyDrive/Capstone/AMA/attn_0086.json
"**Recommendation:** Metal Detector
**Explanation:** The mine type, featuring a significant amount of steel, suggests the presence of metallic objects. With a relatively low depth and a humid soil environment, a metal detector is the most effective tool to pinpoint these metallic structures.",/content/drive/MyDrive/Capstone/AMA/attn_0087.json
"**Recommendation:** Metal Detector
**Explanation:** The humid and limy soil presents challenges for ground-penetrating radar. However, the mine itself is highly metallic due to its design and purpose, making a metal detector the more suitable option to quickly identify the buried hazard. The shallow depth further supports this decision.",/content/drive/MyDrive/Capstone/AMA/attn_0088.json
"**Recommendation:** Metal Detector
**Explanation:** The humid and limy soil will impede GPR penetration. However, the anti-tank mine type indicates a significant metallic signature that a metal detector can reliably detect.",/content/drive/MyDrive/Capstone/AMA/attn_0089.json
"**Recommendation:** Metal Detector
**Explanation:** The combination of a humid, limy soil and a metallic mine type makes a metal detector the most suitable tool. Radar penetration will be severely limited by the soil conditions, and the significant metallic content of the mine will yield a strong signal for metal detection.",/content/drive/MyDrive/Capstone/AMA/attn_0090.json
"**Recommendation:** Metal Detector
**Explanation:** The humid and limy soil will hinder ground-penetrating radar’s effectiveness. An anti-tank mine indicates the presence of significant metal, making a metal detector the optimal tool for this shallow detection.",/content/drive/MyDrive/Capstone/AMA/attn_0091.json
"**Recommendation:** Metal Detector
**Explanation:** The humid, limy soil presents a challenge for GPR, while the presence of an anti-tank mine strongly indicates a significant metallic signature. A metal detector is the most appropriate sensor choice for this scenario due to the shallow depth and the likely heavy metal content.",/content/drive/MyDrive/Capstone/AMA/attn_0092.json
"**Recommendation:** Metal Detector
**Explanation:** The humid and limy soil will severely limit radar penetration, while the presence of an anti-tank mine indicates a substantial metallic component, making a metal detector the more suitable choice for this scenario.",/content/drive/MyDrive/Capstone/AMA/attn_0093.json
"**Recommendation:** Ground Penetrating Radar (GPR)
**Explanation:** The dry and sandy soil conditions, coupled with the likely presence of metallic remnants from an anti-personnel mine, suggest that GPR’s ability to penetrate deeper and provide subsurface imaging is superior to a metal detector. A metal detector would struggle in these conditions, while GPR can reveal the details of the mine's location and composition.",/content/drive/MyDrive/Capstone/AMA/attn_0094.json
"**Recommendation:** Ground Penetrating Radar (GPR)
**Explanation:** The dry and sandy soil conditions will allow for good radar penetration, making GPR the most effective option for imaging subsurface features. The mine type suggests there could be buried metallic objects, which will be clearly detectable with radar. Metal detectors would struggle due to the soil composition and potential interference.",/content/drive/MyDrive/Capstone/AMA/attn_0095.json
"**Recommendation:** Ground Penetrating Radar (GPR)
**Explanation:** Given the dry, sandy soil, GPR will likely provide the best results for detecting subsurface anomalies, as sand allows for better radar penetration. The presence of an anti-personnel mine suggests a potentially metallic signature, and GPR's ability to image deeper into the ground than a simple metal detector is necessary to locate it accurately.",/content/drive/MyDrive/Capstone/AMA/attn_0096.json
"**Recommendation:** Ground Penetrating Radar (GPR)
**Explanation:** The dry, sandy soil type significantly improves radar penetration, making GPR the best option for detecting subsurface anomalies. The ""Anti-Personnel"" mine type suggests the presence of metallic components, and GPR’s ability to map the depth and shape of buried objects will be most useful in this scenario. The low voltage indicates signal is weak so a radar system will have more sensitivity.",/content/drive/MyDrive/Capstone/AMA/attn_0097.json
"**Recommendation:** Ground Penetrating Radar (GPR)
**Explanation:** The dry and sandy soil conditions are conducive to GPR penetration, making it ideal for surveying. Given the presence of an anti-personnel mine, a shallow metal detector might not be reliable due to potential interference or depth limitations. GPR's ability to see below the surface is key for identifying potential mine locations.",/content/drive/MyDrive/Capstone/AMA/attn_0098.json
"**Recommendation:** Ground Penetrating Radar (GPR)
**Explanation:** The dry and sandy soil conditions are ideal for GPR, as these types of soils allow radar signals to penetrate deeper. The presence of an anti-personnel mine suggests there could be metallic fragments buried beneath the surface. GPR will provide detailed images of the subsurface, helping to pinpoint the location of the mine without disturbing the ground.",/content/drive/MyDrive/Capstone/AMA/attn_0099.json
"**Recommendation:** Metal Detector
**Explanation:** The dry and sandy soil allows for better radar penetration; however, the presence of a metallic Anti-Personnel mine indicates a strong signal that a metal detector would more effectively identify.",/content/drive/MyDrive/Capstone/AMA/attn_0100.json
"**Recommendation:** Metal Detector
**Explanation:** The dry and sandy soil conditions are favorable for metal detection, and the presence of an anti-personnel mine suggests potential metallic fragments, making the metal detector the most suitable choice.",/content/drive/MyDrive/Capstone/AMA/attn_0101.json
"**Recommendation:** Ground Penetrating Radar (GPR)
**Explanation:** The soil is humid and sandy, which would weaken radar signals but not metal detector signals. A mine type of “anti-personnel” suggests a potential for buried metallic objects, however the humidity will limit the metal detector’s ability to detect. GPR will be better at imaging deeper into the subsurface, giving a better picture of the mine's location.",/content/drive/MyDrive/Capstone/AMA/attn_0102.json
"**Recommendation:** Metal Detector
**Explanation:** The humid, sandy soil might attenuate GPR signals, but a metal detector should still be effective at detecting the metallic components of an anti-personnel mine. This initial assessment is the most efficient use of resources before deploying a more sophisticated tool like GPR.",/content/drive/MyDrive/Capstone/AMA/attn_0103.json
"**Recommendation:** Ground Penetrating Radar (GPR)
**Explanation:** The humid, sandy soil is ideal for GPR to provide better penetration compared to a metal detector. Considering the anti-personnel mine type, we anticipate a significant metallic signature, making GPR the most effective tool for mapping the area's subsurface anomalies.",/content/drive/MyDrive/Capstone/AMA/attn_0104.json
"**Recommendation:** Ground Penetrating Radar (GPR)
**Explanation:** Given the humid and sandy soil conditions, which tend to attenuate radar signals, but also provide good penetration, GPR will likely be more effective than a metal detector at identifying the potential subsurface features associated with an anti-personnel mine. A metal detector might struggle through the damp, sandy soil, while GPR's electromagnetic pulse can penetrate deeper and provide better resolution of buried objects.",/content/drive/MyDrive/Capstone/AMA/attn_0105.json
"**Recommendation:** Metal Detector
**Explanation:** The humid and sandy soil composition, coupled with the low voltage reading, makes ground-penetrating radar less effective. A metal detector will be more sensitive to the small metallic components associated with an anti-personnel mine, given the dry sand.",/content/drive/MyDrive/Capstone/AMA/attn_0106.json
"**Recommendation:** Ground Penetrating Radar (GPR)
**Explanation:** The humid and sandy soil will weaken the signal of a metal detector, making GPR more effective for detecting subsurface features. Furthermore, anti-personnel mines often don't leave massive metallic signatures, but the GPR can map out their approximate shape and location. It’s more likely to identify the actual buried object and its location even if metallic.",/content/drive/MyDrive/Capstone/AMA/attn_0107.json
"**Recommendation:** Metal Detector
**Explanation:** The shallow depth and sandy soil type favor a metal detector for detecting the metallic components of the anti-personnel mine. Humidity is less impactful on metal detection in this scenario.",/content/drive/MyDrive/Capstone/AMA/attn_0108.json
"**Recommendation:** Metal Detector
**Explanation:** Given the shallow depth, dry soil, and presence of an anti-personnel mine, a metal detector is the most appropriate choice for efficiently locating buried metallic objects. Its sensitivity to metal, combined with the favorable soil conditions, will provide quick and reliable detection.",/content/drive/MyDrive/Capstone/AMA/attn_0109.json
"**Recommendation:** Metal Detector
**Explanation:** The dry soil and humus will benefit metal detector operation. The presence of an anti-personnel mine suggests the likelihood of metallic components, offering a higher chance of detection with a metal detector.",/content/drive/MyDrive/Capstone/AMA/attn_0110.json
"**Recommendation:** Metal Detector
**Explanation:** With a shallow depth and dry, humus soil, a metal detector is well-suited for detecting the metallic signature of the anti-personnel mine. The dry conditions will improve the signal strength, increasing the chances of a successful detection.",/content/drive/MyDrive/Capstone/AMA/attn_0111.json
"**Recommendation:** Ground Penetrating Radar (GPR)
**Explanation:** Given the dry soil conditions and the indication of a metallic mine (anti-personnel), GPR is the better choice. It will provide a more comprehensive subsurface image, allowing for precise localization of the mine beyond just its metallic signature, and can differentiate between the mine and other subsurface features. A metal detector would likely be effective but may miss subtle subsurface features.",/content/drive/MyDrive/Capstone/AMA/attn_0112.json
"**Recommendation:** Ground Penetrating Radar (GPR)
**Explanation:** Given the dry soil conditions and the potential for a high metal concentration due to the presence of an anti-personnel mine, GPR is the better choice to investigate subsurface features effectively. Radar is better than metal detectors in this situation, as metal detectors are easily affected and often can't cover depth limits.",/content/drive/MyDrive/Capstone/AMA/attn_0113.json
"**Recommendation:** Ground Penetrating Radar (GPR)
**Explanation:** Given the dry and humus soil, GPR will offer the best chance of penetrating the subsurface and mapping the target's depth and shape. The presence of an Anti-Personnel mine suggests a metallic signature, but the soil conditions hinder the effectiveness of a metal detector. GPR can provide a clearer image of the buried object without being significantly impacted by the soil composition.",/content/drive/MyDrive/Capstone/AMA/attn_0114.json
"**Recommendation:** Metal Detector
**Explanation:** The dry, humus-rich soil could somewhat impede GPR performance, but the presence of an anti-personnel mine strongly suggests metallic content, making a metal detector the most suitable sensor for detecting it. The low voltage might require a careful search pattern, but the metal detector should still be our first option.",/content/drive/MyDrive/Capstone/AMA/attn_0115.json
"**Recommendation:** Metal Detector
**Explanation:** GPR will be significantly hindered by the soil's moisture content and organic matter. A metal detector will be better suited to detecting the potentially metallic remnants left behind by an anti-personnel mine.",/content/drive/MyDrive/Capstone/AMA/attn_0116.json
"**Recommendation:** Ground Penetrating Radar (GPR)
**Explanation:** The humid, humus-rich soil will severely hinder the performance of a metal detector due to high signal attenuation. GPR, with its ability to penetrate these soil types, is the best tool for identifying potential subsurface anomalies associated with the mine.",/content/drive/MyDrive/Capstone/AMA/attn_0117.json
"**Recommendation:** Metal Detector
**Explanation:** The humid soil, particularly the humus content, significantly degrades ground-penetrating radar performance. A metal detector will be more reliable in identifying the metallic signature of the mine, which is the key information needed for this scenario.",/content/drive/MyDrive/Capstone/AMA/attn_0118.json
"**Recommendation:** Metal Detector
**Explanation:** Humid and humus soils will significantly reduce GPR effectiveness by attenuating radar signals. Since the scenario indicates an anti-personnel mine, a metal detector will be best suited to detect the metallic signature, despite the challenging soil conditions.",/content/drive/MyDrive/Capstone/AMA/attn_0119.json
"**Recommendation:** Metal Detector
**Explanation:** The combination of humid and humus soil conditions, indicated by the low voltage, significantly hinders radar penetration. A metal detector will provide a more reliable indication of metallic targets such as mine fragments, especially in the presence of organic material.",/content/drive/MyDrive/Capstone/AMA/attn_0120.json
"**Recommendation:** Metal Detector
**Explanation:** The soil type and low voltage heavily favor using a metal detector to locate the potential metallic mine. Radar penetration would be significantly reduced, and a metal detector would provide a quicker and more direct method for detection than GPR.",/content/drive/MyDrive/Capstone/AMA/attn_0121.json
"**Recommendation:** Ground Penetrating Radar (GPR)
**Explanation:** The presence of humus and the humid conditions suggest that the radar waves will be significantly attenuated, potentially making a metal detector ineffective. GPR can still penetrate and produce a reasonably clear image of the buried objects without being severely hampered by soil moisture. The anti-personnel mine type further suggests potential metallic components, increasing the likelihood of detecting something subsurface with a radar scan.",/content/drive/MyDrive/Capstone/AMA/attn_0122.json
"**Recommendation:** Metal Detector
**Explanation:** The low voltage and humid soil present a significant challenge to radar detection. The presence of metallic anti-personnel mines, however, points towards a strong likelihood of metal detection, making a metal detector the optimal choice for this scenario.",/content/drive/MyDrive/Capstone/AMA/attn_0123.json
"**Recommendation:** Ground Penetrating Radar (GPR)
**Explanation:** The dry, limy soil conditions are ideal for GPR to penetrate well, allowing the radar signal to effectively image the subsurface. Furthermore, given the mine type is anti-personnel, there is a higher probability of metal content present, which the GPR could successfully detect. It should provide a detailed picture of the buried structures and metallic components.",/content/drive/MyDrive/Capstone/AMA/attn_0124.json
"**Recommendation:** Metal Detector
**Explanation:** The dry, limy soil coupled with an anti-personnel mine suggests a high probability of detecting metal fragments. A metal detector is best suited for pinpointing metallic objects and confirming their presence, while GPR would be less effective in these soil conditions.",/content/drive/MyDrive/Capstone/AMA/attn_0125.json
"**Recommendation:** Metal Detector
**Explanation:** Given the shallow depth, dry soil, and likely metallic signature from an anti-personnel mine, a metal detector will be the most effective sensor. Its ability to detect metallic objects at shallow depths and in favorable soil conditions makes it superior to GPR in this scenario.",/content/drive/MyDrive/Capstone/AMA/attn_0126.json
"**Recommendation:** Metal Detector
**Explanation:** The dry, limy soil and anti-personnel mine type strongly suggest a metallic signature, making a metal detector the most appropriate choice for detecting the object underground. GPR is more useful in finding changes in ground structure, which we cannot assume are present in this scenario.",/content/drive/MyDrive/Capstone/AMA/attn_0127.json
"**Recommendation:** Metal Detector
**Explanation:** The dry, limy soil allows for good radar penetration, but the presence of anti-personnel mines strongly suggests metallic concentrations. A metal detector is more directly suited for finding and identifying metallic objects buried underground.",/content/drive/MyDrive/Capstone/AMA/attn_0128.json
"**Recommendation:** Ground Penetrating Radar (GPR)
**Explanation:** The dry and limy soil is ideal for GPR, allowing it to penetrate deeper and provide clearer data. Given the mine type (anti-personnel) and shallow depth, detecting subsurface anomalies associated with metallic munitions would be significantly enhanced using GPR's ability to image the ground. Metal detectors may be less effective due to the potential for interference and the shallow depth.",/content/drive/MyDrive/Capstone/AMA/attn_0129.json
"**Recommendation:** Metal Detector
**Explanation:** Metal detectors are most effective at shallow depths, particularly in dry and limy soil. Given the possible presence of metal mines, utilizing a metal detector to quickly identify metallic signatures within the top few centimeters is the most sensible approach.",/content/drive/MyDrive/Capstone/AMA/attn_0130.json
"**Recommendation:** Ground Penetrating Radar (GPR)
**Explanation:** The humid and limy soil will attenuate GPR signals, but it's still a better option than a metal detector for detecting buried metallic objects, especially given the potential for an anti-personnel mine. GPR can provide more detailed information about the subsurface and the location of metallic objects.",/content/drive/MyDrive/Capstone/AMA/attn_0131.json
"**Recommendation:** Metal Detector
**Explanation:** Metal detectors are more effective in humid soils and can detect the metallic content associated with anti-personnel mines, leading to a higher chance of detection compared to GPR.",/content/drive/MyDrive/Capstone/AMA/attn_0132.json
"**Recommendation:** Ground Penetrating Radar (GPR)
**Explanation:** Humid and limy soil will severely degrade a metal detector’s ability to find buried objects. The ""Anti-Personnel"" mine type implies the presence of metal objects, making GPR’s ability to image subsurface targets crucial for locating them accurately.",/content/drive/MyDrive/Capstone/AMA/attn_0133.json
"**Recommendation:** Metal Detector
**Explanation:** The humid and limy soil will reduce the effectiveness of GPR. A metal detector will be more sensitive to the metallic components of an anti-personnel mine, considering the shallow depth.",/content/drive/MyDrive/Capstone/AMA/attn_0134.json
"**Recommendation:** Ground Penetrating Radar (GPR)
**Explanation:** The humid and limy soil will severely limit the effectiveness of a metal detector, while GPR is more resistant to these conditions. The presence of an anti-personnel mine suggests a disturbance of the soil that could be detectable by radar, even if subtle.",/content/drive/MyDrive/Capstone/AMA/attn_0135.json
"**Recommendation:** Metal Detector
**Explanation:** The humid, limy soil will hinder GPR's performance. Given the shallow depth and the presence of an Anti-Personnel mine, a metal detector should be sufficient to pinpoint potential metallic objects.",/content/drive/MyDrive/Capstone/AMA/attn_0136.json
"**Recommendation:** Metal Detector
**Explanation:** A metal detector will be most effective at detecting the metallic fragments associated with an anti-personnel mine in the shallow, humid, and limy soil conditions. The voltage indicates a weak signal, so a focused search with a metal detector is more likely to yield results than broader GPR sweeps.",/content/drive/MyDrive/Capstone/AMA/attn_0137.json
"**Recommendation:** Metal Detector
**Explanation:** The shallow depth and dry, sandy soil will allow a metal detector to easily identify any metallic components of the booby trap. The soil composition won't significantly hinder the detection of metal objects.",/content/drive/MyDrive/Capstone/AMA/attn_0138.json
"**Recommendation:** Metal Detector
**Explanation:** The dry, sandy soil offers good penetration for a metal detector, allowing for the detection of the trap’s metallic components. The nature of the mine – a booby trap – strongly suggests the presence of metal, making this sensor the most effective choice.",/content/drive/MyDrive/Capstone/AMA/attn_0139.json
"**Recommendation:** Metal Detector
**Explanation:** The dry, sandy soil allows for good radar penetration, but the presence of a booby trap suggests the primary concern is detecting any metallic elements, making a metal detector the most suitable sensor for this scenario. The soil type enables a metal detector to perform optimally for locating potential trap components.",/content/drive/MyDrive/Capstone/AMA/attn_0140.json
"**Recommendation:** Metal Detector
**Explanation:** The dry and sandy soil conditions will provide good penetration for a metal detector, increasing the chance of detecting the metallic components of the booby trap. While a low voltage could indicate a buried device, a metal detector will be the most efficient initial tool to identify potential metallic triggers.",/content/drive/MyDrive/Capstone/AMA/attn_0141.json
"**Recommendation:** Ground Penetrating Radar (GPR)
**Explanation:** The dry and sandy soil will permit a reasonably good transmission of radar signals, increasing the effectiveness of GPR in detecting subsurface anomalies related to the mine’s buried components. The high voltage also indicates that there is likely substantial metallic presence from the device itself. Given the booby trap context, detecting its components is a priority.",/content/drive/MyDrive/Capstone/AMA/attn_0142.json
"**Recommendation:** Metal Detector
**Explanation:** The dry, sandy soil conditions will allow a metal detector to effectively penetrate the ground and identify the metallic components of a booby trap. A metal detector offers a quicker and simpler method for detecting the potential threat than GPR, especially considering the location is a hazard.",/content/drive/MyDrive/Capstone/AMA/attn_0143.json
"**Recommendation:** Metal Detector
**Explanation:** Given the shallow depth, dry sandy soil, and the specific nature of the mine (booby trap), a metal detector is the most appropriate tool. The presence of a metal component linked to a triggering mechanism is a prime target for metal detection.",/content/drive/MyDrive/Capstone/AMA/attn_0144.json
"**Recommendation:** Metal Detector
**Explanation:** The humid sandy soil provides an optimal environment for a metal detector to detect the likely metallic components associated with a booby trap. Despite a weak signal, the presence of possible metallic components from the booby trap strongly suggests using a metal detector for the initial scan.",/content/drive/MyDrive/Capstone/AMA/attn_0145.json
"**Recommendation:** Metal Detector
**Explanation:** The humid and sandy soil will limit the effectiveness of ground penetrating radar. Considering the presence of a booby trap, a metal detector is best suited to quickly detect metallic components that could indicate the hidden trap.",/content/drive/MyDrive/Capstone/AMA/attn_0146.json
"**Recommendation:** Metal Detector
**Explanation:** The humid and sandy soil provides reasonable conditions for a metal detector to operate effectively. Given the specific concern of a booby trap, a metal detector will be capable of detecting the metallic components of the device, offering a faster and more targeted assessment than GPR would.",/content/drive/MyDrive/Capstone/AMA/attn_0147.json
"**Recommendation:** Metal Detector
**Explanation:** The humid and sandy soil conditions are likely to limit the effectiveness of Ground Penetrating Radar, but the suspected presence of metal components within a booby trap strongly suggests a metal detector would be the optimal sensor for this situation. It will be efficient for finding potential metallic components that would signal a trap.",/content/drive/MyDrive/Capstone/AMA/attn_0148.json
"**Recommendation:** Metal Detector
**Explanation:** The presence of a booby trap strongly suggests metallic elements, and humid sandy soil favors metal detector operation. GPR would likely be hampered by soil conditions and the shallow depth involved.",/content/drive/MyDrive/Capstone/AMA/attn_0149.json
"**Recommendation:** Metal Detector
**Explanation:** The humid and sandy soil permits some radar penetration, but the presence of a potentially metallic booby trap prioritizes a metal detector’s ability to quickly identify metallic hazards. This provides the best chance to detect the mine before it's activated or causes damage.",/content/drive/MyDrive/Capstone/AMA/attn_0150.json
"**Recommendation:** Metal Detector
**Explanation:** The wet, sandy soil presents a challenge for GPR penetration. A metal detector is the more reliable choice for detecting a potentially small metallic booby trap trigger element.",/content/drive/MyDrive/Capstone/AMA/attn_0151.json
"**Recommendation:** Metal Detector
**Explanation:** The shallow depth combined with humid, sandy soil makes a metal detector the better option to identify the metallic components of a booby trap. Radar penetration is compromised by the soil conditions, making it less effective than a metal detector in this scenario.",/content/drive/MyDrive/Capstone/AMA/attn_0152.json
"**Recommendation:** Metal Detector
**Explanation:** A metal detector is ideal for detecting metallic components associated with the mine, and the dry, humus soil will allow for good signal transmission. GPR might be less effective in these conditions as the soil has a high organic content.",/content/drive/MyDrive/Capstone/AMA/attn_0153.json
"**Recommendation:** Metal Detector
**Explanation:** The dry soil and the suspicion of a metallic booby trap strongly suggest that a metal detector will be effective in locating the mine. GPR might encounter difficulties in this environment and wouldn’t provide as much detail as a dedicated metal detector.",/content/drive/MyDrive/Capstone/AMA/attn_0154.json
"**Recommendation:** Metal Detector
**Explanation:** Given the booby trap nature of the mine and dry soil conditions, a metal detector would be the most effective tool for detecting the metallic trigger. The soil type should allow for good signal transmission, increasing the chances of a successful detection.",/content/drive/MyDrive/Capstone/AMA/attn_0155.json
"**Recommendation:** Ground Penetrating Radar (GPR)
**Explanation:** While a metal detector could identify metallic components of the booby trap, GPR is better suited to locating non-metallic elements like wires or pressure plates and mapping the overall layout of the trap. The dry soil conditions further support GPR’s use due to its penetration capabilities.",/content/drive/MyDrive/Capstone/AMA/attn_0156.json
"**Recommendation:** Metal Detector
**Explanation:** The dry, sandy soil and shallow depth strongly favor a metal detector's ability to detect metallic objects associated with the mine type, specifically shrapnel and triggers. GPR would penetrate less effectively in this situation and might be too deep to detect smaller, shallow metallic components.",/content/drive/MyDrive/Capstone/AMA/attn_0157.json
"**Recommendation:** Ground Penetrating Radar (GPR)
**Explanation:** The dry soil conditions alongside the presence of humus will likely interfere with metal detector readings, so GPR is a better choice. Given the potential for a booby trap buried nearby, GPR's ability to map subsurface features is the most suitable method for detection.",/content/drive/MyDrive/Capstone/AMA/attn_0158.json
"**Recommendation:** Metal Detector
**Explanation:** The shallow depth and dry soil conditions suggest a metal detector will likely be the most effective sensor for identifying the metallic components of the booby trap. Low voltage combined with dry soil are unlikely to significantly interfere with metal detector performance.",/content/drive/MyDrive/Capstone/AMA/attn_0159.json
"**Recommendation:** Metal Detector
**Explanation:** The humid and humus-rich soil will severely limit the effectiveness of Ground Penetrating Radar. Since the mine is likely to be metal, a metal detector will be best suited to detecting the buried device.",/content/drive/MyDrive/Capstone/AMA/attn_0160.json
"**Recommendation:** Metal Detector
**Explanation:** The humid soil and humus will weaken GPR signals, hindering its ability to detect subsurface features. A metal detector is the most appropriate choice due to the mine’s function, prioritizing the detection of metallic components associated with the booby trap.",/content/drive/MyDrive/Capstone/AMA/attn_0161.json
"**Recommendation:** Metal Detector
**Explanation:** The soil conditions (humid and humus) are likely to diminish the effectiveness of ground-penetrating radar, while the mine type strongly indicates buried metallic components that a metal detector can readily identify.",/content/drive/MyDrive/Capstone/AMA/attn_0162.json
"**Recommendation:** Ground Penetrating Radar (GPR)
**Explanation:** The humid soil with humus will significantly attenuate the signal of a metal detector, potentially masking the presence of metal from the mine. GPR is better at penetrating subsurface anomalies and can help map the location and depth of buried objects, crucial for detecting a booby trap.",/content/drive/MyDrive/Capstone/AMA/attn_0163.json
"**Recommendation:** Ground Penetrating Radar (GPR)
**Explanation:** The humid and humus-rich soil presents a significant challenge for metal detectors due to its high conductivity. GPR can effectively penetrate the soil to identify buried objects and structures, crucial for locating potential booby traps beneath the surface.",/content/drive/MyDrive/Capstone/AMA/attn_0164.json
"**Recommendation:** Metal Detector
**Explanation:** Humid and humus soil presents a significant challenge for GPR due to signal attenuation. However, the presence of a booby trap, likely utilizing metallic components, makes a metal detector the most effective tool for initial detection of potential targets.",/content/drive/MyDrive/Capstone/AMA/attn_0165.json
"**Recommendation:** Ground Penetrating Radar (GPR)
**Explanation:** The humid soil conditions will significantly attenuate any signals from a metal detector. A GPR would be the better choice to probe deeper and detect underground structures, especially considering the potential for a booby trap which may not be metallic. Radar waves can still penetrate the humus layer and provide a clearer image.",/content/drive/MyDrive/Capstone/AMA/attn_0166.json
"**Recommendation:** Metal Detector
**Explanation:** Given the shallow depth and dry soil conditions, a metal detector will be the most effective in identifying the metallic components of the booby trap. The presence of a booby trap itself confirms a metallic payload, enhancing the confidence of the detection method.",/content/drive/MyDrive/Capstone/AMA/attn_0167.json
"**Recommendation:** Metal Detector
**Explanation:** A metal detector’s ability to identify metallic objects will be the most suitable for detecting a booby trap, considering the dry and limy soil conditions that will allow for good radar penetration. The presence of metal is a key indicator of the intended booby trap.",/content/drive/MyDrive/Capstone/AMA/attn_0168.json
"**Recommendation:** Metal Detector
**Explanation:** The shallow depth combined with dry, limy soil creates a favorable environment for detecting the metallic components of the mine and booby trap. A metal detector will be the most effective tool for this scenario.",/content/drive/MyDrive/Capstone/AMA/attn_0169.json
"**Recommendation:** Metal Detector
**Explanation:** The shallow depth, dry soil conditions, and the potential for metallic components related to the mine type (booby trap) make a metal detector a more appropriate choice. GPR might struggle to penetrate to the desired depth in these conditions.",/content/drive/MyDrive/Capstone/AMA/attn_0170.json
"**Recommendation:** Metal Detector
**Explanation:** Given the shallow depth, dry soil, and presence of a metallic booby trap, a metal detector will be the most effective tool to locate the mine. It can directly detect the metal components of the mine, whereas GPR would struggle to penetrate the shallow soil conditions.",/content/drive/MyDrive/Capstone/AMA/attn_0171.json
"**Recommendation:** Metal Detector
**Explanation:** Due to the shallow depth, dry soil conditions, and the nature of the mine (booby trap with metallic components), a metal detector is the most appropriate sensor. It will be able to detect the metallic components of the trap, helping to ensure its location and safe removal.",/content/drive/MyDrive/Capstone/AMA/attn_0172.json
"**Recommendation:** Metal Detector
**Explanation:** With the shallow depth and dry, limy soil, a metal detector would likely be the most effective tool. The potential for booby traps—which could consist of metallic components—further strengthens the suitability of this sensor.",/content/drive/MyDrive/Capstone/AMA/attn_0173.json
"**Recommendation:** Ground Penetrating Radar (GPR)
**Explanation:** The shallow depth combined with a booby trap suggests potential buried objects. GPR will provide better subsurface penetration to detect these buried devices, specifically in the damp, humid, and limy soil conditions. A metal detector would struggle in this environment, while GPR offers a more robust investigation method.",/content/drive/MyDrive/Capstone/AMA/attn_0174.json
"**Recommendation:** Metal Detector
**Explanation:** The combination of a potentially metallic booby trap and humid, limy soil suggests that a metal detector would be most effective at detecting the hidden threat. While the soil could weaken radar penetration, the strong likelihood of encountering metallic components makes a metal detector the preferable choice.",/content/drive/MyDrive/Capstone/AMA/attn_0175.json
"**Recommendation:** Metal Detector
**Explanation:** The scenario indicates a booby trap, which is likely to be constructed with metal. With a shallow depth and a humid soil, a metal detector will be the most efficient sensor to identify the presence of metal. The GPR might be less effective due to the soil's conductivity.",/content/drive/MyDrive/Capstone/AMA/attn_0176.json
"**Recommendation:** Ground Penetrating Radar (GPR)
**Explanation:** The damp, limy soil presents a significant challenge for a metal detector. Since a booby trap is suspected and the depth is shallow, GPR's ability to image the subsurface is crucial for detecting the buried device's metallic signature.",/content/drive/MyDrive/Capstone/AMA/attn_0177.json
"**Recommendation:** Metal Detector
**Explanation:** The humid and limy soil conditions will degrade GPR performance, whereas the presence of a booby trap, indicating a metallic mine, strongly suggests a metal detector is the best initial choice for detecting the potential hazard. The sensor readings are within operational parameters as well.",/content/drive/MyDrive/Capstone/AMA/attn_0178.json
"**Recommendation:** Ground Penetrating Radar (GPR)
**Explanation:** Humid and limy soil will significantly attenuate radar signals, however, GPR can still penetrate to a moderate depth and the mine type (booby trap) implies a metallic component which GPR can detect. A metal detector would be less effective due to soil conditions and the likely small size of the trap components.",/content/drive/MyDrive/Capstone/AMA/attn_0179.json
"**Recommendation:** Metal Detector
**Explanation:** The humid and limy soil is unfavorable for GPR, while the mine type strongly suggests the presence of metal. A metal detector would be best suited to quickly locate the metallic components of the mine-based booby trap.",/content/drive/MyDrive/Capstone/AMA/attn_0180.json
"**Recommendation:** Metal Detector
**Explanation:** The low voltage combined with humid, limy soil suggests limited penetration for GPR. Given the presence of a booby trap and potential metallic components, a metal detector is better suited for this shallow depth and soil conditions to quickly identify any hidden metal threats.",/content/drive/MyDrive/Capstone/AMA/attn_0181.json
"**Recommendation:** Ground Penetrating Radar (GPR)
**Explanation:** The dry and sandy soil presents a relatively favorable environment for GPR, as it offers good radar penetration. The presence of an M14 anti-personnel mine suggests a metallic component, however, metal detectors may miss deeper or buried components. GPR would be more effective in locating the subsurface features associated with the mine.",/content/drive/MyDrive/Capstone/AMA/attn_0182.json
"**Recommendation:** Ground Penetrating Radar (GPR)
**Explanation:** Due to the dry sandy soil and the shallow depth, GPR will offer better penetration and imaging capability compared to a metal detector, maximizing the chances of detecting the mine’s metal components beneath the surface. A metal detector might only detect the casing, while GPR can potentially image the subsurface anomalies associated with the mine's structure.",/content/drive/MyDrive/Capstone/AMA/attn_0183.json
"**Recommendation:** Ground Penetrating Radar (GPR)
**Explanation:** The dry and sandy soil is ideal for GPR, allowing for deeper penetration and a clearer image of the subsurface. Given the presence of an M14 anti-personnel mine, there's a high probability of metallic components, and GPR can effectively locate and characterize these metallic objects beneath the surface with more accuracy than a simple metal detector.",/content/drive/MyDrive/Capstone/AMA/attn_0184.json
"**Recommendation:** Ground Penetrating Radar (GPR)
**Explanation:** The dry and sandy soil conditions will allow GPR signals to penetrate effectively, offering a good chance of detecting subsurface anomalies. The presence of an anti-personnel mine (M14) strongly suggests metallic components, and GPR is typically more effective at identifying buried metallic objects than a metal detector in this type of soil. A metal detector might be easily overwhelmed by the soil itself.",/content/drive/MyDrive/Capstone/AMA/attn_0185.json
"**Recommendation:** Metal Detector
**Explanation:** The dry, sandy soil provides an optimal environment for metal detection, particularly given the likely metallic signature of the mine. The low voltage reading also doesn’t drastically diminish its usefulness.",/content/drive/MyDrive/Capstone/AMA/attn_0186.json
"**Recommendation:** Ground Penetrating Radar (GPR)
**Explanation:** Given the dry and sandy soil, radar will be able to penetrate effectively, allowing for a good visualization of the subsurface. The presence of an anti-personnel mine like an M14 suggests a possible metallic signature, though metal detectors may still pick it up. However, GPR can provide a broader picture of the mine's shape and depth, potentially revealing it more clearly.",/content/drive/MyDrive/Capstone/AMA/attn_0187.json
"**Recommendation:** Metal Detector
**Explanation:** The dry, sandy soil combined with the presence of an M14 anti-personnel mine indicates a high probability of metal detection. Given the shallow depth, a metal detector will provide the most efficient and direct information about the location and characteristics of the mine.",/content/drive/MyDrive/Capstone/AMA/attn_0188.json
"**Recommendation:** Ground Penetrating Radar (GPR)
**Explanation:** The shallow depth and dry/sandy soil conditions favor GPR. The presence of a mine, specifically an M14 anti-personnel mine, suggests the potential for metallic components which a metal detector might struggle to identify. GPR will allow us to map the subsurface structure without being impeded by the soil's conductivity.",/content/drive/MyDrive/Capstone/AMA/attn_0189.json
"**Recommendation:** Metal Detector
**Explanation:** The humid, sandy soil, combined with the presence of an Anti-Personnel mine, strongly suggests the target will be easily detected by a metal detector. Radar would be less effective given the soil conditions, while a metal detector can easily identify large metallic objects buried in sandy soil.",/content/drive/MyDrive/Capstone/AMA/attn_0190.json
"**Recommendation:** Ground Penetrating Radar (GPR)
**Explanation:** The humid and sandy soil conditions will significantly attenuate radio waves used by metal detectors, limiting their effectiveness. Because of the mine type (anti-personnel), we are looking for a sophisticated detection method, such as GPR, which will penetrate the subsurface and provide valuable data about the objects below.",/content/drive/MyDrive/Capstone/AMA/attn_0191.json
"**Recommendation:** Metal Detector
**Explanation:** The humid and sandy soil will reduce GPR penetration, while the specific mine type indicates a likely metallic signature. A metal detector is better suited to detect this metallic presence in the shallow, moist soil conditions.",/content/drive/MyDrive/Capstone/AMA/attn_0192.json
"**Recommendation:** Ground Penetrating Radar (GPR)
**Explanation:** Humid and sandy soils can significantly impede metal detector performance, whereas GPR is better suited for penetrating these types of mediums. Detecting an anti-personnel mine requires detailed subsurface imaging, which GPR would provide by radiating radar pulses and mapping the resulting reflections. The presence of a mine may produce a distinguishable response compared to the surrounding environment.",/content/drive/MyDrive/Capstone/AMA/attn_0193.json
"**Recommendation:** Metal Detector
**Explanation:** Given the humid and sandy soil conditions combined with a strong indicator of metallic content (an M14 anti-personnel mine), a metal detector would be the more effective initial tool for locating the target. The soil properties won’t significantly hinder a metal detector’s performance, while GPR penetration would be reduced.",/content/drive/MyDrive/Capstone/AMA/attn_0194.json
"**Recommendation:** Ground Penetrating Radar (GPR)
**Explanation:** The humid and sandy soil presents a challenge for metal detection due to water absorption and reduced signal penetration. Given the mine type (M14 anti-personnel), there’s a higher probability of buried metallic fragments. GPR’s ability to image subsurface features is much better suited to resolve and visualize the potential presence and depth of metallic objects than a metal detector in this setting.",/content/drive/MyDrive/Capstone/AMA/attn_0195.json
"**Recommendation:** Metal Detector
**Explanation:** The presence of a metallic mine strongly suggests that a metal detector would be the most effective tool. The sandy soil and moderate humidity, while slightly hindering GPR, will not negate the inherent metallic signature of the mine, which a metal detector can readily detect.",/content/drive/MyDrive/Capstone/AMA/attn_0196.json
"**Recommendation:** Ground Penetrating Radar (GPR)
**Explanation:** The humid and sandy soil composition suggests that GPR will provide a better signal penetration compared to a metal detector. The presence of an M14 anti-personnel mine indicates metallic content, increasing the likelihood of a detectable signal. GPR is better suited for analyzing underground conditions like this.",/content/drive/MyDrive/Capstone/AMA/attn_0197.json
"**Recommendation:** Metal Detector
**Explanation:** The dry soil and shallow depth are favorable conditions for using a metal detector to detect the metallic components of the anti-personnel mine. Despite the potential for some signal dampening due to humus, the high probability of metallic content warrants prioritizing this method.",/content/drive/MyDrive/Capstone/AMA/attn_0198.json
"**Recommendation:** Metal Detector
**Explanation:** Given the dry soil conditions, a metal detector is the most suitable instrument for this scenario, and its sensitivity to metallic objects aligns well with the presence of an M14 anti-personnel mine. The shallow depth further supports a direct detection with a metal detector.",/content/drive/MyDrive/Capstone/AMA/attn_0199.json
"**Recommendation:** Metal Detector
**Explanation:** The mine's metallic composition, combined with the dry and humus soil conditions, makes a metal detector the more suitable choice for detecting its presence. Radar penetration will likely be hindered by the soil, making a metal detector more effective.",/content/drive/MyDrive/Capstone/AMA/attn_0200.json
"**Recommendation:** Metal Detector
**Explanation:** Given the dry soil and suspected presence of a metallic mine, a metal detector will be most effective at quickly identifying the metallic object. The low voltage suggests a potentially weak signal, but the dry soil will mitigate this, leading to an efficient initial search.",/content/drive/MyDrive/Capstone/AMA/attn_0201.json
"**Recommendation:** Metal Detector
**Explanation:** The dry soil, combined with the presence of a metallic mine, favors a metal detector to pinpoint the location based on the mine's magnetic signature. The low voltage suggests weak signals which a GPR would struggle to penetrate, making a metal detector the better choice.",/content/drive/MyDrive/Capstone/AMA/attn_0202.json
"**Recommendation:** Metal Detector
**Explanation:** Given the humid, humus-rich soil, GPR performance will be severely hampered. A metal detector is the more suitable choice for detecting the metallic components of the mine, especially when considering the type of mine (anti-personnel) which may contain metal parts.",/content/drive/MyDrive/Capstone/AMA/attn_0203.json
"**Recommendation:** Metal Detector
**Explanation:** The humid and humus-rich soil will impede GPR performance. Given the mine type is metallic, a metal detector is the most appropriate choice for locating the buried object.",/content/drive/MyDrive/Capstone/AMA/attn_0204.json
"**Recommendation:** Ground Penetrating Radar (GPR)
**Explanation:** The humid and humus soil will significantly degrade the performance of a metal detector, hindering its ability to detect metallic objects. GPR is better suited to penetrate these soil conditions and provide a more detailed image of underground features. The presence of an M14 anti-personnel mine indicates likely metallic components, necessitating the use of GPR for a detailed survey.",/content/drive/MyDrive/Capstone/AMA/attn_0205.json
"**Recommendation:** Metal Detector
**Explanation:** The soil conditions (humid and humus) negatively impact ground-penetrating radar, while the presence of a metallic mine makes a metal detector the more effective choice. Identifying the location and characteristics of the mine quickly is the priority here.",/content/drive/MyDrive/Capstone/AMA/attn_0206.json
"**Recommendation:** Metal Detector
**Explanation:** Humid, humus-rich soil hinders GPR penetration, and the presence of a metal mine strongly suggests metallic targets that a metal detector would be better equipped to locate.",/content/drive/MyDrive/Capstone/AMA/attn_0207.json
"**Recommendation:** Metal Detector
**Explanation:** The presence of an M14 anti-personnel mine indicates substantial metallic components, which a metal detector would likely detect effectively. The humid soil will slightly impede radar, while hindering the ability of the mine to be shown in the GPR scan.",/content/drive/MyDrive/Capstone/AMA/attn_0208.json
"**Recommendation:** Ground Penetrating Radar (GPR)
**Explanation:** The high soil moisture and humus content will severely degrade the performance of a metal detector. GPR uses radar waves to penetrate the soil and detect buried objects without being as affected by these conductive conditions. The presence of a M14 anti-personnel mine warrants a deeper scan to detect it properly.",/content/drive/MyDrive/Capstone/AMA/attn_0209.json
"**Recommendation:** Metal Detector
**Explanation:** The soil type and humidity suggest limited radar penetration, while the shallow depth and mine type indicate a likely metallic signature. A metal detector will be the most effective tool for detecting the presence of the M14 anti-personnel mine.",/content/drive/MyDrive/Capstone/AMA/attn_0210.json
"**Recommendation:** Metal Detector
**Explanation:** Considering the mine’s metallic nature and the dry, limy soil conditions that promote radar penetration, a metal detector is the most appropriate sensor choice. The dry ground would improve the ability of a metal detector to locate the buried mine.",/content/drive/MyDrive/Capstone/AMA/attn_0211.json
"**Recommendation:** Metal Detector
**Explanation:** The dry, limy soil will allow for effective detection of the metallic mine using a metal detector. The mine type further strengthens the case for a metal detector's utility.",/content/drive/MyDrive/Capstone/AMA/attn_0212.json
"**Recommendation:** Ground Penetrating Radar (GPR)
**Explanation:** The dry, limy soil offers good radar penetration, which is crucial for detecting underground anomalies associated with the M14 anti-personnel mine. The voltage reading suggests a measurable signal, and GPR’s ability to image subsurface structures would be more effective at determining the mine’s size, shape, and depth than a metal detector.",/content/drive/MyDrive/Capstone/AMA/attn_0213.json
"**Recommendation:** Metal Detector
**Explanation:** The dry, limy soil allows for better radar penetration. However, the presence of an M14 anti-personnel mine suggests a likely metallic signature, making a metal detector the more efficient choice for initial detection.",/content/drive/MyDrive/Capstone/AMA/attn_0214.json
"**Recommendation:** Metal Detector
**Explanation:** The dry, limy soil and the ""M14 Anti-Personnel"" mine type, indicating metallic content, strongly suggest that a metal detector would be the most effective tool. It offers a relatively quick and economical way to locate the buried object.",/content/drive/MyDrive/Capstone/AMA/attn_0215.json
"**Recommendation:** Ground Penetrating Radar (GPR)
**Explanation:** The dry and limy soil should allow for good radar penetration, which is essential for detecting subsurface features like mine workings. Given the mine type is an anti-personnel mine, the presence of the mine would be more likely to appear as an anomaly in the radar data compared to a metal detector.",/content/drive/MyDrive/Capstone/AMA/attn_0216.json
"**Recommendation:** Metal Detector
**Explanation:** Given the shallow depth and favorable soil conditions, a metal detector is the most effective tool for detecting the potential metallic debris associated with the mine. Further investigation with GPR is unlikely to be necessary at this range.",/content/drive/MyDrive/Capstone/AMA/attn_0217.json
"**Recommendation:** Metal Detector
**Explanation:** Due to the high probability of metallic content from the “M14 Anti-Personnel” mine and the limitations of GPR penetration in humid, limy soil, a metal detector is the most appropriate sensor for this scenario. The shallow depth of the detection will also be advantageous to a metal detector due to its increased sensitivity at closer range.",/content/drive/MyDrive/Capstone/AMA/attn_0218.json
"**Recommendation:** Metal Detector
**Explanation:** The humid, limy soil will negatively affect GPR penetration. The mine's metallic composition makes it highly detectable by a metal detector, even if its size and alloy are unknown.",/content/drive/MyDrive/Capstone/AMA/attn_0219.json
"**Recommendation:** Ground Penetrating Radar (GPR)
**Explanation:** The humid and limy soil will significantly weaken the signal from a metal detector. GPR can penetrate this type of soil to a greater depth, allowing us to detect the presence of the mine and potentially reveal its shape and location. The presence of an anti-personnel mine further strengthens the need for GPR's capabilities.",/content/drive/MyDrive/Capstone/AMA/attn_0220.json
"**Recommendation:** Ground Penetrating Radar (GPR)
**Explanation:** Due to the high humidity and limy soil, a metal detector's performance will be hampered. The mine type indicates a potentially large, metallic object below the surface, which necessitates a technique capable of subsurface imaging, making GPR the optimal choice.",/content/drive/MyDrive/Capstone/AMA/attn_0221.json
"**Recommendation:** Ground Penetrating Radar (GPR)
**Explanation:** The humid and limy soil will likely attenuate radar signals, but GPR can still penetrate deeper and provide a clearer image of subsurface anomalies, which may be indicative of the mine. Given the type of mine is an anti-personnel device, it likely contains metal. A high voltage level indicates a signal presence; therefore, we need to use radar to investigate.",/content/drive/MyDrive/Capstone/AMA/attn_0222.json
"**Recommendation:** Ground Penetrating Radar (GPR)
**Explanation:** Given the humid and limy soil conditions, GPR is the better choice. The presence of a metallic mine necessitates deeper penetration to locate the target, and GPR excels at this while mitigating the interference from the surrounding soil.",/content/drive/MyDrive/Capstone/AMA/attn_0223.json
"**Recommendation:** Ground Penetrating Radar (GPR)
**Explanation:** Given the humid and limy soil conditions, a standard metal detector will likely be hampered by signal scattering and attenuation, resulting in poor detection. The presence of an M14 anti-personnel mine indicates a potential for metallic content, but it will be buried beneath the wet soil, making GPR the superior choice for deeper penetration and image quality."") solve() ```",/content/drive/MyDrive/Capstone/AMA/attn_0224.json
"**Recommendation:** Metal Detector
**Explanation:** The dry and sandy soil conditions will allow for good penetration of a metal detector’s electromagnetic field. Since there's no indication of a specific mine type, the focus should be on identifying potential metallic objects in the area. This is a straightforward scenario where a metal detector offers the most direct and efficient method.",/content/drive/MyDrive/Capstone/AMA/attn_0225.json
"**Recommendation:** Metal Detector
**Explanation:** The soil is dry and sandy, which generally offers good penetration for a metal detector. Since there is no specified mine type, there isn't a specific indication of high metallic density. This combination suggests it would be most effective to look for metallic objects.",/content/drive/MyDrive/Capstone/AMA/attn_0226.json
"**Recommendation:** Ground Penetrating Radar (GPR)
**Explanation:** The soil is dry and sandy, which generally allows for better penetration of radar signals compared to metal detectors. Given the lack of information about the mine type and the shallow depth, GPR will provide a more detailed image of subsurface features like tunnels or shafts. Metal detection would be ineffective with little or no metallic content.",/content/drive/MyDrive/Capstone/AMA/attn_0227.json
"**Recommendation:** Ground Penetrating Radar (GPR)
**Explanation:** Given the dry and sandy soil, GPR will likely penetrate the ground with minimal interference, allowing for a detailed image of the subsurface. The voltage is low which isn’t conducive to a metal detector. Without the mine type, it's best to assume the unknown could be buried objects, and GPR is the most suitable tool.",/content/drive/MyDrive/Capstone/AMA/attn_0228.json
"**Recommendation:** Ground Penetrating Radar (GPR)
**Explanation:** The humid and sandy soil will significantly reduce the effectiveness of a metal detector, while GPR can penetrate the ground more effectively to map underground structures. Since the mine type is unknown, a non-metallic detection method like GPR is more suitable for identifying potential anomalies. The shallow depth further indicates that GPR should be useful.",/content/drive/MyDrive/Capstone/AMA/attn_0229.json
"**Recommendation:** Ground Penetrating Radar (GPR)
**Explanation:** The soil is humid and sandy, which could weaken radar signals but still allows them to penetrate effectively. Given the low voltage and relatively shallow depth, a metal detector is less likely to reliably detect buried metallic objects. GPR’s ability to image subsurface features makes it the superior choice for this scenario.",/content/drive/MyDrive/Capstone/AMA/attn_0230.json
"**Recommendation:** Ground Penetrating Radar (GPR)
**Explanation:** The high humidity and sandy soil create a challenging environment for a metal detector, hindering its ability to detect buried objects. GPR's radar waves can penetrate these conditions more effectively, providing a subsurface image of potential metal objects. Due to the lack of mine type information, a metallic signature would be very difficult to spot.",/content/drive/MyDrive/Capstone/AMA/attn_0231.json
"**Recommendation:** Ground Penetrating Radar (GPR)
**Explanation:** The soil type of humid and sandy favors GPR’s radar waves, as it is less hindered by water or clay. While a metal detector might pick up some metallic elements, GPR is much better suited for depth of 0.909cm within these conditions. The lack of a specific mine type means there’s no indication of concentrated metallic signatures.",/content/drive/MyDrive/Capstone/AMA/attn_0232.json
"**Recommendation:** Metal Detector
**Explanation:** The shallow depth and dry soil conditions make a metal detector the more effective choice for detecting potential buried objects. GPR may not penetrate sufficiently to provide useful data at this depth, while a metal detector can easily identify metallic targets in such a shallow area.",/content/drive/MyDrive/Capstone/AMA/attn_0233.json
"**Recommendation:** Ground Penetrating Radar (GPR)
**Explanation:** Given the dry soil conditions and the existence of humus, GPR is the better choice for detecting underground anomalies. Dry soils generally allow for better radar penetration, helping to visualize subsurface features more clearly than a metal detector might. Additionally, since the mine type is not specified, there's a possibility of metallic objects of varying depths, which GPR is more suited to detect.",/content/drive/MyDrive/Capstone/AMA/attn_0234.json
"**Recommendation:** Metal Detector
**Explanation:** With the shallow depth and dry soil, a metal detector will be highly effective at identifying any buried metallic objects. The humus content might slightly reduce detection range, but its impact is minimal compared to the shallow depth and favorable soil conditions.",/content/drive/MyDrive/Capstone/AMA/attn_0235.json
"**Recommendation:** Ground Penetrating Radar (GPR)
**Explanation:** Because the soil is dry and humus, radar signals will travel further and with less attenuation. This allows for deeper penetration and a clearer image of underground features, making GPR the superior choice for detecting variations in the ground. Metal detectors may not be effective in this scenario due to soil composition and possible interference.",/content/drive/MyDrive/Capstone/AMA/attn_0236.json
"**Recommendation:** Ground Penetrating Radar (GPR)
**Explanation:** The humid soil with humus content significantly attenuates electromagnetic signals, making a metal detector less effective. GPR relies on subsurface radar pulses that can penetrate deeper into the ground, allowing us to image the geological structures and potential subsurface features. This provides a much more detailed picture of what lies beneath the surface than a metal detector.",/content/drive/MyDrive/Capstone/AMA/attn_0237.json
"**Recommendation:** Metal Detector
**Explanation:** The high moisture content and humus indicate a significantly reduced radar penetration. A metal detector can still detect metallic anomalies buried below the surface, even through a damp and earthy soil.",/content/drive/MyDrive/Capstone/AMA/attn_0238.json
"**Recommendation:** Metal Detector
**Explanation:** Humid, humus-rich soil will attenuate GPR signals, making it difficult to discern subsurface features. A metal detector is likely more suitable for detecting metallic objects in this challenging environment.",/content/drive/MyDrive/Capstone/AMA/attn_0239.json
"**Recommendation:** Metal Detector
**Explanation:** The soil conditions (humid and humus) would hinder the effectiveness of Ground Penetrating Radar (GPR) due to increased soil conductivity. A metal detector will be more reliable in this scenario to identify any metallic objects.",/content/drive/MyDrive/Capstone/AMA/attn_0240.json
"**Recommendation:** Metal Detector
**Explanation:** The soil is dry and limy, indicating good penetration for a metal detector. Since the mine type is unknown, there’s a chance of metal objects being present near the surface. A metal detector would be the most efficient tool to locate these potential buried objects in this scenario.",/content/drive/MyDrive/Capstone/AMA/attn_0241.json
"**Recommendation:** Ground Penetrating Radar (GPR)
**Explanation:** The dry, limy soil suggests decent radar penetration. Since the mine type is unknown, it's reasonable to assume the area might contain buried objects or anomalies. GPR is better suited for mapping subsurface features than a metal detector in this scenario.",/content/drive/MyDrive/Capstone/AMA/attn_0242.json
"**Recommendation:** Ground Penetrating Radar (GPR)
**Explanation:** The dry and limy soil allows for better radar penetration, enabling detection of deeper targets. A metal detector’s sensitivity could be hampered by the soil's composition and won’t provide as detailed information about the subsurface. GPR provides a better balance of detection capabilities considering these properties.",/content/drive/MyDrive/Capstone/AMA/attn_0243.json
"**Recommendation:** Ground Penetrating Radar (GPR)
**Explanation:** Given the dry and limy soil conditions, radar waves are likely to penetrate deeper and more effectively than metal detectors. The voltage reading suggests a good signal strength for radar, and without information about the mine type, I'll favor the tool best suited to detecting subsurface anomalies regardless of material.",/content/drive/MyDrive/Capstone/AMA/attn_0244.json
"**Recommendation:** Ground Penetrating Radar (GPR)
**Explanation:** The high humidity and limy soil type are going to significantly degrade the performance of a metal detector, making it difficult to detect any buried metal. GPR, on the other hand, can penetrate through this type of soil, providing a more detailed image of subsurface anomalies which will likely be indicative of mine workings.",/content/drive/MyDrive/Capstone/AMA/attn_0245.json
"**Recommendation:** Metal Detector
**Explanation:** The humid and limy soil significantly hinders ground penetrating radar performance. A metal detector, due to its capability to find metallic objects in varying soil conditions, is the more suitable choice for this scenario given the limited voltage reading.",/content/drive/MyDrive/Capstone/AMA/attn_0246.json
"**Recommendation:** Ground Penetrating Radar (GPR)
**Explanation:** The humid and limy soil is a major impediment to a metal detector’s performance as it weakens radar penetration. GPR will provide a deeper profile of subsurface anomalies compared to a metal detector under these conditions. Since we don't know the mine type, we need a wider ranging technique, making GPR the best choice.",/content/drive/MyDrive/Capstone/AMA/attn_0247.json
"**Recommendation:** Ground Penetrating Radar (GPR)
**Explanation:** The combination of low conductivity soil and moderate depth makes a metal detector inefficient. GPR, despite the soil’s dampness, can still penetrate and provide valuable information about subsurface features, while a metal detector would struggle to operate effectively in these conditions.",/content/drive/MyDrive/Capstone/AMA/attn_0248.json
"**Recommendation:** Ground Penetrating Radar (GPR)
**Explanation:** The high voltage and dry, sandy soil are ideal for GPR use, as radar waves are able to penetrate relatively well in these conditions. The mine is of an anti-tank variety which suggests a large, heavily armored object. GPR can effectively image the subsurface and identify buried metallic objects without being significantly hampered by soil conditions.",/content/drive/MyDrive/Capstone/AMA/attn_0249.json
"**Recommendation:** Ground Penetrating Radar (GPR)
**Explanation:** Given the dry, sandy soil, GPR's ability to penetrate subsurface materials effectively will allow for a more thorough scan to locate the buried anti-tank mine. The low voltage combined with the soil conditions suggests a good path for radar penetration.",/content/drive/MyDrive/Capstone/AMA/attn_0250.json
"**Recommendation:** Metal Detector
**Explanation:** The shallow depth, dry sandy soil, and large metallic signature from the anti-tank mine make a metal detector the most appropriate sensor. It will be able to easily detect the presence and location of metal buried in the ground.",/content/drive/MyDrive/Capstone/AMA/attn_0251.json
"**Recommendation:** Metal Detector
**Explanation:** The dry and sandy soil will allow for good penetration with a metal detector, and the anti-tank mine type strongly suggests the presence of significant metallic content.",/content/drive/MyDrive/Capstone/AMA/attn_0252.json
"**Recommendation:** Ground Penetrating Radar (GPR)
**Explanation:** The combination of humid, sandy soil and a potential anti-tank mine strongly suggests that GPR will be more effective than a metal detector. GPR's ability to penetrate the soil better in these conditions will allow us to identify the mine's depth and location more accurately compared to a metal detector which will be hindered by the soil conditions.",/content/drive/MyDrive/Capstone/AMA/attn_0253.json
"**Recommendation:** Metal Detector
**Explanation:** Given the shallow depth and humid, sandy soil, a metal detector is the most suitable sensor. The mine type – an anti-tank mine – strongly suggests the presence of metallic components, making a metal detector's sensitivity ideal for detection. GPR would be hampered by the soil conditions.",/content/drive/MyDrive/Capstone/AMA/attn_0254.json
"**Recommendation:** Ground Penetrating Radar (GPR)
**Explanation:** The humid and sandy soil presents a challenging environment for a metal detector due to its ability to attenuate electromagnetic signals. An anti-tank mine, specifically designed to resist detection by conventional means, would likely appear as low-signal data requiring a penetrating radar. GPR's ability to image subsurface features makes it the better choice for locating this type of buried threat.",/content/drive/MyDrive/Capstone/AMA/attn_0255.json
"**Recommendation:** Metal Detector
**Explanation:** Given the shallow depth and sandy soil, a metal detector is the most effective tool to locate the anti-tank mine. The mine’s metallic composition will generate a clear signal detectable by the metal detector.",/content/drive/MyDrive/Capstone/AMA/attn_0256.json
"**Recommendation:** Metal Detector
**Explanation:** The dry, humus-rich soil favors a metal detector’s ability to locate metallic objects. The ""anti-tank"" mine type strongly indicates a large amount of metal in the ground, making this sensor type the most suitable for a preliminary scan.",/content/drive/MyDrive/Capstone/AMA/attn_0257.json
"**Recommendation:** Metal Detector
**Explanation:** Given the shallow depth and dry, humus-rich soil, a metal detector is the most suitable tool to detect the metallic components of an anti-tank mine. The soil conditions are favorable for metal detection, and the mine type strongly suggests a metallic target.",/content/drive/MyDrive/Capstone/AMA/attn_0258.json
"**Recommendation:** Ground Penetrating Radar (GPR)
**Explanation:** The dry soil and high voltage suggest good radar penetration, which is crucial for identifying buried metallic objects from the mine. An anti-tank mine's substantial metallic components necessitate the non-destructive imaging capabilities of GPR, allowing for precise mapping of the buried debris field.",/content/drive/MyDrive/Capstone/AMA/attn_0259.json
"**Recommendation:** Ground Penetrating Radar (GPR)
**Explanation:** The humid and humus soil will significantly attenuate metal detector signals, making them unreliable. However, GPR can penetrate these conditions and provide valuable data about the buried mine structure's dimensions and depth, allowing for safer assessment and removal.",/content/drive/MyDrive/Capstone/AMA/attn_0260.json
"**Recommendation:** Ground Penetrating Radar (GPR)
**Explanation:** Due to the humid and humus-rich soil, conventional metal detectors will struggle to penetrate the ground effectively. GPR's ability to send and receive electromagnetic waves is better suited for imaging the subsurface geology and detecting potential underground anomalies associated with the anti-tank mine.",/content/drive/MyDrive/Capstone/AMA/attn_0261.json
"**Recommendation:** Metal Detector
**Explanation:** The high soil moisture and humus content hinder radar penetration, making GPR ineffective. An anti-tank mine is composed of heavy metals like steel, which a metal detector will reliably detect.",/content/drive/MyDrive/Capstone/AMA/attn_0262.json
"**Recommendation:** Metal Detector
**Explanation:** The humid and humus soil will diminish the effectiveness of Ground Penetrating Radar (GPR). The anti-tank mine’s metallic composition promises a clear signal for the metal detector, allowing for identification of the target.",/content/drive/MyDrive/Capstone/AMA/attn_0263.json
"**Recommendation:** Metal Detector
**Explanation:** The Anti-Tank mine's composition strongly suggests a high metallic content. Metal detectors are the best choice for rapidly detecting metallic targets in dry, receptive soil, unlike GPR which can be hindered by such conditions.",/content/drive/MyDrive/Capstone/AMA/attn_0264.json
"**Recommendation:** Metal Detector
**Explanation:** Given the shallow depth, dry soil, and the presence of an anti-tank mine (indicating metallic composition), a metal detector is the most appropriate sensor. It will efficiently identify the mine's metallic components, while GPR is less effective in these conditions.",/content/drive/MyDrive/Capstone/AMA/attn_0265.json
"**Recommendation:** Metal Detector
**Explanation:** Because this is an anti-tank mine, a substantial metallic component can be expected. Dry, limy soil presents favorable conditions for metal detection. Because the depth is relatively shallow, a metal detector is the best option.",/content/drive/MyDrive/Capstone/AMA/attn_0266.json
"**Recommendation:** Metal Detector
**Explanation:** The mine's description indicates a high metallic concentration. Given the dry, limy soil, a metal detector will likely be the most efficient sensor for detecting the mine's components at this shallow depth. GPR might provide less conclusive results due to soil interference.",/content/drive/MyDrive/Capstone/AMA/attn_0267.json
"**Recommendation:** Metal Detector
**Explanation:** The humid and limy soil will severely hinder GPR readings. The anti-tank mine indicates a strong likelihood of metallic components that a metal detector can readily detect.",/content/drive/MyDrive/Capstone/AMA/attn_0268.json
"**Recommendation:** Metal Detector
**Explanation:** The combination of high voltage and an anti-tank mine's metallic composition points to a strong indication of the mine's presence, making a metal detector the most suitable choice for this scenario. The soil conditions might reduce radar penetration, but the metallic nature of the mine will be easily detectable.",/content/drive/MyDrive/Capstone/AMA/attn_0269.json
"**Recommendation:** Metal Detector
**Explanation:** The anti-tank mine will possess a substantial metallic component, and the soil conditions allow for efficient signal detection using a metal detector. GPR might be hampered by the soil's moisture, and wouldn't necessarily provide detailed imaging of the mine's layout.",/content/drive/MyDrive/Capstone/AMA/attn_0270.json
"**Recommendation:** Ground Penetrating Radar (GPR)
**Explanation:** With humid and limy soils, radar penetration is expected to be poor. However, the mine being an anti-tank mine indicates a strong metallic signature that should be detectable even with reduced radar penetration. GPR's ability to image subsurface features will offer more details about the metal's depth and extent than a metal detector alone.",/content/drive/MyDrive/Capstone/AMA/attn_0271.json
"**Recommendation:** Ground Penetrating Radar (GPR)
**Explanation:** Given the dry, sandy soil conditions, GPR will penetrate the ground more effectively than a metal detector. The presence of an anti-personnel mine suggests a potential for metallic components, but GPR will provide a more detailed image of the subsurface than metal detection alone. This is crucial for mapping out the mine’s location and potential hazards.",/content/drive/MyDrive/Capstone/AMA/attn_0272.json
"**Recommendation:** Ground Penetrating Radar (GPR)
**Explanation:** The dry and sandy soil provides ideal conditions for GPR signals to penetrate effectively, offering subsurface imaging capabilities. The presence of an anti-personnel mine suggests a higher probability of buried metallic objects, further necessitating the use of GPR to map their location accurately. A metal detector might be less effective due to the soil's low conductivity.",/content/drive/MyDrive/Capstone/AMA/attn_0273.json
"**Recommendation:** Ground Penetrating Radar (GPR)
**Explanation:** Given the dry and sandy soil conditions and the presence of an anti-personnel mine, GPR is a better choice than a metal detector. Dry sandy soils offer good radar penetration, allowing for deeper investigation than a metal detector which would likely struggle in this environment. The type of mine also suggests the potential for deeply buried metallic components, which GPR is much better equipped to detect.",/content/drive/MyDrive/Capstone/AMA/attn_0274.json
"**Recommendation:** Ground Penetrating Radar (GPR)
**Explanation:** The dry and sandy soil provides good radar penetration, making GPR the most effective tool for detecting the buried object. The mine type – anti-personnel – would likely suggest a small, metallic object. GPR’s ability to image subsurface features would help pinpoint the object’s location more accurately than a metal detector.",/content/drive/MyDrive/Capstone/AMA/attn_0275.json
"**Recommendation:** Metal Detector
**Explanation:** The shallow depth, sandy soil, and evidence of a metallic mine are most effectively detected by a metal detector. It is likely to easily detect the buried remnants of the mine.",/content/drive/MyDrive/Capstone/AMA/attn_0276.json
"**Recommendation:** Metal Detector
**Explanation:** The humid and sandy soil will dampen GPR signals. Detecting the metal content of the mine is likely more important than precise depth determination, making a metal detector the more appropriate tool.",/content/drive/MyDrive/Capstone/AMA/attn_0277.json
"**Recommendation:** Ground Penetrating Radar (GPR)
**Explanation:** The humid and sandy soil is conducive to GPR readings, allowing for subsurface penetration and imaging of potential anomalies. Given the presence of an anti-personnel mine, detecting the buried object's shape and location is crucial, and GPR’s ability to create a detailed subsurface profile is superior to a metal detector’s limitations. Metal detectors may be significantly hindered by the soil conditions and the metal's depth.",/content/drive/MyDrive/Capstone/AMA/attn_0278.json
"**Recommendation:** Metal Detector
**Explanation:** The dry soil and the presence of a metallic mine suggest a metal detector will be the most suitable sensor for quickly identifying buried objects. GPR might be useful, but is less ideal in this dry soil environment that would allow for better electromagnetic signal transmission.",/content/drive/MyDrive/Capstone/AMA/attn_0279.json
"**Recommendation:** Metal Detector
**Explanation:** The dry and humus soil will provide optimal conditions for a metal detector to identify the buried anti-personnel mine. With high voltage, the metal detector should be able to pick up even faint signals from the metal object, increasing the probability of a reliable detection.",/content/drive/MyDrive/Capstone/AMA/attn_0280.json
"**Recommendation:** Ground Penetrating Radar (GPR)
**Explanation:** Given the dry soil conditions and shallow depth, GPR offers the best chance of clearly visualizing the object's shape and location without the potential limitations of a metal detector. The humus present could also interfere with the detector's signal, making GPR more reliable in this scenario.",/content/drive/MyDrive/Capstone/AMA/attn_0281.json
"**Recommendation:** Metal Detector
**Explanation:** The dry soil combined with the metallic mine type suggests metal detection will be very effective. GPR performance will likely be hindered by the soil composition.",/content/drive/MyDrive/Capstone/AMA/attn_0282.json
"**Recommendation:** Metal Detector
**Explanation:** The humid soil conditions will weaken the performance of ground penetrating radar. Given the anti-personnel mine type, a metal detector is the more suitable tool to identify metallic components in the ground.",/content/drive/MyDrive/Capstone/AMA/attn_0283.json
"**Recommendation:** Metal Detector
**Explanation:** Given the humid and humus-rich soil, GPR penetration will be limited. A metal detector will be better suited to detect the metallic components of the anti-personnel mines, due to the low soil attenuation.",/content/drive/MyDrive/Capstone/AMA/attn_0284.json
"**Recommendation:** Metal Detector
**Explanation:** The humid soil with humus drastically limits radar penetration. A metal detector is more suitable than GPR in this scenario for detecting potential metallic remnants of the mine.",/content/drive/MyDrive/Capstone/AMA/attn_0285.json
"**Recommendation:** Metal Detector
**Explanation:** The humid soil and humus layer will drastically reduce the effectiveness of GPR. A metal detector is more suited to these conditions, and the potential presence of metallic mines offers a clear target.",/content/drive/MyDrive/Capstone/AMA/attn_0286.json
"**Recommendation:** Ground Penetrating Radar (GPR)
**Explanation:** The dry, limy soil is expected to provide relatively good penetration for radar signals. Given the presence of an anti-personnel mine, it’s highly probable the mine is metallic and GPR would be best suited to locate it and provide depth information. The voltage suggests a moderate signal strength, favoring radar over a simple metal detector.",/content/drive/MyDrive/Capstone/AMA/attn_0287.json
"**Recommendation:** Metal Detector
**Explanation:** The shallow depth and dry soil conditions will favor a metal detector's ability to detect metallic objects with minimal interference. An anti-personnel mine is made of metal, so the high probability of a hit with a metal detector outweighs the potential of GPR in this scenario.",/content/drive/MyDrive/Capstone/AMA/attn_0288.json
"**Recommendation:** Metal Detector
**Explanation:** The dry and limy soil provides decent radar penetration, but the anti-personnel mine suggests a high probability of detecting a metallic object with a metal detector. Given the voltage, a more focused assessment of metallic content is warranted.",/content/drive/MyDrive/Capstone/AMA/attn_0289.json
"**Recommendation:** Metal Detector
**Explanation:** The humid and limy soil suggests poor radar penetration, whereas a metal detector would be more effective in locating the mine's metallic signature at shallow depths. The type of mine being anti-personnel further supports this decision, as these mines typically contain significant metal content.",/content/drive/MyDrive/Capstone/AMA/attn_0290.json
"**Recommendation:** Metal Detector
**Explanation:** The humid and limy soil will hinder GPR penetration, making a metal detector the better option for detecting metallic objects. Given the type of mine (anti-personnel), we anticipate more metallic debris, which the metal detector can readily identify.",/content/drive/MyDrive/Capstone/AMA/attn_0291.json
"**Recommendation:** Ground Penetrating Radar (GPR)
**Explanation:** The low voltage suggests significant signal attenuation due to the wet and limy soil. While the mine's metallic composition would initially suggest a metal detector, the challenging soil conditions make GPR more effective for detailed subsurface investigation and confirmation, overcoming the limitations imposed by the soil's interference.",/content/drive/MyDrive/Capstone/AMA/attn_0292.json
"**Recommendation:** Metal Detector
**Explanation:** The soil conditions, specifically the high humidity and limy composition, are unfavorable for GPR penetration. Since the mine type indicates a metallic component, a metal detector will provide the most effective method for detection within these conditions.",/content/drive/MyDrive/Capstone/AMA/attn_0293.json
"**Recommendation:** Ground Penetrating Radar (GPR)
**Explanation:** The dry and sandy soil conditions will allow for better radar penetration, crucial for detecting the concealed components of a booby trap. GPR can identify subsurface anomalies associated with the mine's buried structure and potential trigger mechanisms, offering a more detailed picture than a metal detector would provide. A metal detector might be overwhelmed by the surrounding metal of the sand.",/content/drive/MyDrive/Capstone/AMA/attn_0294.json
"**Recommendation:** Metal Detector
**Explanation:** Given the dry and sandy soil, a metal detector will be effective in detecting the metallic components associated with a booby trap. The specific mine type of a booby trap dramatically increases the likelihood of significant metal presence, which a metal detector excels at finding.",/content/drive/MyDrive/Capstone/AMA/attn_0295.json
"**Recommendation:** Metal Detector
**Explanation:** Given the dry, sandy soil conditions and the presence of a potential booby trap, a metal detector is the most suitable sensor. Dry, sandy soil allows for better radar penetration, and the potential for metallic components points to the effectiveness of a metal detector at detecting the threat.",/content/drive/MyDrive/Capstone/AMA/attn_0296.json
"**Recommendation:** Metal Detector
**Explanation:** The shallow depth, dry soil, and the presence of a potential booby trap suggest a high probability of metallic components being readily detectable by a metal detector. Ground penetrating radar would be overkill in this scenario, as it’s less effective in sandy soil and won’t provide sufficient depth penetration.",/content/drive/MyDrive/Capstone/AMA/attn_0297.json
"**Recommendation:** Metal Detector
**Explanation:** The humid and sandy soil conditions do not significantly hinder a metal detector's performance, while the suspected booby trap suggests the presence of metal components, making it the most suitable tool for this scenario.",/content/drive/MyDrive/Capstone/AMA/attn_0298.json
"**Recommendation:** Metal Detector
**Explanation:** The humid sandy soil will allow for relatively easy detection by a metal detector, and the possibility of a booby trap with metallic components makes this the most immediate and critical sensor to use.",/content/drive/MyDrive/Capstone/AMA/attn_0299.json
"**Recommendation:** Metal Detector
**Explanation:** The humid, sandy soil suggests that GPR may not be effective, while a metal detector is likely to detect the metallic components of a booby trap. The combination of these factors makes the metal detector the better choice for this specific scenario.",/content/drive/MyDrive/Capstone/AMA/attn_0300.json
"**Recommendation:** Ground Penetrating Radar (GPR)
**Explanation:** The dry soil and humus composition suggest good radar penetration. Given the presence of a potentially buried booby trap mine that might require a deeper scan, GPR is the superior choice for identifying the mine's location and structure beyond a metal detector's range.",/content/drive/MyDrive/Capstone/AMA/attn_0301.json
"**Recommendation:** Metal Detector
**Explanation:** The shallow depth and dry soil conditions are ideal for detecting metallic objects. Given the presence of a booby trap, a metal detector is necessary to locate the hidden metallic components.",/content/drive/MyDrive/Capstone/AMA/attn_0302.json
"**Recommendation:** Metal Detector
**Explanation:** The dry and sandy soil conditions, coupled with the potential for metallic components associated with a booby trap, suggest that a metal detector will be effective in locating the hazard. The presence of humus may slightly reduce sensitivity, but the overall conditions strongly favor a metal detector deployment.",/content/drive/MyDrive/Capstone/AMA/attn_0303.json
"**Recommendation:** Ground Penetrating Radar (GPR)
**Explanation:** The dry, humus-rich soil conditions are conducive to GPR penetration. Given the presence of a potential booby trap, high-resolution imaging is crucial to identify subsurface metallic triggers, and the data provided would need higher detail.",/content/drive/MyDrive/Capstone/AMA/attn_0304.json
"**Recommendation:** Ground Penetrating Radar (GPR)
**Explanation:** Given the humid, conductive soil conditions combined with the presence of humus, a metal detector would be significantly hindered. GPR offers greater penetration and can reveal subsurface anomalies, potentially detecting the buried components of a booby trap, such as wires or triggering mechanisms.",/content/drive/MyDrive/Capstone/AMA/attn_0305.json
"**Recommendation:** Metal Detector
**Explanation:** The humid and humus soil conditions will significantly hinder ground penetrating radar effectiveness. A metal detector is more appropriate for detecting metallic components of a potential booby trap, especially considering the likely presence of metallic debris within the humus-rich soil.",/content/drive/MyDrive/Capstone/AMA/attn_0306.json
"**Recommendation:** Metal Detector
**Explanation:** The humid and humus-rich soil will hinder ground-penetrating radar, while the presence of a booby trap, which likely involves metallic components, makes a metal detector the most appropriate first step in the investigation.",/content/drive/MyDrive/Capstone/AMA/attn_0307.json
"**Recommendation:** Metal Detector
**Explanation:** Given the dry, limy soil and the potential for metallic elements due to the booby trap, a metal detector should be effective at identifying any metallic components in the ground. This sensor is designed to detect buried metallic objects, making it the more suitable choice for this specific scenario.",/content/drive/MyDrive/Capstone/AMA/attn_0308.json
"**Recommendation:** Metal Detector
**Explanation:** The dry, limy soil favors radar penetration, but the presence of a booby trap suggests a likely metallic component. A metal detector provides a quick and cost-effective way to detect metal objects, which is crucial in a booby trap scenario.",/content/drive/MyDrive/Capstone/AMA/attn_0309.json
"**Recommendation:** Metal Detector
**Explanation:** The dry, limy soil minimizes signal scattering, allowing a metal detector to effectively detect the potential metallic components associated with a booby trap. This type of soil setup facilitates a focused search for metallic tripwires, wires, and triggering mechanisms.",/content/drive/MyDrive/Capstone/AMA/attn_0310.json
"**Recommendation:** Metal Detector
**Explanation:** A metal detector will be the most effective tool for detecting the metallic components of a booby trap triggering mechanism in dry, limy soil, especially given the shallow depth. GPR is less reliable in this scenario and would likely not penetrate the soil sufficiently to detect anything.",/content/drive/MyDrive/Capstone/AMA/attn_0311.json
"**Recommendation:** Metal Detector
**Explanation:** The humid and limy soil will impede GPR penetration, but given the presence of a booby trap designed to inflict harm, the high probability of metallic components within the trap makes a metal detector the most efficient choice for detection. The goal is to locate metal, not precisely image the subsurface.",/content/drive/MyDrive/Capstone/AMA/attn_0312.json
"**Recommendation:** Metal Detector
**Explanation:** The humid and limy soil presents a significant obstacle for ground-penetrating radar. A metal detector is the better choice because the mine’s nature suggests likely metallic components from the trap, and it doesn't suffer from signal degradation like radar in such conditions.",/content/drive/MyDrive/Capstone/AMA/attn_0313.json
"**Recommendation:** Metal Detector
**Explanation:** The humid and limy soil will degrade the performance of ground penetrating radar. Because the trap is likely to be made of metal and the shallow depth, a metal detector is the superior choice for detecting the potential booby trap.",/content/drive/MyDrive/Capstone/AMA/attn_0314.json
"**Recommendation:** Ground Penetrating Radar (GPR)
**Explanation:** The humid soil will significantly attenuate the signal of a metal detector, making it less effective. A GPR can penetrate the soil and directly image potential subsurface features associated with the mine, like tunnels or collapsed sections. This is crucial for detecting the booby trap's likely location.",/content/drive/MyDrive/Capstone/AMA/attn_0315.json
"**Recommendation:** Metal Detector
**Explanation:** The dry and sandy soil will allow for good metal detection capabilities, and the presence of an anti-personnel mine type suggests that metallic remnants may be present in the ground.",/content/drive/MyDrive/Capstone/AMA/attn_0316.json
"**Recommendation:** Ground Penetrating Radar (GPR)
**Explanation:** The dry and sandy soil is a favorable condition for GPR due to its ability to transmit radar waves effectively. The presence of a potential minefield, particularly an anti-personnel mine like the M14, suggests a high probability of metallic remnants within the ground, which is ideal for detecting with GPR. A metal detector might be hindered by the soil composition and the depth.",/content/drive/MyDrive/Capstone/AMA/attn_0317.json
"**Recommendation:** Metal Detector
**Explanation:** The dry and sandy soil will allow radar to penetrate relatively well. Given the type of mine, a metal detector is the most appropriate choice for identifying buried metallic objects.",/content/drive/MyDrive/Capstone/AMA/attn_0318.json
"**Recommendation:** Ground Penetrating Radar (GPR)
**Explanation:** Dry and sandy soil conditions provide optimal conditions for GPR signal propagation. Given the presence of a metallic anti-personnel mine, GPR’s ability to map subsurface features, including buried objects, is most valuable, providing a better understanding of the mine's location and distribution beyond just a simple metallic signature.",/content/drive/MyDrive/Capstone/AMA/attn_0319.json
"**Recommendation:** Ground Penetrating Radar (GPR)
**Explanation:** The soil is humid and sandy, which are conditions that favor GPR penetration. While the presence of a metallic mine makes a metal detector potentially useful, the soil conditions significantly reduce its effectiveness. GPR will provide a better overall picture of the subsurface conditions and the mine’s location.",/content/drive/MyDrive/Capstone/AMA/attn_0320.json
"**Recommendation:** Metal Detector
**Explanation:** The humid and sandy soil is conducive to metal detector use. The presence of an M14 anti-personnel mine, a metallic object, suggests a higher probability of detection with a metal detector compared to GPR.",/content/drive/MyDrive/Capstone/AMA/attn_0321.json
"**Recommendation:** Metal Detector
**Explanation:** The humid and sandy soil will significantly impair the performance of GPR. Detecting metallic components, such as the mine, is best done with a metal detector in this environment, and the shallow depth adds to the suitability of this sensor.",/content/drive/MyDrive/Capstone/AMA/attn_0322.json
"**Recommendation:** Ground Penetrating Radar (GPR)
**Explanation:** The soil is humid and sandy, which offers decent radar penetration. Considering the presence of an M14 anti-personnel mine, the metallic nature of the mine is likely significant. GPR is better equipped to image the mine's subsurface location than a metal detector that will struggle in the damp conditions.",/content/drive/MyDrive/Capstone/AMA/attn_0323.json
"**Recommendation:** Metal Detector
**Explanation:** The dry soil type and the metallic nature of the M14 mine suggest that a metal detector would be effective in locating the mine's remnants. While GPR could reveal the broader subsurface profile, a metal detector is the more direct method for finding the target.",/content/drive/MyDrive/Capstone/AMA/attn_0324.json
"**Recommendation:** Ground Penetrating Radar (GPR)
**Explanation:** The dry soil with some humus content indicates good penetration for GPR, allowing for a detailed subsurface survey. While the M14 mine suggests metallic content, GPR will provide a broader image of the subsurface structures and potential buried objects. --- Voltage: 0.104931906 V, Height: 0.531253125 cm, Soil Type: Sandy Mine Type: Small Scrap Iron Begin reasoning now: The soil is sandy, known for good radar penetration. The mine",/content/drive/MyDrive/Capstone/AMA/attn_0325.json
"**Recommendation:** Metal Detector
**Explanation:** Given the humid, humus-rich soil and the presence of a metallic mine, a metal detector is the most suitable sensor. Radar penetration would be significantly hindered by these soil conditions, while a metal detector will be able to detect the metallic components of the mine.",/content/drive/MyDrive/Capstone/AMA/attn_0326.json
"**Recommendation:** Ground Penetrating Radar (GPR)
**Explanation:** The humid soil combined with humus would significantly weaken the signal of a metal detector, making it unreliable. Given the presence of an anti-personnel mine, a GPR survey would be much more effective at detecting underground anomalies and mapping the mine's possible location and surrounding area, despite the challenging soil conditions.",/content/drive/MyDrive/Capstone/AMA/attn_0327.json
"**Recommendation:** Metal Detector
**Explanation:** The soil conditions are highly unfavorable for GPR, while the mine type indicates a high likelihood of metallic content. A metal detector is more likely to detect the mine’s metal components amidst the dampened terrain.",/content/drive/MyDrive/Capstone/AMA/attn_0328.json
"**Recommendation:** Ground Penetrating Radar (GPR)
**Explanation:** The humid soil and the presence of humus will significantly attenuate radio waves used by a metal detector. Ground penetrating radar can penetrate deeper into the soil and provide a more detailed image of the subsurface, which is crucial for identifying buried objects like the mine, regardless of their composition.",/content/drive/MyDrive/Capstone/AMA/attn_0329.json
"**Recommendation:** Ground Penetrating Radar (GPR)
**Explanation:** The dry, limy soil will allow for good radar penetration, which is ideal for detecting the metallic content of the M14 anti-personnel mine. While a metal detector could initially identify the mine, GPR will provide a much more detailed subsurface map, revealing the mine’s location and potentially related structures or disturbances.",/content/drive/MyDrive/Capstone/AMA/attn_0330.json
"**Recommendation:** Ground Penetrating Radar (GPR)
**Explanation:** Given the dry, limy soil and the presence of a metal mine, GPR is the most appropriate choice. GPR will be able to detect any buried objects and give detail on their position beneath the surface, as compared to metal detector which has limited range and depth.",/content/drive/MyDrive/Capstone/AMA/attn_0331.json
"**Recommendation:** Ground Penetrating Radar (GPR)
**Explanation:** Given the depth and the dry soil conditions, GPR is the better choice to investigate deeper underground structures. The mine type indicates potential metallic anomalies that require detailed imaging, which GPR can provide.",/content/drive/MyDrive/Capstone/AMA/attn_0332.json
"**Recommendation:** Metal Detector
**Explanation:** Given the low voltage and dry, limy soil, a metal detector should be the initial choice to quickly identify the potential metallic presence of the anti-personnel mine. GPR might be less effective in these conditions, and more sophisticated analysis should follow if the metal detector yields no results.",/content/drive/MyDrive/Capstone/AMA/attn_0333.json
"**Recommendation:** Ground Penetrating Radar (GPR)
**Explanation:** The humid and limy soil will attenuate radar signals, but GPR is still the better choice here. The presence of an M14 anti-personnel mine strongly suggests a metallic component and increased depth, making GPR's ability to image subsurface structures more likely to succeed where a metal detector would fail. A metal detector will be hampered by the wet soil conditions, meaning GPR is needed to give a broader, deeper view.",/content/drive/MyDrive/Capstone/AMA/attn_0334.json
"**Recommendation:** Metal Detector
**Explanation:** Given the presence of a suspected mine and the soil conditions, a metal detector would be most effective in quickly identifying any metallic components of the mine. The humid and limy soil might inhibit GPR penetration, making the metal detector a more suitable initial tool.",/content/drive/MyDrive/Capstone/AMA/attn_0335.json
"**Recommendation:** Metal Detector
**Explanation:** The presence of a metal mine at a shallow depth makes a metal detector the most appropriate choice. GPR might struggle in the humid, limy soil, while a metal detector can effectively identify the metallic component.",/content/drive/MyDrive/Capstone/AMA/attn_0336.json
"**Recommendation:** Ground Penetrating Radar (GPR)
**Explanation:** The humid and limy soil will severely limit the performance of a metal detector. GPR is better suited for these conditions to penetrate and image the subsurface, increasing the chances of locating the mine’s metallic signature despite the difficult soil.",/content/drive/MyDrive/Capstone/AMA/attn_0337.json
