full_response,attention_file
"You are a sensor expert. Given the following situation:
Context: Voltage: 0.338156758 V, Height: 0 cm, Soil Type: Dry and Sandy
Target: Land mine Mine Type: NA

Recommend the most appropriate type of sensor to detect the target and briefly explain why. Be concise.

**Recommendation:**
VLF (Very Low Frequency) Metal Detector
**Explanation:**
VLF detectors are effective at detecting the metallic signature of landmines, particularly those containing iron or steel. The dry and sandy soil is not ideal for ground penetrating radar, and the low voltage suggests a lack of electrical activity, making other sensors less suitable.",/content/drive/MyDrive/Capstone/Output/2025-10-28_18-12-21/attentions/attn_0000.json
"You are a sensor expert. Given the following situation:
Context: Voltage: 0.320241334 V, Height: 0.181818182 cm, Soil Type: Dry and Sandy
Target: Land mine Mine Type: NA

Recommend the most appropriate type of sensor to detect the target and briefly explain why. Be concise.

**Recommendation: Ground Penetrating Radar (GPR)**

**Explanation:** Given the dry, sandy soil conditions and the target being a landmine, GPR is ideal. It can penetrate the soil to detect buried objects without excavation, crucial for safety and efficiency.",/content/drive/MyDrive/Capstone/Output/2025-10-28_18-12-21/attentions/attn_0001.json
"You are a sensor expert. Given the following situation:
Context: Voltage: 0.28700875 V, Height: 0.272727273 cm, Soil Type: Dry and Sandy
Target: Land mine Mine Type: NA

Recommend the most appropriate type of sensor to detect the target and briefly explain why. Be concise.

**Recommendation:** Ground Penetrating Radar (GPR)

**Explanation:** The dry and sandy soil suggests a high degree of attenuation of electromagnetic signals, making it difficult for traditional sensors like metal detectors to function effectively. GPR uses radar pulses to image subsurface features, bypassing soil limitations and directly detecting the presence of a land mine.",/content/drive/MyDrive/Capstone/Output/2025-10-28_18-12-21/attentions/attn_0002.json
"You are a sensor expert. Given the following situation:
Context: Voltage: 0.256283622 V, Height: 0.454545455 cm, Soil Type: Dry and Sandy
Target: Land mine Mine Type: NA

Recommend the most appropriate type of sensor to detect the target and briefly explain why. Be concise.

**Recommendation:** Ground Penetrating Radar (GPR)

**Explanation:** The soil type (dry and sandy) is ideal for GPR. It can penetrate the surface to detect metallic objects like landmines without disturbance.",/content/drive/MyDrive/Capstone/Output/2025-10-28_18-12-21/attentions/attn_0003.json
"You are a sensor expert. Given the following situation:
Context: Voltage: 0.262839599 V, Height: 0.545454545 cm, Soil Type: Dry and Sandy
Target: Land mine Mine Type: NA

Recommend the most appropriate type of sensor to detect the target and briefly explain why. Be concise.

**Recommendation:**
Ground Penetrating Radar (GPR)
**Explanation:**
GPR can effectively detect buried objects like landmines by analyzing subsurface electromagnetic signals. The dry and sandy soil is ideal for GPR penetration, and the voltage reading can be used to calibrate the system for optimal performance.",/content/drive/MyDrive/Capstone/Output/2025-10-28_18-12-21/attentions/attn_0004.json
"You are a sensor expert. Given the following situation:
Context: Voltage: 0.240966463 V, Height: 0.727272727 cm, Soil Type: Dry and Sandy
Target: Land mine Mine Type: NA

Recommend the most appropriate type of sensor to detect the target and briefly explain why. Be concise.

**Recommendation:**

Metal detector.

**Explanation:**

Landmines are typically metallic. A metal detector would be the most effective sensor to identify and locate them based on the provided context of a dry and sandy soil, which could potentially interfere with other detection methods.",/content/drive/MyDrive/Capstone/Output/2025-10-28_18-12-21/attentions/attn_0005.json
"You are a sensor expert. Given the following situation:
Context: Voltage: 0.254410486 V, Height: 0.818181818 cm, Soil Type: Dry and Sandy
Target: Land mine Mine Type: NA

Recommend the most appropriate type of sensor to detect the target and briefly explain why. Be concise.

**Recommendation:**
Ground Penetrating Radar (GPR)

**Explanation:**
GPR is best suited for detecting buried objects like land mines, as it can penetrate the ground and create an image of the subsurface without excavation. The dry and sandy soil type is ideal for GPR, as it has lower conductivity, providing better signal penetration.",/content/drive/MyDrive/Capstone/Output/2025-10-28_18-12-21/attentions/attn_0006.json
"You are a sensor expert. Given the following situation:
Context: Voltage: 0.234924175 V, Height: 1 cm, Soil Type: Dry and Sandy
Target: Land mine Mine Type: NA

Recommend the most appropriate type of sensor to detect the target and briefly explain why. Be concise.

**Recommendation:**
Ground Penetrating Radar (GPR)

**Explanation:**
GPR is ideal for detecting buried objects like landmines, especially in dry, sandy soil. It transmits radar pulses into the ground and analyzes the reflected signals to create an image of the subsurface, revealing the presence of metallic objects.",/content/drive/MyDrive/Capstone/Output/2025-10-28_18-12-21/attentions/attn_0007.json
"You are a sensor expert. Given the following situation:
Context: Voltage: 0.353473918 V, Height: 0 cm, Soil Type: Humid and Sandy
Target: Land mine Mine Type: NA

Recommend the most appropriate type of sensor to detect the target and briefly explain why. Be concise.

**Recommendation:**
Ground Penetrating Radar (GPR)

**Explanation:**
GPR is ideal for detecting buried objects like landmines, especially in heterogeneous soil conditions like humid and sandy. It sends radar pulses into the ground and analyzes the reflected signals to create an image of the subsurface, effectively bypassing the need for direct contact with the soil.",/content/drive/MyDrive/Capstone/Output/2025-10-28_18-12-21/attentions/attn_0008.json
"You are a sensor expert. Given the following situation:
Context: Voltage: 0.335347054 V, Height: 0.181818182 cm, Soil Type: Humid and Sandy
Target: Land mine Mine Type: NA

Recommend the most appropriate type of sensor to detect the target and briefly explain why. Be concise.

Sensor Recommendation: Ground Penetrating Radar (GPR)
Explanation: GPR is best suited for detecting buried objects like landmines, as it transmits radio waves into the ground and analyzes the reflected signals to map subsurface structures. The soil type (humid and sandy) is suitable for GPR operation.",/content/drive/MyDrive/Capstone/Output/2025-10-28_18-12-21/attentions/attn_0009.json
"You are a sensor expert. Given the following situation:
Context: Voltage: 0.335347054 V, Height: 0.272727273 cm, Soil Type: Humid and Sandy
Target: Land mine Mine Type: NA

Recommend the most appropriate type of sensor to detect the target and briefly explain why. Be concise.

Sensor Recommendation: Ground Penetrating Radar (GPR)
Explanation: GPR is ideal for detecting buried objects like landmines, as it transmits radar pulses into the ground and analyzes the reflected signals to create an image of the subsurface. The soil type (humid and sandy) is suitable for GPR operation.",/content/drive/MyDrive/Capstone/Output/2025-10-28_18-12-21/attentions/attn_0010.json
"You are a sensor expert. Given the following situation:
Context: Voltage: 0.330029894 V, Height: 0.454545455 cm, Soil Type: Humid and Sandy
Target: Land mine Mine Type: NA

Recommend the most appropriate type of sensor to detect the target and briefly explain why. Be concise.

Sensor Recommendation: Ground Penetrating Radar (GPR)

Explanation: The combination of humid and sandy soil suggests potential subsurface anomalies. GPR can effectively image the soil profile and identify buried objects like landmines, which are typically metallic.",/content/drive/MyDrive/Capstone/Output/2025-10-28_18-12-21/attentions/attn_0011.json
"You are a sensor expert. Given the following situation:
Context: Voltage: 0.335347054 V, Height: 0.545454545 cm, Soil Type: Humid and Sandy
Target: Land mine Mine Type: NA

Recommend the most appropriate type of sensor to detect the target and briefly explain why. Be concise.

**Recommendation:**
Ground Penetrating Radar (GPR)

**Explanation:**
GPR is ideal for detecting buried objects like landmines, as it transmits radar pulses into the ground and analyzes the reflected signals to create an image of subsurface features. The soil type (humid and sandy) is suitable for GPR operation.",/content/drive/MyDrive/Capstone/Output/2025-10-28_18-12-21/attentions/attn_0012.json
"You are a sensor expert. Given the following situation:
Context: Voltage: 0.305135614 V, Height: 0.727272727 cm, Soil Type: Humid and Sandy
Target: Land mine Mine Type: NA

Recommend the most appropriate type of sensor to detect the target and briefly explain why. Be concise.

**Recommendation:**
Ground Penetrating Radar (GPR)

**Explanation:**
GPR is ideal for detecting buried objects like landmines, as it utilizes radar pulses to image the subsurface, effectively bypassing the soil's surface properties and revealing the object's presence.",/content/drive/MyDrive/Capstone/Output/2025-10-28_18-12-21/attentions/attn_0013.json
"You are a sensor expert. Given the following situation:
Context: Voltage: 0.256283622 V, Height: 0.818181818 cm, Soil Type: Humid and Sandy
Target: Land mine Mine Type: NA

Recommend the most appropriate type of sensor to detect the target and briefly explain why. Be concise.

**Recommendation:** Ground Penetrating Radar (GPR)

**Explanation:** The soil type (humid and sandy) can significantly affect the performance of other sensors like metal detectors. GPR is ideal for detecting buried objects like landmines by sending radar pulses into the ground and analyzing the reflected signals.",/content/drive/MyDrive/Capstone/Output/2025-10-28_18-12-21/attentions/attn_0014.json
"You are a sensor expert. Given the following situation:
Context: Voltage: 0.235649303 V, Height: 1 cm, Soil Type: Humid and Sandy
Target: Land mine Mine Type: NA

Recommend the most appropriate type of sensor to detect the target and briefly explain why. Be concise.

**Recommendation:**
Ground Penetrating Radar (GPR)

**Explanation:**
GPR is ideal for detecting buried objects like landmines, especially in heterogeneous soil conditions like humid and sandy. It transmits radio waves into the ground and analyzes the reflected signals to create a subsurface image, effectively bypassing surface limitations and soil variability.",/content/drive/MyDrive/Capstone/Output/2025-10-28_18-12-21/attentions/attn_0015.json
"You are a sensor expert. Given the following situation:
Context: Voltage: 0.315347054 V, Height: 0 cm, Soil Type: Dry and Humus
Target: Land mine Mine Type: NA

Recommend the most appropriate type of sensor to detect the target and briefly explain why. Be concise.

**Recommendation:** Ground Penetrating Radar (GPR)

**Explanation:** GPR can effectively detect buried objects like landmines by analyzing subsurface anomalies caused by their presence. It's particularly useful in dry and humus soils, which can attenuate electromagnetic signals for other sensor types.",/content/drive/MyDrive/Capstone/Output/2025-10-28_18-12-21/attentions/attn_0016.json
"You are a sensor expert. Given the following situation:
Context: Voltage: 0.283987607 V, Height: 0.181818182 cm, Soil Type: Dry and Humus
Target: Land mine Mine Type: NA

Recommend the most appropriate type of sensor to detect the target and briefly explain why. Be concise.

**Recommendation:** Ground Penetrating Radar (GPR)

**Explanation:** Given the soil type (dry and humus) and the target (land mine), traditional sensors like metal detectors may be ineffective due to the soil's composition. GPR can penetrate the soil to detect anomalies indicative of buried landmines, regardless of their metallic content.",/content/drive/MyDrive/Capstone/Output/2025-10-28_18-12-21/attentions/attn_0017.json
"You are a sensor expert. Given the following situation:
Context: Voltage: 0.303262478 V, Height: 0.272727273 cm, Soil Type: Dry and Humus
Target: Land mine Mine Type: NA

Recommend the most appropriate type of sensor to detect the target and briefly explain why. Be concise.

**Recommendation:**
Ground Penetrating Radar (GPR)

**Explanation:**
GPR is ideal for detecting buried objects like landmines without disturbing the soil. It transmits radar pulses into the ground and analyzes the reflected signals to identify anomalies indicative of metallic landmines.",/content/drive/MyDrive/Capstone/Output/2025-10-28_18-12-21/attentions/attn_0018.json
"You are a sensor expert. Given the following situation:
Context: Voltage: 0.274924175 V, Height: 0.454545455 cm, Soil Type: Dry and Humus
Target: Land mine Mine Type: NA

Recommend the most appropriate type of sensor to detect the target and briefly explain why. Be concise.

**Recommendation:**

A Ground Penetrating Radar (GPR) sensor is the most appropriate choice. 

**Explanation:**

GPR can detect buried objects like landmines by emitting radio waves into the ground and analyzing the reflected signals. The soil type (Dry and Humus) is suitable for GPR operation, and the voltage (0.274924175 V) suggests a relatively low-level signal, which is common with GPR.  Height data",/content/drive/MyDrive/Capstone/Output/2025-10-28_18-12-21/attentions/attn_0019.json
"You are a sensor expert. Given the following situation:
Context: Voltage: 0.260029894 V, Height: 0.545454545 cm, Soil Type: Dry and Humus
Target: Land mine Mine Type: NA

Recommend the most appropriate type of sensor to detect the target and briefly explain why. Be concise.

**Recommendation:**
A metal detector is the most appropriate sensor for detecting land mines. Land mines are typically made of metal, and a metal detector can identify the presence of metallic objects buried in the soil. The voltage and height readings provide additional context for the soil condition, but are not directly relevant to mine detection.",/content/drive/MyDrive/Capstone/Output/2025-10-28_18-12-21/attentions/attn_0020.json
"You are a sensor expert. Given the following situation:
Context: Voltage: 0.259818455 V, Height: 0.727272727 cm, Soil Type: Dry and Humus
Target: Land mine Mine Type: NA

Recommend the most appropriate type of sensor to detect the target and briefly explain why. Be concise.

Sensor: Ground Penetrating Radar (GPR)
Explanation: GPR can penetrate the soil to detect anomalies in the subsurface that might indicate the presence of a land mine, providing a non-destructive method for detection.",/content/drive/MyDrive/Capstone/Output/2025-10-28_18-12-21/attentions/attn_0021.json
"You are a sensor expert. Given the following situation:
Context: Voltage: 0.283987607 V, Height: 0.818181818 cm, Soil Type: Dry and Humus
Target: Land mine Mine Type: NA

Recommend the most appropriate type of sensor to detect the target and briefly explain why. Be concise.

**Recommendation:**
Ground-Penetrating Radar (GPR)

**Explanation:**
GPR is ideal for detecting buried objects like landmines, which are often concealed beneath the soil surface. It transmits radio waves into the ground and analyzes the reflected signals to create an image of the subsurface, effectively mapping the location of the mine.",/content/drive/MyDrive/Capstone/Output/2025-10-28_18-12-21/attentions/attn_0022.json
"You are a sensor expert. Given the following situation:
Context: Voltage: 0.265860743 V, Height: 1 cm, Soil Type: Dry and Humus
Target: Land mine Mine Type: NA

Recommend the most appropriate type of sensor to detect the target and briefly explain why. Be concise.

**Recommendation:**
Ground Penetrating Radar (GPR)

**Explanation:**
GPR is best suited for detecting buried objects like landmines without disturbing the soil. It analyzes subsurface anomalies related to the mine's presence.",/content/drive/MyDrive/Capstone/Output/2025-10-28_18-12-21/attentions/attn_0023.json
"You are a sensor expert. Given the following situation:
Context: Voltage: 0.323051038 V, Height: 0 cm, Soil Type: Humid and Humus
Target: Land mine Mine Type: NA

Recommend the most appropriate type of sensor to detect the target and briefly explain why. Be concise.

Sensor Type: Metal Detector
Explanation: Landmines are metallic objects. A metal detector will be able to detect the presence of the metal.",/content/drive/MyDrive/Capstone/Output/2025-10-28_18-12-21/attentions/attn_0024.json
"You are a sensor expert. Given the following situation:
Context: Voltage: 0.305135614 V, Height: 0.181818182 cm, Soil Type: Humid and Humus
Target: Land mine Mine Type: NA

Recommend the most appropriate type of sensor to detect the target and briefly explain why. Be concise.

**Recommendation:**
Ground Penetrating Radar (GPR)

**Explanation:**
GPR is best suited for detecting buried objects like landmines, as it can penetrate the soil and identify anomalies in the subsurface. The soil type (humid and humus) is suitable for GPR operation.",/content/drive/MyDrive/Capstone/Output/2025-10-28_18-12-21/attentions/attn_0025.json
"You are a sensor expert. Given the following situation:
Context: Voltage: 0.314199046 V, Height: 0.272727273 cm, Soil Type: Humid and Humus
Target: Land mine Mine Type: NA

Recommend the most appropriate type of sensor to detect the target and briefly explain why. Be concise.

**Recommendation:** Ground Penetrating Radar (GPR)

**Explanation:** The soil type (humid and humus) can significantly affect the performance of other sensors like metal detectors. GPR can penetrate the soil and detect anomalies indicative of a buried landmine, regardless of its material composition.",/content/drive/MyDrive/Capstone/Output/2025-10-28_18-12-21/attentions/attn_0026.json
"You are a sensor expert. Given the following situation:
Context: Voltage: 0.30211447 V, Height: 0.454545455 cm, Soil Type: Humid and Humus
Target: Land mine Mine Type: NA

Recommend the most appropriate type of sensor to detect the target and briefly explain why. Be concise.

**Recommendation:**
Ground Penetrating Radar (GPR)

**Explanation:**
GPR is ideal for detecting buried objects like landmines, as it transmits radar pulses into the ground and analyzes the reflected signals to map subsurface features. The soil type (humid and humus) is suitable for GPR operation.",/content/drive/MyDrive/Capstone/Output/2025-10-28_18-12-21/attentions/attn_0027.json
"You are a sensor expert. Given the following situation:
Context: Voltage: 0.323262478 V, Height: 0.545454545 cm, Soil Type: Humid and Humus
Target: Land mine Mine Type: NA

Recommend the most appropriate type of sensor to detect the target and briefly explain why. Be concise.

**Recommendation:**
Ground Penetrating Radar (GPR)

**Explanation:**
GPR is ideal for detecting buried objects like landmines, as it can penetrate the soil and identify changes in soil composition and density caused by the mine's presence. The soil type information (Humid and Humus) is beneficial for GPR signal interpretation.",/content/drive/MyDrive/Capstone/Output/2025-10-28_18-12-21/attentions/attn_0028.json
"You are a sensor expert. Given the following situation:
Context: Voltage: 0.314199046 V, Height: 0.727272727 cm, Soil Type: Humid and Humus
Target: Land mine Mine Type: NA

Recommend the most appropriate type of sensor to detect the target and briefly explain why. Be concise.

**Recommendation:**
Ground Penetrating Radar (GPR)

**Explanation:**
GPR is ideal for detecting buried objects like landmines without disturbing the soil. It transmits radar pulses into the ground and analyzes the reflected signals to create an image of the subsurface, effectively revealing the presence of the mine.",/content/drive/MyDrive/Capstone/Output/2025-10-28_18-12-21/attentions/attn_0029.json
"You are a sensor expert. Given the following situation:
Context: Voltage: 0.323262478 V, Height: 0.818181818 cm, Soil Type: Humid and Humus
Target: Land mine Mine Type: NA

Recommend the most appropriate type of sensor to detect the target and briefly explain why. Be concise.

**Recommendation:**
Ground Penetrating Radar (GPR)

**Explanation:**
GPR is ideal for detecting buried objects like land mines without disturbing the soil. It sends radar pulses into the ground and analyzes the reflected signals to create an image of the subsurface, revealing the presence of mines.",/content/drive/MyDrive/Capstone/Output/2025-10-28_18-12-21/attentions/attn_0030.json
"You are a sensor expert. Given the following situation:
Context: Voltage: 0.274199046 V, Height: 1 cm, Soil Type: Humid and Humus
Target: Land mine Mine Type: NA

Recommend the most appropriate type of sensor to detect the target and briefly explain why. Be concise.

**Recommendation:**
Ground Penetrating Radar (GPR)

**Explanation:**
GPR can effectively detect buried objects like landmines by sending radar pulses into the ground and analyzing the reflected signals. The soil type (humid and humus) is suitable for GPR operation, and the low voltage reading (0.274 V) doesn't significantly impact the sensor's ability to detect subsurface anomalies.",/content/drive/MyDrive/Capstone/Output/2025-10-28_18-12-21/attentions/attn_0031.json
"You are a sensor expert. Given the following situation:
Context: Voltage: 0.34743163 V, Height: 0 cm, Soil Type: Dry and Limy
Target: Land mine Mine Type: NA

Recommend the most appropriate type of sensor to detect the target and briefly explain why. Be concise.

**Recommendation:**
VLF (Very Low Frequency) Metal Detector.

**Explanation:**
VLF detectors are well-suited for detecting the metallic content of landmines, which typically have a ferrous core. They are also effective in dry and limy soils.",/content/drive/MyDrive/Capstone/Output/2025-10-28_18-12-21/attentions/attn_0032.json
"You are a sensor expert. Given the following situation:
Context: Voltage: 0.341691591 V, Height: 0.181818182 cm, Soil Type: Dry and Limy
Target: Land mine Mine Type: NA

Recommend the most appropriate type of sensor to detect the target and briefly explain why. Be concise.

**Recommendation: Ground Penetrating Radar (GPR)**

**Explanation:** Given the dry and limy soil type and the presence of a land mine, a GPR is ideal.  It can penetrate the soil to detect metallic objects buried beneath the surface, which is the typical composition of land mines. The voltage and height readings are not directly relevant to mine detection.",/content/drive/MyDrive/Capstone/Output/2025-10-28_18-12-21/attentions/attn_0033.json
"You are a sensor expert. Given the following situation:
Context: Voltage: 0.296072182 V, Height: 0.272727273 cm, Soil Type: Dry and Limy
Target: Land mine Mine Type: NA

Recommend the most appropriate type of sensor to detect the target and briefly explain why. Be concise.

**Recommendation:**
Ground Penetrating Radar (GPR)

**Explanation:**
GPR is ideal for detecting buried objects like land mines, as it transmits electromagnetic waves into the ground and analyzes the reflected signals to map subsurface structures. The soil type (Dry and Limy) is not a major impediment to GPR operation.",/content/drive/MyDrive/Capstone/Output/2025-10-28_18-12-21/attentions/attn_0034.json
"You are a sensor expert. Given the following situation:
Context: Voltage: 0.310398761 V, Height: 0.454545455 cm, Soil Type: Dry and Limy
Target: Land mine Mine Type: NA

Recommend the most appropriate type of sensor to detect the target and briefly explain why. Be concise.

**Recommendation:**
Ground Penetrating Radar (GPR)

**Explanation:**
GPR is ideal for detecting buried objects like land mines, as it transmits radio waves into the ground and analyzes the reflected signals to map subsurface anomalies. The soil type (Dry and Limy) is not a major impediment, and the voltage (0.310398761 V) is irrelevant for this type of sensor.",/content/drive/MyDrive/Capstone/Output/2025-10-28_18-12-21/attentions/attn_0035.json
"You are a sensor expert. Given the following situation:
Context: Voltage: 0.296072182 V, Height: 0.545454545 cm, Soil Type: Dry and Limy
Target: Land mine Mine Type: NA

Recommend the most appropriate type of sensor to detect the target and briefly explain why. Be concise.
**Recommendation:**

A **capacitive soil moisture sensor** would be most appropriate. 

**Reasoning:**

Landmines are often buried in dry, compact soil. A capacitive sensor can detect subtle changes in soil capacitance caused by moisture levels, providing an indication of potential burial depth and soil conditions. The ""Dry and Limy"" soil type further supports this choice as it's likely compacted, impacting the sensor's readings.",/content/drive/MyDrive/Capstone/Output/2025-10-28_18-12-21/attentions/attn_0036.json
"You are a sensor expert. Given the following situation:
Context: Voltage: 0.31743163 V, Height: 0.727272727 cm, Soil Type: Dry and Limy
Target: Land mine Mine Type: NA

Recommend the most appropriate type of sensor to detect the target and briefly explain why. Be concise.

**Recommendation:**
Ground Penetrating Radar (GPR)

**Explanation:**
GPR is ideal for detecting buried objects like landmines, as it transmits radar pulses into the ground and analyzes the reflected signals to identify anomalies caused by the mine's presence. The soil type (dry and limy) is suitable for GPR operation.",/content/drive/MyDrive/Capstone/Output/2025-10-28_18-12-21/attentions/attn_0037.json
"You are a sensor expert. Given the following situation:
Context: Voltage: 0.329304766 V, Height: 0.818181818 cm, Soil Type: Dry and Limy
Target: Land mine Mine Type: NA

Recommend the most appropriate type of sensor to detect the target and briefly explain why. Be concise.

**Recommendation:**
Ground Penetrating Radar (GPR)
**Explanation:**
GPR is best suited for detecting buried objects like landmines without disturbing the soil. The dry and limy soil type is suitable for GPR operation.",/content/drive/MyDrive/Capstone/Output/2025-10-28_18-12-21/attentions/attn_0038.json
"You are a sensor expert. Given the following situation:
Context: Voltage: 0.308156758 V, Height: 1 cm, Soil Type: Dry and Limy
Target: Land mine Mine Type: NA

Recommend the most appropriate type of sensor to detect the target and briefly explain why. Be concise.

**Recommendation:**
Ground Penetrating Radar (GPR)

**Explanation:**
GPR is ideal for detecting buried objects like landmines without disturbing the soil. It transmits radar pulses into the ground, and the reflections from the mine's metallic structure are detected, providing a precise location.",/content/drive/MyDrive/Capstone/Output/2025-10-28_18-12-21/attentions/attn_0039.json
"You are a sensor expert. Given the following situation:
Context: Voltage: 0.338368198 V, Height: 0 cm, Soil Type: Humid and Limy
Target: Land mine Mine Type: NA

Recommend the most appropriate type of sensor to detect the target and briefly explain why. Be concise.

**Recommendation:**
Ground-Penetrating Radar (GPR)
**Explanation:**
GPR is ideal for detecting buried objects like landmines, as it transmits radar pulses into the ground and analyzes the reflected signals to create an image of the subsurface. The soil type and voltage reading are not particularly relevant for GPR operation.",/content/drive/MyDrive/Capstone/Output/2025-10-28_18-12-21/attentions/attn_0040.json
"You are a sensor expert. Given the following situation:
Context: Voltage: 0.295014984 V, Height: 0.181818182 cm, Soil Type: Humid and Limy
Target: Land mine Mine Type: NA

Recommend the most appropriate type of sensor to detect the target and briefly explain why. Be concise.

**Recommendation:**
Vibroacoustic sensor.

**Explanation:**
Landmines often emit faint vibrations due to their mechanical components or the surrounding ground movement. Vibroacoustic sensors are sensitive to these subtle vibrations, making them suitable for detecting the presence of a landmine.",/content/drive/MyDrive/Capstone/Output/2025-10-28_18-12-21/attentions/attn_0041.json
"You are a sensor expert. Given the following situation:
Context: Voltage: 0.27199384 V, Height: 0.272727273 cm, Soil Type: Humid and Limy
Target: Land mine Mine Type: NA

Recommend the most appropriate type of sensor to detect the target and briefly explain why. Be concise.

**Recommendation:**
Ground Penetrating Radar (GPR)

**Explanation:**
GPR is best suited for detecting buried objects like landmines, as it transmits radar pulses into the ground and analyzes the reflected signals to create an image of the subsurface. The soil type (humid and limy) is generally suitable for GPR operation.",/content/drive/MyDrive/Capstone/Output/2025-10-28_18-12-21/attentions/attn_0042.json
"You are a sensor expert. Given the following situation:
Context: Voltage: 0.271903031 V, Height: 0.454545455 cm, Soil Type: Humid and Limy
Target: Land mine Mine Type: NA

Recommend the most appropriate type of sensor to detect the target and briefly explain why. Be concise.

**Recommendation:**
Ground Penetrating Radar (GPR)

**Explanation:**
GPR is ideal for detecting buried objects like landmines without disturbing the soil. It uses radar pulses to image the subsurface, effectively identifying the presence and location of the target.",/content/drive/MyDrive/Capstone/Output/2025-10-28_18-12-21/attentions/attn_0043.json
"You are a sensor expert. Given the following situation:
Context: Voltage: 0.29220528 V, Height: 0.545454545 cm, Soil Type: Humid and Limy
Target: Land mine Mine Type: NA

Recommend the most appropriate type of sensor to detect the target and briefly explain why. Be concise.

**Recommendation:**
Ground Penetrating Radar (GPR)

**Explanation:**
GPR can effectively detect buried objects like landmines by transmitting radar pulses into the ground and analyzing the reflected signals. The soil type (humid and limy) is suitable for GPR operation.",/content/drive/MyDrive/Capstone/Output/2025-10-28_18-12-21/attentions/attn_0044.json
"You are a sensor expert. Given the following situation:
Context: Voltage: 0.285347054 V, Height: 0.727272727 cm, Soil Type: Humid and Limy
Target: Land mine Mine Type: NA

Recommend the most appropriate type of sensor to detect the target and briefly explain why. Be concise.

**Recommendation:**
Ground Penetrating Radar (GPR)

**Explanation:**
GPR is ideal for detecting buried objects like landmines, which are often hidden beneath the soil surface. It transmits radar pulses into the ground and analyzes the reflected signals to create a subsurface image, revealing the location of the mine. The soil type (humid and limy) is not a significant factor for GPR's performance.",/content/drive/MyDrive/Capstone/Output/2025-10-28_18-12-21/attentions/attn_0045.json
"You are a sensor expert. Given the following situation:
Context: Voltage: 0.30211447 V, Height: 0.909090909 cm, Soil Type: Humid and Limy
Target: Land mine Mine Type: NA

Recommend the most appropriate type of sensor to detect the target and briefly explain why. Be concise.
**Recommendation:**

**Ground Penetrating Radar (GPR)**

**Explanation:**

GPR is ideal for detecting buried objects like landmines, as it transmits radio waves into the ground and analyzes the reflected signals to map subsurface anomalies. The soil type (humid and limy) is suitable for GPR operation.",/content/drive/MyDrive/Capstone/Output/2025-10-28_18-12-21/attentions/attn_0046.json
"You are a sensor expert. Given the following situation:
Context: Voltage: 0.999998728 V, Height: 0 cm, Soil Type: Dry and Sandy
Target: Land mine Mine Type: Anti-Tank

Recommend the most appropriate type of sensor to detect the target and briefly explain why. Be concise.

**Recommendation:**
Ground Penetrating Radar (GPR)

**Explanation:**
GPR is ideal for detecting buried objects like landmines without disturbing the ground. It uses radar pulses to image the subsurface, effectively mapping the terrain and identifying metallic objects like anti-tank mines.",/content/drive/MyDrive/Capstone/Output/2025-10-28_18-12-21/attentions/attn_0047.json
"You are a sensor expert. Given the following situation:
Context: Voltage: 0.999998728 V, Height: 0.090909091 cm, Soil Type: Dry and Sandy
Target: Land mine Mine Type: Anti-Tank

Recommend the most appropriate type of sensor to detect the target and briefly explain why. Be concise.

**Recommendation:**
Ground Penetrating Radar (GPR)

**Explanation:**
GPR is ideal for detecting buried objects like landmines, particularly in sandy soil. It transmits radar pulses into the ground and analyzes the reflected signals to create an image of subsurface features. The dry, sandy soil is conducive to GPR signal propagation.",/content/drive/MyDrive/Capstone/Output/2025-10-28_18-12-21/attentions/attn_0048.json
"You are a sensor expert. Given the following situation:
Context: Voltage: 0.999998728 V, Height: 0.272727273 cm, Soil Type: Dry and Sandy
Target: Land mine Mine Type: Anti-Tank

Recommend the most appropriate type of sensor to detect the target and briefly explain why. Be concise.

**Recommendation:**
Ground Penetrating Radar (GPR)

**Explanation:**
GPR is ideal for detecting buried objects like landmines, especially in sandy soil. It transmits radio waves into the ground and analyzes the reflected signals to create a subsurface image, revealing the presence and location of the mine without excavation.",/content/drive/MyDrive/Capstone/Output/2025-10-28_18-12-21/attentions/attn_0049.json
"You are a sensor expert. Given the following situation:
Context: Voltage: 0.906343265 V, Height: 0.363636364 cm, Soil Type: Dry and Sandy
Target: Land mine Mine Type: Anti-Tank

Recommend the most appropriate type of sensor to detect the target and briefly explain why. Be concise.

**Recommendation:**
Ground Penetrating Radar (GPR)

**Explanation:**
GPR is ideal for detecting buried objects like landmines, especially in dry, sandy soil which can attenuate electromagnetic waves. The voltage reading suggests a potentially low signal, further reinforcing the need for a more sophisticated technique.",/content/drive/MyDrive/Capstone/Output/2025-10-28_18-12-21/attentions/attn_0050.json
"You are a sensor expert. Given the following situation:
Context: Voltage: 0.658609459 V, Height: 0.545454545 cm, Soil Type: Dry and Sandy
Target: Land mine Mine Type: Anti-Tank

Recommend the most appropriate type of sensor to detect the target and briefly explain why. Be concise.

Recommendation: Ground Penetrating Radar (GPR)

Explanation: GPR can effectively detect buried metallic objects like anti-tank landmines, especially in sandy soil conditions. The voltage and height readings are irrelevant for this detection method.",/content/drive/MyDrive/Capstone/Output/2025-10-28_18-12-21/attentions/attn_0051.json
"You are a sensor expert. Given the following situation:
Context: Voltage: 0.610271155 V, Height: 0.636363636 cm, Soil Type: Dry and Sandy
Target: Land mine Mine Type: Anti-Tank

Recommend the most appropriate type of sensor to detect the target and briefly explain why. Be concise.

**Recommendation:**
Ground Penetrating Radar (GPR)

**Explanation:**
GPR is ideal for detecting buried objects like landmines, especially in dry and sandy soil conditions. It emits radio waves that penetrate the ground, reflecting off any metallic object, allowing for subsurface imaging and detection.",/content/drive/MyDrive/Capstone/Output/2025-10-28_18-12-21/attentions/attn_0052.json
"You are a sensor expert. Given the following situation:
Context: Voltage: 0.453171669 V, Height: 0.818181818 cm, Soil Type: Dry and Sandy
Target: Land mine Mine Type: Anti-Tank

Recommend the most appropriate type of sensor to detect the target and briefly explain why. Be concise.

**Recommendation:**
Ground Penetrating Radar (GPR)

**Explanation:**
GPR is ideal for detecting buried objects like landmines, especially in sandy soil. It transmits radar pulses into the ground and analyzes the reflected signals to image subsurface structures, bypassing surface disturbances.",/content/drive/MyDrive/Capstone/Output/2025-10-28_18-12-21/attentions/attn_0053.json
"You are a sensor expert. Given the following situation:
Context: Voltage: 0.442446541 V, Height: 0.909090909 cm, Soil Type: Dry and Sandy
Target: Land mine Mine Type: Anti-Tank

Recommend the most appropriate type of sensor to detect the target and briefly explain why. Be concise.

**Recommendation:**
Ground Penetrating Radar (GPR)

**Explanation:**
GPR is ideal for detecting buried objects like landmines without disturbing the soil. It transmits radar pulses into the ground and analyzes the reflected signals to identify anomalies associated with the mine's metallic components. The dry and sandy soil type is suitable for GPR operation.",/content/drive/MyDrive/Capstone/Output/2025-10-28_18-12-21/attentions/attn_0054.json
"You are a sensor expert. Given the following situation:
Context: Voltage: 0.999998728 V, Height: 0 cm, Soil Type: Humid and Sandy
Target: Land mine Mine Type: Anti-Tank

Recommend the most appropriate type of sensor to detect the target and briefly explain why. Be concise.

**Recommendation:**
Ground Penetrating Radar (GPR)

**Explanation:**
GPR is ideal for detecting buried objects like landmines without disturbing the soil. It transmits radio waves into the ground and analyzes the reflected signals to identify anomalies indicative of a mine's presence. The soil type (humid and sandy) is suitable for GPR operation.",/content/drive/MyDrive/Capstone/Output/2025-10-28_18-12-21/attentions/attn_0055.json
"You are a sensor expert. Given the following situation:
Context: Voltage: 0.999998728 V, Height: 0.090909091 cm, Soil Type: Humid and Sandy
Target: Land mine Mine Type: Anti-Tank

Recommend the most appropriate type of sensor to detect the target and briefly explain why. Be concise.

**Recommendation:**
Ground Penetrating Radar (GPR)

**Explanation:**
GPR is ideal for detecting buried objects like landmines, as it can penetrate the soil and generate a map of subsurface anomalies without excavation. The soil type (humid and sandy) is suitable for GPR operation.",/content/drive/MyDrive/Capstone/Output/2025-10-28_18-12-21/attentions/attn_0056.json
"You are a sensor expert. Given the following situation:
Context: Voltage: 0.975829576 V, Height: 0.272727273 cm, Soil Type: Humid and Sandy
Target: Land mine Mine Type: Anti-Tank

Recommend the most appropriate type of sensor to detect the target and briefly explain why. Be concise.

Recommendation:
Ground Penetrating Radar (GPR)

Explanation:
GPR is ideal for detecting buried objects like landmines, especially in heterogeneous soil conditions like sandy soil. It works by transmitting radar pulses into the ground and analyzing the reflected signals to create an image of the subsurface. The soil type is suitable for GPR operation, and the voltage reading (0.975829576 V) is within a reasonable range for this type of sensor.",/content/drive/MyDrive/Capstone/Output/2025-10-28_18-12-21/attentions/attn_0057.json
"You are a sensor expert. Given the following situation:
Context: Voltage: 0.815708945 V, Height: 0.363636364 cm, Soil Type: Humid and Sandy
Target: Land mine Mine Type: Anti-Tank

Recommend the most appropriate type of sensor to detect the target and briefly explain why. Be concise.

**Recommendation: Ground Penetrating Radar (GPR)**

**Explanation:**  GPR is ideal for detecting buried objects like landmines, particularly in heterogeneous soil like sandy and humid conditions. It transmits radar pulses into the ground and analyzes the reflected signals to create a subsurface image, effectively ""seeing"" through the soil to locate the mine.",/content/drive/MyDrive/Capstone/Output/2025-10-28_18-12-21/attentions/attn_0058.json
"You are a sensor expert. Given the following situation:
Context: Voltage: 0.655588315 V, Height: 0.545454545 cm, Soil Type: Humid and Sandy
Target: Land mine Mine Type: Anti-Tank

Recommend the most appropriate type of sensor to detect the target and briefly explain why. Be concise.

**Recommendation:**
Ground Penetrating Radar (GPR)

**Explanation:**
GPR is ideal for detecting buried objects like landmines, particularly in heterogeneous soil conditions like sandy soil. It transmits radar pulses into the ground and analyzes the reflected signals to identify subsurface anomalies, effectively bypassing the soil type and providing precise location data.",/content/drive/MyDrive/Capstone/Output/2025-10-28_18-12-21/attentions/attn_0059.json
"You are a sensor expert. Given the following situation:
Context: Voltage: 0.628398019 V, Height: 0.636363636 cm, Soil Type: Humid and Sandy
Target: Land mine Mine Type: Anti-Tank

Recommend the most appropriate type of sensor to detect the target and briefly explain why. Be concise.

**Recommendation:**
Ground Penetrating Radar (GPR)

**Explanation:**
GPR is ideal for detecting buried objects like landmines without disturbing the soil. It sends radar pulses into the ground and analyzes the reflected signals to create an image of the subsurface. Given the soil type (humid and sandy), which can attenuate electromagnetic waves, GPR's ability to penetrate and image deeper is crucial.",/content/drive/MyDrive/Capstone/Output/2025-10-28_18-12-21/attentions/attn_0060.json
"You are a sensor expert. Given the following situation:
Context: Voltage: 0.504531116 V, Height: 0.818181818 cm, Soil Type: Humid and Sandy
Target: Land mine Mine Type: Anti-Tank

Recommend the most appropriate type of sensor to detect the target and briefly explain why. Be concise.

Sensor Recommendation: Ground Penetrating Radar (GPR)

Explanation: GPR can effectively detect buried metallic objects like anti-tank landmines, even through soil layers, and is less affected by soil moisture than other methods.",/content/drive/MyDrive/Capstone/Output/2025-10-28_18-12-21/attentions/attn_0061.json
"You are a sensor expert. Given the following situation:
Context: Voltage: 0.474319677 V, Height: 0.909090909 cm, Soil Type: Humid and Sandy
Target: Land mine Mine Type: Anti-Tank

Recommend the most appropriate type of sensor to detect the target and briefly explain why. Be concise.

**Recommendation:**
Ground Penetrating Radar (GPR)

**Explanation:**
GPR is best suited for detecting buried objects like landmines, especially in heterogeneous soil conditions like humid and sandy, which can attenuate electromagnetic signals. The height reading can help refine the search area.",/content/drive/MyDrive/Capstone/Output/2025-10-28_18-12-21/attentions/attn_0062.json
"You are a sensor expert. Given the following situation:
Context: Voltage: 0.719032338 V, Height: 0 cm, Soil Type: Dry and Humus
Target: Land mine Mine Type: Anti-Tank

Recommend the most appropriate type of sensor to detect the target and briefly explain why. Be concise.

**Recommendation:**
Ground Penetrating Radar (GPR)

**Explanation:**
GPR is ideal for detecting buried objects like landmines without disturbing the soil. It sends radar pulses into the ground and analyzes the reflected signals to identify anomalies indicative of the mine's presence.",/content/drive/MyDrive/Capstone/Output/2025-10-28_18-12-21/attentions/attn_0063.json
"You are a sensor expert. Given the following situation:
Context: Voltage: 0.622355731 V, Height: 0.090909091 cm, Soil Type: Dry and Humus
Target: Land mine Mine Type: Anti-Tank

Recommend the most appropriate type of sensor to detect the target and briefly explain why. Be concise.

**Recommendation:** Ground Penetrating Radar (GPR)

**Explanation:** The dry and humus soil type can significantly attenuate electromagnetic waves, making traditional metal detectors less effective. GPR transmits radio waves into the ground, reflecting off buried objects like landmines, allowing for non-destructive detection.",/content/drive/MyDrive/Capstone/Output/2025-10-28_18-12-21/attentions/attn_0064.json
"You are a sensor expert. Given the following situation:
Context: Voltage: 0.531721412 V, Height: 0.272727273 cm, Soil Type: Dry and Humus
Target: Land mine Mine Type: Anti-Tank

Recommend the most appropriate type of sensor to detect the target and briefly explain why. Be concise.

**Recommendation:**
Ground Penetrating Radar (GPR)

**Explanation:**
GPR is ideal for detecting buried objects like landmines without disturbing the soil. It analyzes subsurface anomalies caused by the mine's metallic composition.",/content/drive/MyDrive/Capstone/Output/2025-10-28_18-12-21/attentions/attn_0065.json
"You are a sensor expert. Given the following situation:
Context: Voltage: 0.504531116 V, Height: 0.363636364 cm, Soil Type: Dry and Humus
Target: Land mine Mine Type: Anti-Tank

Recommend the most appropriate type of sensor to detect the target and briefly explain why. Be concise.

**Recommendation:**
Ground Penetrating Radar (GPR)

**Explanation:**
GPR is ideal for detecting buried objects like landmines without disturbing the soil. It transmits radar pulses into the ground and analyzes the reflected signals to create an image of subsurface structures. The soil type (dry and humus) is suitable for GPR operation.",/content/drive/MyDrive/Capstone/Output/2025-10-28_18-12-21/attentions/attn_0066.json
"You are a sensor expert. Given the following situation:
Context: Voltage: 0.438065949 V, Height: 0.545454545 cm, Soil Type: Dry and Humus
Target: Land mine Mine Type: Anti-Tank

Recommend the most appropriate type of sensor to detect the target and briefly explain why. Be concise.

**Recommendation:**
Ground Penetrating Radar (GPR)

**Explanation:**
GPR is ideal for detecting buried objects like landmines without disturbing the soil. It transmits radar pulses into the ground, and analyzes the reflected signals to identify anomalies indicative of the mine's presence.",/content/drive/MyDrive/Capstone/Output/2025-10-28_18-12-21/attentions/attn_0067.json
"You are a sensor expert. Given the following situation:
Context: Voltage: 0.398791077 V, Height: 0.636363636 cm, Soil Type: Dry and Humus
Target: Land mine Mine Type: Anti-Tank

Recommend the most appropriate type of sensor to detect the target and briefly explain why. Be concise.

**Recommendation:**
Ground Penetrating Radar (GPR)

**Explanation:**
GPR is ideal for detecting buried objects like landmines, particularly those obscured by soil conditions like dry and humus. It sends radar pulses into the ground and analyzes the reflected signals to create a subsurface image, effectively “seeing” through the soil.",/content/drive/MyDrive/Capstone/Output/2025-10-28_18-12-21/attentions/attn_0068.json
"You are a sensor expert. Given the following situation:
Context: Voltage: 0.36253735 V, Height: 0.818181818 cm, Soil Type: Dry and Humus
Target: Land mine Mine Type: Anti-Tank

Recommend the most appropriate type of sensor to detect the target and briefly explain why. Be concise.

**Recommendation:**
Ground Penetrating Radar (GPR)

**Explanation:**
GPR is ideal for detecting buried objects like landmines, as it transmits radio waves into the ground and analyzes the reflected signals to map subsurface structures. The soil type and height data can be used to refine the scan parameters.",/content/drive/MyDrive/Capstone/Output/2025-10-28_18-12-21/attentions/attn_0069.json
"You are a sensor expert. Given the following situation:
Context: Voltage: 0.999998728 V, Height: 0 cm, Soil Type: Humid and Humus
Target: Land mine Mine Type: Anti-Tank

Recommend the most appropriate type of sensor to detect the target and briefly explain why. Be concise.

**Recommendation: Ground Penetrating Radar (GPR)**

**Explanation:** GPR is best suited for detecting buried objects like landmines, especially in soil types with high organic content (humus) which can attenuate other sensor types. It provides subsurface imaging, bypassing the soil's surface properties.",/content/drive/MyDrive/Capstone/Output/2025-10-28_18-12-21/attentions/attn_0070.json
"You are a sensor expert. Given the following situation:
Context: Voltage: 0.912385552 V, Height: 0.181818182 cm, Soil Type: Humid and Humus
Target: Land mine Mine Type: Anti-Tank

Recommend the most appropriate type of sensor to detect the target and briefly explain why. Be concise.

Recommendation: Ground Penetrating Radar (GPR)

Explanation: Landmines are often buried, and the soil type (humus) can affect other sensor readings. GPR can penetrate the soil to detect metallic objects like anti-tank landmines without being affected by the soil’s composition.",/content/drive/MyDrive/Capstone/Output/2025-10-28_18-12-21/attentions/attn_0071.json
"You are a sensor expert. Given the following situation:
Context: Voltage: 0.957702712 V, Height: 0.272727273 cm, Soil Type: Humid and Humus
Target: Land mine Mine Type: Anti-Tank

Recommend the most appropriate type of sensor to detect the target and briefly explain why. Be concise.

**Recommendation:**
Ground Penetrating Radar (GPR)

**Explanation:**
GPR is ideal for detecting buried objects like landmines without disturbing the soil. It analyzes subsurface radar reflections to identify metallic targets, which is crucial for detecting anti-tank mines.",/content/drive/MyDrive/Capstone/Output/2025-10-28_18-12-21/attentions/attn_0072.json
"You are a sensor expert. Given the following situation:
Context: Voltage: 0.75830721 V, Height: 0.454545455 cm, Soil Type: Humid and Humus
Target: Land mine Mine Type: Anti-Tank

Recommend the most appropriate type of sensor to detect the target and briefly explain why. Be concise.

**Recommendation:**
Ground Penetrating Radar (GPR)

**Explanation:**
GPR can effectively detect buried objects like landmines by analyzing the subsurface radar reflections. The soil type (humid and humus) is suitable for GPR operation, and the height information (0.454545455 cm) can help refine the search area.",/content/drive/MyDrive/Capstone/Output/2025-10-28_18-12-21/attentions/attn_0073.json
"You are a sensor expert. Given the following situation:
Context: Voltage: 0.734138058 V, Height: 0.545454545 cm, Soil Type: Humid and Humus
Target: Land mine Mine Type: Anti-Tank

Recommend the most appropriate type of sensor to detect the target and briefly explain why. Be concise.

Sensor Recommendation: Ground Penetrating Radar (GPR)

Explanation: GPR is ideal for detecting buried objects like landmines, particularly in soil types containing organic matter (humus) which can attenuate electromagnetic waves. The height measurement provides context for depth estimation.",/content/drive/MyDrive/Capstone/Output/2025-10-28_18-12-21/attentions/attn_0074.json
"You are a sensor expert. Given the following situation:
Context: Voltage: 0.495256245 V, Height: 0.727272727 cm, Soil Type: Humid and Humus
Target: Land mine Mine Type: Anti-Tank

Recommend the most appropriate type of sensor to detect the target and briefly explain why. Be concise.

**Recommendation:** Ground Penetrating Radar (GPR)

**Explanation:**  The soil type (Humid and Humus) can significantly attenuate electromagnetic waves, making it difficult for traditional metal detectors to function effectively. GPR transmits radar pulses into the ground, allowing for subsurface imaging and detection of anomalies indicative of buried landmines, particularly anti-tank mines which are often buried deeper than other types.",/content/drive/MyDrive/Capstone/Output/2025-10-28_18-12-21/attentions/attn_0075.json
"You are a sensor expert. Given the following situation:
Context: Voltage: 0.468277389 V, Height: 0.818181818 cm, Soil Type: Humid and Humus
Target: Land mine Mine Type: Anti-Tank

Recommend the most appropriate type of sensor to detect the target and briefly explain why. Be concise.

**Recommendation:**
Ground Penetrating Radar (GPR)

**Explanation:**
GPR can effectively detect buried objects like landmines by transmitting radar pulses into the ground and analyzing the reflected signals. The soil type (humid and humus) is suitable for GPR operation, and the height data (0.818181818 cm) provides a reference for depth estimation.",/content/drive/MyDrive/Capstone/Output/2025-10-28_18-12-21/attentions/attn_0076.json
"You are a sensor expert. Given the following situation:
Context: Voltage: 0.467340821 V, Height: 1 cm, Soil Type: Humid and Humus
Target: Land mine Mine Type: Anti-Tank

Recommend the most appropriate type of sensor to detect the target and briefly explain why. Be concise.

**Recommendation: Ground Penetrating Radar (GPR)**

**Explanation:** GPR is ideal for detecting buried objects like landmines without disturbing the soil. It transmits radio waves into the ground, and the reflections from the mine's metallic shell will provide a clear signal, regardless of soil conditions.",/content/drive/MyDrive/Capstone/Output/2025-10-28_18-12-21/attentions/attn_0077.json
"You are a sensor expert. Given the following situation:
Context: Voltage: 0.999998728 V, Height: 0 cm, Soil Type: Dry and Limy
Target: Land mine Mine Type: Anti-Tank

Recommend the most appropriate type of sensor to detect the target and briefly explain why. Be concise.

**Recommendation:**
Ground Penetrating Radar (GPR)

**Explanation:**
GPR is ideal for detecting buried objects like landmines without disturbing the soil. It analyzes subsurface anomalies and can identify the presence of metallic landmine components.",/content/drive/MyDrive/Capstone/Output/2025-10-28_18-12-21/attentions/attn_0078.json
"You are a sensor expert. Given the following situation:
Context: Voltage: 0.999998728 V, Height: 0.181818182 cm, Soil Type: Dry and Limy
Target: Land mine Mine Type: Anti-Tank

Recommend the most appropriate type of sensor to detect the target and briefly explain why. Be concise.

**Recommendation:** Ground Penetrating Radar (GPR)

**Explanation:** GPR is best suited for detecting buried objects like landmines, especially in diverse soil conditions. It can penetrate the soil to identify anomalies indicative of a mine's presence without disturbing the surface.",/content/drive/MyDrive/Capstone/Output/2025-10-28_18-12-21/attentions/attn_0079.json
"You are a sensor expert. Given the following situation:
Context: Voltage: 0.999998728 V, Height: 0.272727273 cm, Soil Type: Dry and Limy
Target: Land mine Mine Type: Anti-Tank

Recommend the most appropriate type of sensor to detect the target and briefly explain why. Be concise.

**Recommendation:**

Ground Penetrating Radar (GPR)

**Explanation:**

GPR is ideal for detecting buried objects like landmines, especially in diverse soil types. It transmits radar pulses into the ground and analyzes the reflected signals to map subsurface anomalies – the characteristic signature of a buried mine.",/content/drive/MyDrive/Capstone/Output/2025-10-28_18-12-21/attentions/attn_0080.json
"You are a sensor expert. Given the following situation:
Context: Voltage: 0.999998728 V, Height: 0.454545455 cm, Soil Type: Dry and Limy
Target: Land mine Mine Type: Anti-Tank

Recommend the most appropriate type of sensor to detect the target and briefly explain why. Be concise.

**Recommendation:**
Ground Penetrating Radar (GPR)

**Explanation:**
GPR is ideal for detecting buried objects like landmines without disturbing the soil. It transmits radio waves into the ground and analyzes the reflected signals to create an image of the subsurface, revealing the presence and location of the mine. The soil type (dry and limy) is not a significant impediment to GPR operation.",/content/drive/MyDrive/Capstone/Output/2025-10-28_18-12-21/attentions/attn_0081.json
"You are a sensor expert. Given the following situation:
Context: Voltage: 0.999998728 V, Height: 0.545454545 cm, Soil Type: Dry and Limy
Target: Land mine Mine Type: Anti-Tank

Recommend the most appropriate type of sensor to detect the target and briefly explain why. Be concise.

Recommendation:
Induction Loop Detector.
Explanation:
Landmines are metallic, and induction loop detectors are highly sensitive to metallic objects buried in the ground, regardless of soil conditions.",/content/drive/MyDrive/Capstone/Output/2025-10-28_18-12-21/attentions/attn_0082.json
"You are a sensor expert. Given the following situation:
Context: Voltage: 0.854983817 V, Height: 0.727272727 cm, Soil Type: Dry and Limy
Target: Land mine Mine Type: Anti-Tank

Recommend the most appropriate type of sensor to detect the target and briefly explain why. Be concise.

**Recommendation:**
Ground Penetrating Radar (GPR)

**Explanation:**
GPR is ideal for detecting buried objects like landmines, especially in various soil types. It transmits radar pulses into the ground and analyzes the reflected signals to create an image of the subsurface, effectively revealing the presence of the mine without disturbing the surface.",/content/drive/MyDrive/Capstone/Output/2025-10-28_18-12-21/attentions/attn_0083.json
"You are a sensor expert. Given the following situation:
Context: Voltage: 0.628398019 V, Height: 0.818181818 cm, Soil Type: Dry and Limy
Target: Land mine Mine Type: Anti-Tank

Recommend the most appropriate type of sensor to detect the target and briefly explain why. Be concise.

**Recommendation:**
Ground Penetrating Radar (GPR)

**Explanation:**
GPR is ideal for detecting buried objects like landmines, especially in dry, limy soil, which can attenuate electromagnetic waves. Its ability to image subsurface structures makes it the most effective tool for locating anti-tank mines.",/content/drive/MyDrive/Capstone/Output/2025-10-28_18-12-21/attentions/attn_0084.json
"You are a sensor expert. Given the following situation:
Context: Voltage: 0.549848276 V, Height: 1 cm, Soil Type: Dry and Limy
Target: Land mine Mine Type: Anti-Tank

Recommend the most appropriate type of sensor to detect the target and briefly explain why. Be concise.

Recommendation: Ground Penetrating Radar (GPR)

Explanation: GPR is ideal for detecting buried metallic objects like landmines, especially when soil conditions are known to be challenging (dry and limy) due to its ability to image subsurface anomalies without excavation.",/content/drive/MyDrive/Capstone/Output/2025-10-28_18-12-21/attentions/attn_0085.json
"You are a sensor expert. Given the following situation:
Context: Voltage: 0.999998728 V, Height: 0 cm, Soil Type: Humid and Limy
Target: Land mine Mine Type: Anti-Tank

Recommend the most appropriate type of sensor to detect the target and briefly explain why. Be concise.

**Recommendation:**
Ground-Penetrating Radar (GPR)

**Explanation:**
GPR is best suited for detecting buried objects like landmines, particularly anti-tank mines, by emitting radio waves and analyzing the reflected signals to map the subsurface. It's effective in humid and limy soils.",/content/drive/MyDrive/Capstone/Output/2025-10-28_18-12-21/attentions/attn_0086.json
"You are a sensor expert. Given the following situation:
Context: Voltage: 0.891237545 V, Height: 0.181818182 cm, Soil Type: Humid and Limy
Target: Land mine Mine Type: Anti-Tank

Recommend the most appropriate type of sensor to detect the target and briefly explain why. Be concise.

Sensor Recommendation: Ground Penetrating Radar (GPR)

Explanation: GPR is ideal for detecting buried objects like landmines, especially in varied soil conditions. It transmits radar pulses into the ground and analyzes the reflected signals to create an image of the subsurface, effectively bypassing the need to physically dig. The soil type is relevant as it can influence the radar signal, but GPR is robust enough to handle this.",/content/drive/MyDrive/Capstone/Output/2025-10-28_18-12-21/attentions/attn_0087.json
"You are a sensor expert. Given the following situation:
Context: Voltage: 0.999998728 V, Height: 0.272727273 cm, Soil Type: Humid and Limy
Target: Land mine Mine Type: Anti-Tank

Recommend the most appropriate type of sensor to detect the target and briefly explain why. Be concise.

**Recommendation:**
Ground Penetrating Radar (GPR)

**Explanation:**
GPR is ideal for detecting buried objects like landmines, especially in varied soil conditions. It can penetrate the soil and create a map of subsurface anomalies, effectively locating the mine's depth and shape.",/content/drive/MyDrive/Capstone/Output/2025-10-28_18-12-21/attentions/attn_0088.json
"You are a sensor expert. Given the following situation:
Context: Voltage: 0.809666657 V, Height: 0.454545455 cm, Soil Type: Humid and Limy
Target: Land mine Mine Type: Anti-Tank

Recommend the most appropriate type of sensor to detect the target and briefly explain why. Be concise.

**Recommendation:**
Ground Penetrating Radar (GPR)

**Explanation:**
GPR is best suited for detecting buried objects like landmines, as it can penetrate the soil and image the subsurface without excavation. The soil type (humid and limy) is not a major impediment to GPR operation.",/content/drive/MyDrive/Capstone/Output/2025-10-28_18-12-21/attentions/attn_0089.json
"You are a sensor expert. Given the following situation:
Context: Voltage: 0.716011194 V, Height: 0.545454545 cm, Soil Type: Humid and Limy
Target: Land mine Mine Type: Anti-Tank

Recommend the most appropriate type of sensor to detect the target and briefly explain why. Be concise.

**Recommendation:**
Ground Penetrating Radar (GPR)

**Explanation:**
GPR is ideal for detecting buried objects like landmines, particularly anti-tank mines, by analyzing subsurface radar reflections. It is effective at depth and is not reliant on soil conductivity, which can be affected by the humid and limy soil conditions.",/content/drive/MyDrive/Capstone/Output/2025-10-28_18-12-21/attentions/attn_0090.json
"You are a sensor expert. Given the following situation:
Context: Voltage: 0.50755226 V, Height: 0.727272727 cm, Soil Type: Humid and Limy
Target: Land mine Mine Type: Anti-Tank

Recommend the most appropriate type of sensor to detect the target and briefly explain why. Be concise.

Recommended Sensor: Ground Penetrating Radar (GPR)
Explanation: GPR can effectively detect buried objects like landmines, especially when combined with soil type data to account for signal propagation.",/content/drive/MyDrive/Capstone/Output/2025-10-28_18-12-21/attentions/attn_0091.json
"You are a sensor expert. Given the following situation:
Context: Voltage: 0.549848276 V, Height: 0.818181818 cm, Soil Type: Humid and Limy
Target: Land mine Mine Type: Anti-Tank

Recommend the most appropriate type of sensor to detect the target and briefly explain why. Be concise.

**Recommendation:**
Ground Penetrating Radar (GPR)

**Explanation:**
GPR can effectively detect buried objects like landmines without disturbing the soil, which is crucial given the ""Humid and Limy"" soil type. It operates by transmitting radar pulses into the ground and analyzing the reflected signals, allowing for subsurface imaging.",/content/drive/MyDrive/Capstone/Output/2025-10-28_18-12-21/attentions/attn_0092.json
"You are a sensor expert. Given the following situation:
Context: Voltage: 0.444108237 V, Height: 1 cm, Soil Type: Humid and Limy
Target: Land mine Mine Type: Anti-Tank

Recommend the most appropriate type of sensor to detect the target and briefly explain why. Be concise.

**Recommendation:**
Ground Penetrating Radar (GPR)

**Explanation:**
GPR is ideal for detecting buried objects like landmines without disturbing the soil. Its ability to map subsurface features makes it suitable for identifying the target's location and depth.",/content/drive/MyDrive/Capstone/Output/2025-10-28_18-12-21/attentions/attn_0093.json
"You are a sensor expert. Given the following situation:
Context: Voltage: 0.389304766 V, Height: 0 cm, Soil Type: Dry and Sandy
Target: Land mine Mine Type: Anti-Personnel

Recommend the most appropriate type of sensor to detect the target and briefly explain why. Be concise.

**Recommendation:**
Ground Penetrating Radar (GPR)

**Explanation:**
GPR is ideal for detecting buried objects like landmines, especially in sandy soil. It transmits radar pulses into the ground and analyzes the reflected signals to create an image of the subsurface, revealing the presence and location of the mine without surface disturbance.",/content/drive/MyDrive/Capstone/Output/2025-10-28_18-12-21/attentions/attn_0094.json
"You are a sensor expert. Given the following situation:
Context: Voltage: 0.365347054 V, Height: 0.181818182 cm, Soil Type: Dry and Sandy
Target: Land mine Mine Type: Anti-Personnel

Recommend the most appropriate type of sensor to detect the target and briefly explain why. Be concise.

**Recommendation:**
Ground-Penetrating Radar (GPR)

**Explanation:**
GPR is ideal for detecting buried objects like landmines, especially in sandy soil. It transmits radio waves into the ground, and the reflected signals reveal the presence and depth of metallic objects beneath the surface.",/content/drive/MyDrive/Capstone/Output/2025-10-28_18-12-21/attentions/attn_0095.json
"You are a sensor expert. Given the following situation:
Context: Voltage: 0.368579638 V, Height: 0.272727273 cm, Soil Type: Dry and Sandy
Target: Land mine Mine Type: Anti-Personnel

Recommend the most appropriate type of sensor to detect the target and briefly explain why. Be concise.

**Recommendation:**
Ground Penetrating Radar (GPR)

**Explanation:**
GPR is ideal for detecting buried objects like landmines, particularly in sandy soil, which can attenuate electromagnetic waves. It can differentiate between different soil layers and identify metallic objects buried at shallow depths, making it the best choice for this scenario.",/content/drive/MyDrive/Capstone/Output/2025-10-28_18-12-21/attentions/attn_0096.json
"You are a sensor expert. Given the following situation:
Context: Voltage: 0.338156758 V, Height: 0.454545455 cm, Soil Type: Dry and Sandy
Target: Land mine Mine Type: Anti-Personnel

Recommend the most appropriate type of sensor to detect the target and briefly explain why. Be concise.

**Recommendation:**
Ground Penetrating Radar (GPR)

**Explanation:**
GPR is ideal for detecting buried objects like landmines, particularly in sandy soil. It transmits radar pulses into the ground and analyzes the reflected signals to create an image of subsurface features, effectively bypassing the surface soil conditions.",/content/drive/MyDrive/Capstone/Output/2025-10-28_18-12-21/attentions/attn_0097.json
"You are a sensor expert. Given the following situation:
Context: Voltage: 0.31722019 V, Height: 0.545454545 cm, Soil Type: Dry and Sandy
Target: Land mine Mine Type: Anti-Personnel

Recommend the most appropriate type of sensor to detect the target and briefly explain why. Be concise.

**Recommendation:**
Ground Penetrating Radar (GPR)

**Explanation:**
GPR is ideal for detecting buried objects like landmines, especially in sandy soil. It transmits radar pulses into the ground and analyzes the reflected signals to create an image of the subsurface, revealing the presence and location of metallic objects. The dry, sandy soil is a favorable condition for GPR operation.",/content/drive/MyDrive/Capstone/Output/2025-10-28_18-12-21/attentions/attn_0098.json
"You are a sensor expert. Given the following situation:
Context: Voltage: 0.319093326 V, Height: 0.727272727 cm, Soil Type: Dry and Sandy
Target: Land mine Mine Type: Anti-Personnel

Recommend the most appropriate type of sensor to detect the target and briefly explain why. Be concise.

**Recommendation:**
Ground Penetrating Radar (GPR)

**Explanation:**
GPR is ideal for detecting buried objects like landmines, especially in sandy soil. It emits radio waves that penetrate the ground and reflect off of metallic objects, providing a subsurface image. Dry and sandy soil is well-suited for GPR operation.",/content/drive/MyDrive/Capstone/Output/2025-10-28_18-12-21/attentions/attn_0099.json
"You are a sensor expert. Given the following situation:
Context: Voltage: 0.335347054 V, Height: 0.818181818 cm, Soil Type: Dry and Sandy
Target: Land mine Mine Type: Anti-Personnel

Recommend the most appropriate type of sensor to detect the target and briefly explain why. Be concise.

**Recommendation:**
Ground Penetrating Radar (GPR)

**Explanation:**
GPR is best suited for detecting buried objects like landmines, particularly in sandy soil, which can attenuate electromagnetic signals. The shallow depth (0.818 cm) of the target is ideal for GPR's penetration capabilities.",/content/drive/MyDrive/Capstone/Output/2025-10-28_18-12-21/attentions/attn_0100.json
"You are a sensor expert. Given the following situation:
Context: Voltage: 0.303262478 V, Height: 1 cm, Soil Type: Dry and Sandy
Target: Land mine Mine Type: Anti-Personnel

Recommend the most appropriate type of sensor to detect the target and briefly explain why. Be concise.

**Recommendation:**
Ground Penetrating Radar (GPR)

**Explanation:**
GPR is ideal for detecting buried objects like landmines, particularly in dry, sandy soil, which can attenuate electromagnetic waves. Its ability to image subsurface features makes it the most effective solution for locating anti-personnel mines hidden beneath the surface.",/content/drive/MyDrive/Capstone/Output/2025-10-28_18-12-21/attentions/attn_0101.json
"You are a sensor expert. Given the following situation:
Context: Voltage: 0.613292299 V, Height: 0.181818182 cm, Soil Type: Humid and Sandy
Target: Land mine Mine Type: Anti-Personnel

Recommend the most appropriate type of sensor to detect the target and briefly explain why. Be concise.

**Recommendation:**
Ground Penetrating Radar (GPR)

**Explanation:**
GPR is ideal for detecting buried objects like landmines, especially in heterogeneous soil types like sandy and humid conditions. It can penetrate the soil and identify metallic components of the mine without surface disturbance.",/content/drive/MyDrive/Capstone/Output/2025-10-28_18-12-21/attentions/attn_0102.json
"You are a sensor expert. Given the following situation:
Context: Voltage: 0.425981373 V, Height: 0.363636364 cm, Soil Type: Humid and Sandy
Target: Land mine Mine Type: Anti-Personnel

Recommend the most appropriate type of sensor to detect the target and briefly explain why. Be concise.

**Recommendation:**
Ground Penetrating Radar (GPR)

**Explanation:**
GPR is ideal for detecting buried objects like landmines, especially in heterogeneous soil conditions. It can differentiate between different soil types and detect metallic objects buried at shallow depths.",/content/drive/MyDrive/Capstone/Output/2025-10-28_18-12-21/attentions/attn_0103.json
"You are a sensor expert. Given the following situation:
Context: Voltage: 0.384621926 V, Height: 0.454545455 cm, Soil Type: Humid and Sandy
Target: Land mine Mine Type: Anti-Personnel

Recommend the most appropriate type of sensor to detect the target and briefly explain why. Be concise.

**Recommendation:**
Ground Penetrating Radar (GPR)

**Explanation:**
GPR is ideal for detecting buried objects like landmines, especially in heterogeneous soil types like humid and sandy. It transmits radar pulses into the ground and analyzes the reflected signals to create an image of subsurface structures, effectively bypassing the need for direct contact.",/content/drive/MyDrive/Capstone/Output/2025-10-28_18-12-21/attentions/attn_0104.json
"You are a sensor expert. Given the following situation:
Context: Voltage: 0.356495062 V, Height: 0.636363636 cm, Soil Type: Humid and Sandy
Target: Land mine Mine Type: Anti-Personnel

Recommend the most appropriate type of sensor to detect the target and briefly explain why. Be concise.

Recommended Sensor: Metal Detector

Explanation: Landmines are typically metallic, and a metal detector is the most effective sensor for detecting them, particularly in humid and sandy soil conditions which can sometimes interfere with other sensors.",/content/drive/MyDrive/Capstone/Output/2025-10-28_18-12-21/attentions/attn_0105.json
"You are a sensor expert. Given the following situation:
Context: Voltage: 0.350685358 V, Height: 0.727272727 cm, Soil Type: Humid and Sandy
Target: Land mine Mine Type: Anti-Personnel

Recommend the most appropriate type of sensor to detect the target and briefly explain why. Be concise.

**Recommendation:**
Ground Penetrating Radar (GPR)

**Explanation:**
GPR is ideal for detecting buried objects like landmines. It transmits radar pulses into the ground and analyzes the reflected signals to create an image of the subsurface, effectively bypassing the soil's surface characteristics and revealing the mine's location.",/content/drive/MyDrive/Capstone/Output/2025-10-28_18-12-21/attentions/attn_0106.json
"You are a sensor expert. Given the following situation:
Context: Voltage: 0.338368198 V, Height: 0.909090909 cm, Soil Type: Humid and Sandy
Target: Land mine Mine Type: Anti-Personnel

Recommend the most appropriate type of sensor to detect the target and briefly explain why. Be concise.

Recommendation:
**Ground Penetrating Radar (GPR)**

Explanation:
GPR is ideal for detecting buried objects like landmines. It transmits radar pulses into the ground and analyzes the reflected signals to identify changes in soil composition and the presence of metallic objects, which are common in anti-personnel landmines. It's effective in sandy soil and can operate at shallow depths.",/content/drive/MyDrive/Capstone/Output/2025-10-28_18-12-21/attentions/attn_0107.json
"You are a sensor expert. Given the following situation:
Context: Voltage: 0.344410486 V, Height: 1 cm, Soil Type: Humid and Sandy
Target: Land mine Mine Type: Anti-Personnel

Recommend the most appropriate type of sensor to detect the target and briefly explain why. Be concise.

**Recommendation:**
Ground Penetrating Radar (GPR)

**Explanation:**
GPR is ideal for detecting buried objects like landmines. It transmits radar pulses into the ground and analyzes the reflected signals to create an image of subsurface features. This is particularly effective in sandy soils, which are common in minefields. The low voltage reading suggests a shallow depth, making GPR's ability to detect objects at varying depths highly valuable.",/content/drive/MyDrive/Capstone/Output/2025-10-28_18-12-21/attentions/attn_0108.json
"You are a sensor expert. Given the following situation:
Context: Voltage: 0.444108237 V, Height: 0.090909091 cm, Soil Type: Dry and Humus
Target: Land mine Mine Type: Anti-Personnel

Recommend the most appropriate type of sensor to detect the target and briefly explain why. Be concise.

**Recommendation:**
Ground Penetrating Radar (GPR)

**Explanation:**
GPR is ideal for detecting buried objects like landmines without disturbing the soil. It transmits radar pulses into the ground and analyzes the reflected signals to identify anomalies indicative of a mine's presence. The soil type (dry and humus) is suitable for GPR operation.",/content/drive/MyDrive/Capstone/Output/2025-10-28_18-12-21/attentions/attn_0109.json
"You are a sensor expert. Given the following situation:
Context: Voltage: 0.389727645 V, Height: 0.181818182 cm, Soil Type: Dry and Humus
Target: Land mine Mine Type: Anti-Personnel

Recommend the most appropriate type of sensor to detect the target and briefly explain why. Be concise.

**Recommendation:**
Ground Penetrating Radar (GPR)

**Explanation:**
GPR is best suited for detecting buried objects like landmines, as it can penetrate the soil to map subsurface anomalies without excavation. The soil type (Dry and Humus) is suitable for GPR operation.",/content/drive/MyDrive/Capstone/Output/2025-10-28_18-12-21/attentions/attn_0110.json
"You are a sensor expert. Given the following situation:
Context: Voltage: 0.356495062 V, Height: 0.363636364 cm, Soil Type: Dry and Humus
Target: Land mine Mine Type: Anti-Personnel

Recommend the most appropriate type of sensor to detect the target and briefly explain why. Be concise.

Sensor Recommendation: Ground Penetrating Radar (GPR)

Explanation: GPR can detect buried objects like landmines by analyzing the reflected signals from subsurface anomalies, regardless of soil type.",/content/drive/MyDrive/Capstone/Output/2025-10-28_18-12-21/attentions/attn_0111.json
"You are a sensor expert. Given the following situation:
Context: Voltage: 0.353473918 V, Height: 0.454545455 cm, Soil Type: Dry and Humus
Target: Land mine Mine Type: Anti-Personnel

Recommend the most appropriate type of sensor to detect the target and briefly explain why. Be concise.

**Recommendation:**
Ground Penetrating Radar (GPR)

**Explanation:**
GPR is ideal for detecting buried objects like landmines, especially in heterogeneous soil types. It transmits radar pulses into the ground and analyzes the reflected signals to create an image of the subsurface, revealing the presence and location of metallic landmine components.",/content/drive/MyDrive/Capstone/Output/2025-10-28_18-12-21/attentions/attn_0112.json
"You are a sensor expert. Given the following situation:
Context: Voltage: 0.356495062 V, Height: 0.636363636 cm, Soil Type: Dry and Humus
Target: Land mine Mine Type: Anti-Personnel

Recommend the most appropriate type of sensor to detect the target and briefly explain why. Be concise.

**Recommendation:**
Ground Penetrating Radar (GPR)

**Explanation:**
GPR is ideal for detecting buried objects like landmines, as it transmits radar pulses into the ground and analyzes the reflected signals to create an image of subsurface features. It's effective for identifying objects regardless of soil type and is particularly useful for detecting metallic landmines.",/content/drive/MyDrive/Capstone/Output/2025-10-28_18-12-21/attentions/attn_0113.json
"You are a sensor expert. Given the following situation:
Context: Voltage: 0.314199046 V, Height: 0.727272727 cm, Soil Type: Dry and Humus
Target: Land mine Mine Type: Anti-Personnel

Recommend the most appropriate type of sensor to detect the target and briefly explain why. Be concise.

**Recommendation:**
Ground Penetrating Radar (GPR)

**Explanation:**
GPR is ideal for detecting buried objects like landmines without disturbing the soil. It transmits radar pulses into the ground and analyzes the reflected signals to identify anomalies indicative of a mine's presence. The soil type (Dry and Humus) is not a significant factor for GPR.",/content/drive/MyDrive/Capstone/Output/2025-10-28_18-12-21/attentions/attn_0114.json
"You are a sensor expert. Given the following situation:
Context: Voltage: 0.253776167 V, Height: 0.909090909 cm, Soil Type: Dry and Humus
Target: Land mine Mine Type: Anti-Personnel

Recommend the most appropriate type of sensor to detect the target and briefly explain why. Be concise.

**Recommendation:** Ground Penetrating Radar (GPR)

**Explanation:**  GPR is ideal for detecting buried objects like landmines, particularly in heterogeneous soil types like dry and humus. It transmits radio waves into the ground and analyzes the reflected signals to create an image of subsurface structures. The soil type doesn't significantly impede GPR's effectiveness.",/content/drive/MyDrive/Capstone/Output/2025-10-28_18-12-21/attentions/attn_0115.json
"You are a sensor expert. Given the following situation:
Context: Voltage: 0.574017428 V, Height: 0 cm, Soil Type: Humid and Humus
Target: Land mine Mine Type: Anti-Personnel

Recommend the most appropriate type of sensor to detect the target and briefly explain why. Be concise.

**Recommendation:**
Ground Penetrating Radar (GPR)

**Explanation:**
GPR is best suited for detecting buried objects like landmines without disturbing the soil. The soil type (humid and humus) can affect radar penetration, but GPR’s ability to image subsurface structures makes it ideal for locating the target.",/content/drive/MyDrive/Capstone/Output/2025-10-28_18-12-21/attentions/attn_0116.json
"You are a sensor expert. Given the following situation:
Context: Voltage: 0.477340821 V, Height: 0.181818182 cm, Soil Type: Humid and Humus
Target: Land mine Mine Type: Anti-Personnel

Recommend the most appropriate type of sensor to detect the target and briefly explain why. Be concise.

**Recommendation:**
Ground Penetrating Radar (GPR)

**Explanation:**
GPR is ideal for detecting buried objects like landmines without disturbing the soil. It analyzes the soil's subsurface structure and can identify the presence of metallic objects like landmine casings.",/content/drive/MyDrive/Capstone/Output/2025-10-28_18-12-21/attentions/attn_0117.json
"You are a sensor expert. Given the following situation:
Context: Voltage: 0.483383109 V, Height: 0.272727273 cm, Soil Type: Humid and Humus
Target: Land mine Mine Type: Anti-Personnel

Recommend the most appropriate type of sensor to detect the target and briefly explain why. Be concise.

**Recommendation:**
Ground Penetrating Radar (GPR)

**Explanation:**
GPR is ideal for detecting buried objects like landmines, as it transmits radio waves into the ground and analyzes the reflected signals to create an image of the subsurface. The soil type (humid and humus) can affect signal propagation, but GPR is robust enough to handle these conditions.",/content/drive/MyDrive/Capstone/Output/2025-10-28_18-12-21/attentions/attn_0118.json
"You are a sensor expert. Given the following situation:
Context: Voltage: 0.407854509 V, Height: 0.454545455 cm, Soil Type: Humid and Humus
Target: Land mine Mine Type: Anti-Personnel

Recommend the most appropriate type of sensor to detect the target and briefly explain why. Be concise.

**Recommendation:**
Ground Penetrating Radar (GPR)

**Explanation:**
GPR is ideal for detecting buried objects like landmines, especially in soil with high moisture content. It transmits radar pulses into the ground and analyzes the reflected signals to create an image of the subsurface, effectively bypassing soil limitations.",/content/drive/MyDrive/Capstone/Output/2025-10-28_18-12-21/attentions/attn_0119.json
"You are a sensor expert. Given the following situation:
Context: Voltage: 0.386706501 V, Height: 0.545454545 cm, Soil Type: Humid and Humus
Target: Land mine Mine Type: Anti-Personnel

Recommend the most appropriate type of sensor to detect the target and briefly explain why. Be concise.

**Recommendation:**
Ground Penetrating Radar (GPR)

**Explanation:**
GPR is ideal for detecting buried objects like landmines, as it transmits radio waves into the ground and analyzes the reflected signals to create an image of subsurface features. The soil type (humid and humus) is suitable for GPR operation, and the height measurement can be used to refine the scanning parameters.",/content/drive/MyDrive/Capstone/Output/2025-10-28_18-12-21/attentions/attn_0120.json
"You are a sensor expert. Given the following situation:
Context: Voltage: 0.389727645 V, Height: 0.727272727 cm, Soil Type: Humid and Humus
Target: Land mine Mine Type: Anti-Personnel

Recommend the most appropriate type of sensor to detect the target and briefly explain why. Be concise.

**Recommendation:**
Ground Penetrating Radar (GPR)

**Explanation:**
GPR is best suited for detecting buried objects like landmines, as it can penetrate the soil and identify metallic or other contrasting materials without excavation. The soil type (humid and humus) is suitable for GPR operation.",/content/drive/MyDrive/Capstone/Output/2025-10-28_18-12-21/attentions/attn_0121.json
"You are a sensor expert. Given the following situation:
Context: Voltage: 0.365558494 V, Height: 0.818181818 cm, Soil Type: Humid and Humus
Target: Land mine Mine Type: Anti-Personnel

Recommend the most appropriate type of sensor to detect the target and briefly explain why. Be concise.

**Recommendation:**
Ground-Penetrating Radar (GPR)

**Explanation:**
GPR is ideal for detecting buried objects like landmines. It emits radar pulses into the ground, and the reflected signals reveal the depth and characteristics of subsurface anomalies, effectively bypassing the surface soil conditions (humidity and humus) which could interfere with other sensor types.",/content/drive/MyDrive/Capstone/Output/2025-10-28_18-12-21/attentions/attn_0122.json
"You are a sensor expert. Given the following situation:
Context: Voltage: 0.326283622 V, Height: 1 cm, Soil Type: Humid and Humus
Target: Land mine Mine Type: Anti-Personnel

Recommend the most appropriate type of sensor to detect the target and briefly explain why. Be concise.

**Recommendation:** Ground Penetrating Radar (GPR)

**Explanation:** GPR is ideal for detecting buried objects like landmines, particularly in soil with high moisture content, which can attenuate electromagnetic waves. It provides subsurface imaging, allowing for non-destructive detection.",/content/drive/MyDrive/Capstone/Output/2025-10-28_18-12-21/attentions/attn_0123.json
"You are a sensor expert. Given the following situation:
Context: Voltage: 0.664651747 V, Height: 0.181818182 cm, Soil Type: Dry and Limy
Target: Land mine Mine Type: Anti-Personnel

Recommend the most appropriate type of sensor to detect the target and briefly explain why. Be concise.

**Recommendation: Ground Penetrating Radar (GPR)**

**Explanation:** GPR can detect buried objects like landmines by analyzing subsurface reflections. It's effective for varying soil types and can differentiate between different materials.",/content/drive/MyDrive/Capstone/Output/2025-10-28_18-12-21/attentions/attn_0124.json
"You are a sensor expert. Given the following situation:
Context: Voltage: 0.510573404 V, Height: 0.363636364 cm, Soil Type: Dry and Limy
Target: Land mine Mine Type: Anti-Personnel

Recommend the most appropriate type of sensor to detect the target and briefly explain why. Be concise.

Recommendation: Ground Penetrating Radar (GPR)
Explanation: GPR is ideal for detecting buried objects like landmines, especially in dry, limy soil, which can attenuate electromagnetic signals, making it more challenging for other sensor types. It provides subsurface imaging to locate the mine without excavation.",/content/drive/MyDrive/Capstone/Output/2025-10-28_18-12-21/attentions/attn_0125.json
"You are a sensor expert. Given the following situation:
Context: Voltage: 0.483383109 V, Height: 0.454545455 cm, Soil Type: Dry and Limy
Target: Land mine Mine Type: Anti-Personnel

Recommend the most appropriate type of sensor to detect the target and briefly explain why. Be concise.

**Recommendation:**
Ground Penetrating Radar (GPR)

**Explanation:**
GPR can effectively detect buried objects like landmines by emitting radar pulses into the ground and analyzing the reflected signals. The dry and limy soil type is suitable for GPR operation.",/content/drive/MyDrive/Capstone/Output/2025-10-28_18-12-21/attentions/attn_0126.json
"You are a sensor expert. Given the following situation:
Context: Voltage: 0.395769933 V, Height: 0.636363636 cm, Soil Type: Dry and Limy
Target: Land mine Mine Type: Anti-Personnel

Recommend the most appropriate type of sensor to detect the target and briefly explain why. Be concise.

**Recommendation:**
Ground Penetrating Radar (GPR)

**Explanation:**
GPR can effectively detect buried objects like landmines by analyzing subsurface radar reflections. The dry, limy soil type is suitable for GPR operation, and the voltage reading (0.395769933 V) is not relevant for this detection method.",/content/drive/MyDrive/Capstone/Output/2025-10-28_18-12-21/attentions/attn_0127.json
"You are a sensor expert. Given the following situation:
Context: Voltage: 0.36253735 V, Height: 0.727272727 cm, Soil Type: Dry and Limy
Target: Land mine Mine Type: Anti-Personnel

Recommend the most appropriate type of sensor to detect the target and briefly explain why. Be concise.

Sensor Recommendation: **Ground Penetrating Radar (GPR)**

Explanation: GPR is ideal for detecting buried objects like landmines, especially in varying soil conditions. It sends radar pulses into the ground and analyzes the reflections to map subsurface features, effectively bypassing the soil's surface characteristics.",/content/drive/MyDrive/Capstone/Output/2025-10-28_18-12-21/attentions/attn_0128.json
"You are a sensor expert. Given the following situation:
Context: Voltage: 0.352748789 V, Height: 0.909090909 cm, Soil Type: Dry and Limy
Target: Land mine Mine Type: Anti-Personnel

Recommend the most appropriate type of sensor to detect the target and briefly explain why. Be concise.

**Recommendation:**
Ground Penetrating Radar (GPR)

**Explanation:**
GPR is ideal for detecting buried objects like landmines, as it can penetrate the soil and image the subsurface structure without excavation. The dry, limy soil type is suitable for GPR operation.",/content/drive/MyDrive/Capstone/Output/2025-10-28_18-12-21/attentions/attn_0129.json
"You are a sensor expert. Given the following situation:
Context: Voltage: 0.352960229 V, Height: 1 cm, Soil Type: Dry and Limy
Target: Land mine Mine Type: Anti-Personnel

Recommend the most appropriate type of sensor to detect the target and briefly explain why. Be concise.

**Recommendation:**
Ground Penetrating Radar (GPR)

**Explanation:**
GPR is ideal for detecting buried objects like landmines without disturbing the soil. It emits radio waves that penetrate the ground, reflecting off of metallic objects like landmines, allowing for non-destructive detection.",/content/drive/MyDrive/Capstone/Output/2025-10-28_18-12-21/attentions/attn_0130.json
"You are a sensor expert. Given the following situation:
Context: Voltage: 0.561932852 V, Height: 0.181818182 cm, Soil Type: Humid and Limy
Target: Land mine Mine Type: Anti-Personnel

Recommend the most appropriate type of sensor to detect the target and briefly explain why. Be concise.

**Recommendation:**
Ground-Penetrating Radar (GPR)

**Explanation:**
GPR is ideal for detecting buried objects like landmines, particularly those that are not metallic. It transmits radio waves into the ground and analyzes the reflected signals to create a subsurface image, revealing the presence and location of the mine without disturbing the surface.",/content/drive/MyDrive/Capstone/Output/2025-10-28_18-12-21/attentions/attn_0131.json
"You are a sensor expert. Given the following situation:
Context: Voltage: 0.586102004 V, Height: 0.272727273 cm, Soil Type: Humid and Limy
Target: Land mine Mine Type: Anti-Personnel

Recommend the most appropriate type of sensor to detect the target and briefly explain why. Be concise.

**Recommendation:**
Ground-Penetrating Radar (GPR)

**Explanation:**
GPR is ideal for detecting buried objects like landmines, as it transmits radar pulses into the ground and analyzes the reflected signals to create a subsurface image. The soil type (humid and limy) is suitable for GPR operation.",/content/drive/MyDrive/Capstone/Output/2025-10-28_18-12-21/attentions/attn_0132.json
"You are a sensor expert. Given the following situation:
Context: Voltage: 0.489425397 V, Height: 0.454545455 cm, Soil Type: Humid and Limy
Target: Land mine Mine Type: Anti-Personnel

Recommend the most appropriate type of sensor to detect the target and briefly explain why. Be concise.

**Recommendation:**
Ground Penetrating Radar (GPR)

**Explanation:**
GPR is best suited for detecting buried objects like landmines, as it can penetrate the soil and identify metallic components without excavation. The soil type (humid and limy) is not a major impediment to GPR performance.",/content/drive/MyDrive/Capstone/Output/2025-10-28_18-12-21/attentions/attn_0133.json
"You are a sensor expert. Given the following situation:
Context: Voltage: 0.425981373 V, Height: 0.545454545 cm, Soil Type: Humid and Limy
Target: Land mine Mine Type: Anti-Personnel

Recommend the most appropriate type of sensor to detect the target and briefly explain why. Be concise.

**Recommendation:**
Ground Penetrating Radar (GPR)

**Explanation:**
GPR is best suited for detecting buried objects like landmines, as it can penetrate the soil and map subsurface anomalies indicative of mine placement. The soil type (Humid and Limy) is not a significant factor for GPR.",/content/drive/MyDrive/Capstone/Output/2025-10-28_18-12-21/attentions/attn_0134.json
"You are a sensor expert. Given the following situation:
Context: Voltage: 0.350452774 V, Height: 0.727272727 cm, Soil Type: Humid and Limy
Target: Land mine Mine Type: Anti-Personnel

Recommend the most appropriate type of sensor to detect the target and briefly explain why. Be concise.

**Recommendation:**
Ground Penetrating Radar (GPR)

**Explanation:**
GPR is ideal for detecting buried objects like landmines, as it can penetrate the soil and image the subsurface. The soil type (humid and limy) is generally suitable for GPR operation.",/content/drive/MyDrive/Capstone/Output/2025-10-28_18-12-21/attentions/attn_0135.json
"You are a sensor expert. Given the following situation:
Context: Voltage: 0.335347054 V, Height: 0.818181818 cm, Soil Type: Humid and Limy
Target: Land mine Mine Type: Anti-Personnel

Recommend the most appropriate type of sensor to detect the target and briefly explain why. Be concise.

**Recommendation:**
Ground Penetrating Radar (GPR)

**Explanation:**
GPR is ideal for detecting buried objects like landmines. It transmits radar pulses into the ground and analyzes the reflected signals to create an image of the subsurface, revealing the presence and location of metallic objects. The soil type (humid and limy) is generally suitable for GPR operation, although signal penetration may be slightly reduced compared to dry soil.",/content/drive/MyDrive/Capstone/Output/2025-10-28_18-12-21/attentions/attn_0136.json
"You are a sensor expert. Given the following situation:
Context: Voltage: 0.306495062 V, Height: 1 cm, Soil Type: Humid and Limy
Target: Land mine Mine Type: Anti-Personnel

Recommend the most appropriate type of sensor to detect the target and briefly explain why. Be concise.

**Recommendation:**
Ground Penetrating Radar (GPR)

**Explanation:**
GPR is ideal for detecting buried objects like landmines, especially when combined with soil type data. The radar signal can penetrate the soil and identify the presence of a metallic object, regardless of its depth. The height data (1 cm) is useful for refining the search area, and the soil type information (humid and limy) helps optimize the GPR signal propagation.",/content/drive/MyDrive/Capstone/Output/2025-10-28_18-12-21/attentions/attn_0137.json
"You are a sensor expert. Given the following situation:
Context: Voltage: 0.513594548 V, Height: 0.090909091 cm, Soil Type: Dry and Sandy
Target: Land mine Mine Type: Booby Trap Anti-Personnel

Recommend the most appropriate type of sensor to detect the target and briefly explain why. Be concise.

**Recommendation:** Ground Penetrating Radar (GPR)

**Explanation:**  Dry, sandy soil significantly attenuates electromagnetic waves, making traditional metal detectors unreliable. GPR transmits radar pulses into the ground, reflecting off buried objects like landmines, providing a non-destructive image of the subsurface.",/content/drive/MyDrive/Capstone/Output/2025-10-28_18-12-21/attentions/attn_0138.json
"You are a sensor expert. Given the following situation:
Context: Voltage: 0.407854509 V, Height: 0.272727273 cm, Soil Type: Dry and Sandy
Target: Land mine Mine Type: Booby Trap Anti-Personnel

Recommend the most appropriate type of sensor to detect the target and briefly explain why. Be concise.

**Recommendation:**
Ground Penetrating Radar (GPR)

**Explanation:**
GPR is ideal for detecting buried objects like landmines, especially in sandy soil. It transmits radio waves into the ground and analyzes the reflected signals to identify anomalies indicative of metallic or otherwise dense objects beneath the surface. The dry and sandy soil conditions are favorable for GPR operation.",/content/drive/MyDrive/Capstone/Output/2025-10-28_18-12-21/attentions/attn_0139.json
"You are a sensor expert. Given the following situation:
Context: Voltage: 0.389727645 V, Height: 0.363636364 cm, Soil Type: Dry and Sandy
Target: Land mine Mine Type: Booby Trap Anti-Personnel

Recommend the most appropriate type of sensor to detect the target and briefly explain why. Be concise.

**Recommendation:**
A ground-penetrating radar (GPR) sensor is the most appropriate choice. GPR can effectively detect buried objects like landmines, regardless of soil type, by emitting electromagnetic pulses and analyzing the reflected signals.",/content/drive/MyDrive/Capstone/Output/2025-10-28_18-12-21/attentions/attn_0140.json
"You are a sensor expert. Given the following situation:
Context: Voltage: 0.338368198 V, Height: 0.545454545 cm, Soil Type: Dry and Sandy
Target: Land mine Mine Type: Booby Trap Anti-Personnel

Recommend the most appropriate type of sensor to detect the target and briefly explain why. Be concise.

**Recommendation:**
Ground Penetrating Radar (GPR)

**Explanation:**
GPR is ideal for detecting buried objects like landmines, particularly in dry and sandy soil conditions. It emits radar pulses into the ground and analyzes the reflected signals to create an image of the subsurface, revealing the presence and location of metallic objects.",/content/drive/MyDrive/Capstone/Output/2025-10-28_18-12-21/attentions/attn_0141.json
"You are a sensor expert. Given the following situation:
Context: Voltage: 0.353473918 V, Height: 0.636363636 cm, Soil Type: Dry and Sandy
Target: Land mine Mine Type: Booby Trap Anti-Personnel

Recommend the most appropriate type of sensor to detect the target and briefly explain why. Be concise.

**Recommendation:**
Ground Penetrating Radar (GPR)

**Explanation:**
GPR is best suited for detecting buried objects like landmines due to its ability to image subsurface features without excavation. The sandy soil type is ideal for GPR penetration, and the height measurement suggests a potential buried object.",/content/drive/MyDrive/Capstone/Output/2025-10-28_18-12-21/attentions/attn_0142.json
"You are a sensor expert. Given the following situation:
Context: Voltage: 0.368579638 V, Height: 0.818181818 cm, Soil Type: Dry and Sandy
Target: Land mine Mine Type: Booby Trap Anti-Personnel

Recommend the most appropriate type of sensor to detect the target and briefly explain why. Be concise.

**Recommendation:**
Ground Penetrating Radar (GPR)

**Explanation:**
GPR is ideal for detecting buried objects like landmines, as it can penetrate the ground and map subsurface anomalies caused by the mine's metallic components.",/content/drive/MyDrive/Capstone/Output/2025-10-28_18-12-21/attentions/attn_0143.json
"You are a sensor expert. Given the following situation:
Context: Voltage: 0.36253735 V, Height: 0.909090909 cm, Soil Type: Dry and Sandy
Target: Land mine Mine Type: Booby Trap Anti-Personnel

Recommend the most appropriate type of sensor to detect the target and briefly explain why. Be concise.

**Recommendation:**
Ground Penetrating Radar (GPR)

**Explanation:**
GPR is ideal for detecting buried objects like landmines without disturbing the soil. It transmits radar pulses into the ground and analyzes the reflected signals to identify metallic objects, which are commonly used in booby traps. The dry and sandy soil type is suitable for GPR as it doesn't significantly attenuate the radar waves.",/content/drive/MyDrive/Capstone/Output/2025-10-28_18-12-21/attentions/attn_0144.json
"You are a sensor expert. Given the following situation:
Context: Voltage: 0.501509972 V, Height: 0 cm, Soil Type: Humid and Sandy
Target: Land mine Mine Type: Booby Trap Anti-Personnel

Recommend the most appropriate type of sensor to detect the target and briefly explain why. Be concise.

**Recommendation: Ground Penetrating Radar (GPR)**

**Explanation:** GPR excels at detecting buried objects and anomalies in the soil, particularly metal objects like landmines. Its ability to image subsurface features makes it ideal for locating mines hidden beneath the surface.",/content/drive/MyDrive/Capstone/Output/2025-10-28_18-12-21/attentions/attn_0145.json
"You are a sensor expert. Given the following situation:
Context: Voltage: 0.441087093 V, Height: 0.090909091 cm, Soil Type: Humid and Sandy
Target: Land mine Mine Type: Booby Trap Anti-Personnel

Recommend the most appropriate type of sensor to detect the target and briefly explain why. Be concise.

**Recommendation:**
Ground Penetrating Radar (GPR)

**Explanation:**
GPR is ideal for detecting buried objects like landmines, as it can penetrate the soil and create a subsurface map, revealing the presence of metallic mine components without requiring excavation.",/content/drive/MyDrive/Capstone/Output/2025-10-28_18-12-21/attentions/attn_0146.json
"You are a sensor expert. Given the following situation:
Context: Voltage: 0.404833365 V, Height: 0.363636364 cm, Soil Type: Humid and Sandy
Target: Land mine Mine Type: Booby Trap Anti-Personnel

Recommend the most appropriate type of sensor to detect the target and briefly explain why. Be concise.

**Recommendation:**
Ground Penetrating Radar (GPR)

**Explanation:**
GPR is best suited for detecting buried objects like landmines. It transmits radio waves into the ground and analyzes the reflected signals to create an image of the subsurface. This technique is effective for identifying the presence of metallic objects and can differentiate between different soil types, making it ideal for locating buried anti-personnel booby traps.",/content/drive/MyDrive/Capstone/Output/2025-10-28_18-12-21/attentions/attn_0147.json
"You are a sensor expert. Given the following situation:
Context: Voltage: 0.37764307 V, Height: 0.454545455 cm, Soil Type: Humid and Sandy
Target: Land mine Mine Type: Booby Trap Anti-Personnel

Recommend the most appropriate type of sensor to detect the target and briefly explain why. Be concise.

**Recommendation:**
Ground Penetrating Radar (GPR)

**Explanation:**
GPR is ideal for detecting buried objects like landmines, as it can image the subsurface without excavation. The combination of soil type (sandy) and height (low) suggests a shallow burial, making GPR highly effective.",/content/drive/MyDrive/Capstone/Output/2025-10-28_18-12-21/attentions/attn_0148.json
"You are a sensor expert. Given the following situation:
Context: Voltage: 0.34743163 V, Height: 0.636363636 cm, Soil Type: Humid and Sandy
Target: Land mine Mine Type: Booby Trap Anti-Personnel

Recommend the most appropriate type of sensor to detect the target and briefly explain why. Be concise.

**Recommendation:**
Vibroacoustic sensor.

**Explanation:**
Booby traps, particularly anti-personnel mine types, often rely on a mechanical trigger activated by movement or pressure. Vibroacoustic sensors are highly sensitive to subtle vibrations and acoustic emissions associated with these triggering mechanisms. The humid and sandy soil could potentially dampen other sensor types, but the vibration signature would likely still be detectable.",/content/drive/MyDrive/Capstone/Output/2025-10-28_18-12-21/attentions/attn_0149.json
"You are a sensor expert. Given the following situation:
Context: Voltage: 0.330664214 V, Height: 0.727272727 cm, Soil Type: Humid and Sandy
Target: Land mine Mine Type: Booby Trap Anti-Personnel

Recommend the most appropriate type of sensor to detect the target and briefly explain why. Be concise.

Sensor Type: Ground Penetrating Radar (GPR)
Explanation: GPR can penetrate the soil and detect metallic objects like landmines, especially when combined with soil type information (humid and sandy) to optimize signal transmission.",/content/drive/MyDrive/Capstone/Output/2025-10-28_18-12-21/attentions/attn_0150.json
"You are a sensor expert. Given the following situation:
Context: Voltage: 0.329304766 V, Height: 0.909090909 cm, Soil Type: Humid and Sandy
Target: Land mine Mine Type: Booby Trap Anti-Personnel

Recommend the most appropriate type of sensor to detect the target and briefly explain why. Be concise.

**Recommendation:**

Ground-Penetrating Radar (GPR)

**Explanation:**

GPR is ideal for detecting buried objects like landmines, particularly booby traps. It transmits radar pulses into the ground and analyzes the reflected signals to create an image of the subsurface. This technology can effectively identify the presence and location of metal objects, regardless of soil conditions, making it suitable for the humid and sandy environment.",/content/drive/MyDrive/Capstone/Output/2025-10-28_18-12-21/attentions/attn_0151.json
"You are a sensor expert. Given the following situation:
Context: Voltage: 0.309516206 V, Height: 1 cm, Soil Type: Humid and Sandy
Target: Land mine Mine Type: Booby Trap Anti-Personnel

Recommend the most appropriate type of sensor to detect the target and briefly explain why. Be concise.

**Recommendation:**
**Ground Penetrating Radar (GPR)**

**Explanation:**
GPR is ideal for detecting buried objects like landmines, especially in heterogeneous soil types. It transmits radio waves into the ground and analyzes the reflected signals to create an image of the subsurface. The humid and sandy soil won't significantly impede the radar waves, and the height of 1 cm allows for effective penetration.",/content/drive/MyDrive/Capstone/Output/2025-10-28_18-12-21/attentions/attn_0152.json
"You are a sensor expert. Given the following situation:
Context: Voltage: 0.531721412 V, Height: 0.181818182 cm, Soil Type: Dry and Humus
Target: Land mine Mine Type: Booby Trap Anti-Personnel

Recommend the most appropriate type of sensor to detect the target and briefly explain why. Be concise.

**Recommendation:**
Ground Penetrating Radar (GPR)

**Explanation:**
GPR is best suited for detecting buried objects like landmines. It transmits radio waves into the ground and analyzes the reflected signals to create an image of the subsurface, revealing the presence and location of metallic or otherwise conductive objects, which landmines typically are.",/content/drive/MyDrive/Capstone/Output/2025-10-28_18-12-21/attentions/attn_0153.json
"You are a sensor expert. Given the following situation:
Context: Voltage: 0.504531116 V, Height: 0.272727273 cm, Soil Type: Dry and Humus
Target: Land mine Mine Type: Booby Trap Anti-Personnel

Recommend the most appropriate type of sensor to detect the target and briefly explain why. Be concise.

**Recommendation: Ground Penetrating Radar (GPR)**

**Explanation:**  Booby traps, particularly anti-personnel mine types, are often buried just beneath the surface. GPR can effectively image the subsurface and identify metallic components or changes in soil density indicative of a buried mine without requiring excavation. The ""Dry and Humus"" soil type is relatively conducive to GPR signal propagation.",/content/drive/MyDrive/Capstone/Output/2025-10-28_18-12-21/attentions/attn_0154.json
"You are a sensor expert. Given the following situation:
Context: Voltage: 0.438065949 V, Height: 0.454545455 cm, Soil Type: Dry and Humus
Target: Land mine Mine Type: Booby Trap Anti-Personnel

Recommend the most appropriate type of sensor to detect the target and briefly explain why. Be concise.

**Recommendation:**
Ground Penetrating Radar (GPR)

**Explanation:**
GPR is ideal for detecting buried objects like landmines, as it can penetrate the soil and identify anomalies in the subsurface that indicate the presence of a mine's metallic components.",/content/drive/MyDrive/Capstone/Output/2025-10-28_18-12-21/attentions/attn_0155.json
"You are a sensor expert. Given the following situation:
Context: Voltage: 0.398791077 V, Height: 0.545454545 cm, Soil Type: Dry and Humus
Target: Land mine Mine Type: Booby Trap Anti-Personnel

Recommend the most appropriate type of sensor to detect the target and briefly explain why. Be concise.

**Recommendation:**
Ground Penetrating Radar (GPR)

**Explanation:**
GPR is ideal for detecting buried objects like landmines. It transmits radio waves into the ground and analyzes the reflected signals to create an image of subsurface features, effectively identifying the presence and location of the mine.",/content/drive/MyDrive/Capstone/Output/2025-10-28_18-12-21/attentions/attn_0156.json
"You are a sensor expert. Given the following situation:
Context: Voltage: 0.36253735 V, Height: 0.727272727 cm, Soil Type: Dry and Humus
Target: Land mine Mine Type: Booby Trap Anti-Personnel

Recommend the most appropriate type of sensor to detect the target and briefly explain why. Be concise.

**Recommendation:**
Ground Penetrating Radar (GPR)

**Explanation:**
GPR can detect buried objects and disturbances in the soil without direct contact, crucial for locating mine traps concealed beneath the surface. The soil type (Dry and Humus) is suitable for GPR operation.",/content/drive/MyDrive/Capstone/Output/2025-10-28_18-12-21/attentions/attn_0157.json
"You are a sensor expert. Given the following situation:
Context: Voltage: 0.314199046 V, Height: 0.818181818 cm, Soil Type: Dry and Humus
Target: Land mine Mine Type: Booby Trap Anti-Personnel

Recommend the most appropriate type of sensor to detect the target and briefly explain why. Be concise.

**Recommendation:**
Ground Penetrating Radar (GPR)

**Explanation:**
GPR is ideal for detecting buried objects like landmines without disturbing the soil. It analyzes subsurface radar reflections to identify anomalies indicative of metallic mine components.",/content/drive/MyDrive/Capstone/Output/2025-10-28_18-12-21/attentions/attn_0158.json
"You are a sensor expert. Given the following situation:
Context: Voltage: 0.329304766 V, Height: 1 cm, Soil Type: Dry and Humus
Target: Land mine Mine Type: Booby Trap Anti-Personnel

Recommend the most appropriate type of sensor to detect the target and briefly explain why. Be concise.

**Recommendation:**
A Ground Penetrating Radar (GPR) sensor is the most appropriate choice. 

**Explanation:**
GPR excels at detecting buried objects, particularly metallic objects like landmines, by analyzing the reflected signals from subsurface layers. Its ability to image the soil profile makes it ideal for locating mines without excavation.",/content/drive/MyDrive/Capstone/Output/2025-10-28_18-12-21/attentions/attn_0159.json
"You are a sensor expert. Given the following situation:
Context: Voltage: 0.28125225 V, Height: 0 cm, Soil Type: Humid and Humus
Target: Land mine Mine Type: Booby Trap Anti-Personnel

Recommend the most appropriate type of sensor to detect the target and briefly explain why. Be concise.

**Recommendation:**
Ground Penetrating Radar (GPR)

**Explanation:**
GPR is ideal for detecting buried objects like landmines without disturbing the soil. It analyzes subsurface reflections to identify anomalies indicative of a mine's presence.",/content/drive/MyDrive/Capstone/Output/2025-10-28_18-12-21/attentions/attn_0160.json
"You are a sensor expert. Given the following situation:
Context: Voltage: 0.273866976 V, Height: 0.181818182 cm, Soil Type: Humid and Humus
Target: Land mine Mine Type: Booby Trap Anti-Personnel

Recommend the most appropriate type of sensor to detect the target and briefly explain why. Be concise.

**Recommendation:**
Ground Penetrating Radar (GPR)

**Explanation:**
GPR is ideal for detecting buried objects like land mines without disturbing the soil. It transmits radar pulses into the ground and analyzes the reflected signals to create an image of the subsurface, effectively revealing the presence of a mine buried beneath the surface. The soil type (humid and humus) is suitable for GPR operation.",/content/drive/MyDrive/Capstone/Output/2025-10-28_18-12-21/attentions/attn_0161.json
"You are a sensor expert. Given the following situation:
Context: Voltage: 0.256465241 V, Height: 0.272727273 cm, Soil Type: Humid and Humus
Target: Land mine Mine Type: Booby Trap Anti-Personnel

Recommend the most appropriate type of sensor to detect the target and briefly explain why. Be concise.

**Recommendation:**
Ground Penetrating Radar (GPR)

**Explanation:**
GPR is ideal for detecting buried objects like landmines. It emits radio waves into the ground and analyzes the reflected signals to create an image of the subsurface. Given the humid soil conditions, GPR’s ability to penetrate and differentiate materials makes it the most suitable choice.",/content/drive/MyDrive/Capstone/Output/2025-10-28_18-12-21/attentions/attn_0162.json
"You are a sensor expert. Given the following situation:
Context: Voltage: 0.227522439 V, Height: 0.454545455 cm, Soil Type: Humid and Humus
Target: Land mine Mine Type: Booby Trap Anti-Personnel

Recommend the most appropriate type of sensor to detect the target and briefly explain why. Be concise.

**Recommendation:**
Ground Penetrating Radar (GPR)

**Explanation:**
GPR is best suited for detecting buried objects like land mines, as it can penetrate the soil and identify anomalies in the subsurface without excavation. The soil type (humid and humus) is suitable for GPR operation.",/content/drive/MyDrive/Capstone/Output/2025-10-28_18-12-21/attentions/attn_0163.json
"You are a sensor expert. Given the following situation:
Context: Voltage: 0.235649303 V, Height: 0.545454545 cm, Soil Type: Humid and Humus
Target: Land mine Mine Type: Booby Trap Anti-Personnel

Recommend the most appropriate type of sensor to detect the target and briefly explain why. Be concise.

**Recommendation:**
Ground Penetrating Radar (GPR)

**Explanation:**
GPR is ideal for detecting buried objects like landmines, as it can penetrate the soil to map subsurface anomalies indicative of the mine's presence. The soil type (humid and humus) is suitable for GPR operation.",/content/drive/MyDrive/Capstone/Output/2025-10-28_18-12-21/attentions/attn_0164.json
"You are a sensor expert. Given the following situation:
Context: Voltage: 0.207945319 V, Height: 0.727272727 cm, Soil Type: Humid and Humus
Target: Land mine Mine Type: Booby Trap Anti-Personnel

Recommend the most appropriate type of sensor to detect the target and briefly explain why. Be concise.

**Recommendation:**
Ground Penetrating Radar (GPR)

**Explanation:**
GPR is ideal for detecting buried objects like landmines, as it can penetrate the soil and create a subsurface image revealing the presence of metallic or otherwise contrasting objects. The soil type (humid and humus) is suitable for GPR operation.",/content/drive/MyDrive/Capstone/Output/2025-10-28_18-12-21/attentions/attn_0165.json
"You are a sensor expert. Given the following situation:
Context: Voltage: 0.197733879 V, Height: 0.818181818 cm, Soil Type: Humid and Humus
Target: Land mine Mine Type: Booby Trap Anti-Personnel

Recommend the most appropriate type of sensor to detect the target and briefly explain why. Be concise.

**Recommendation:**
Ground Penetrating Radar (GPR)

**Explanation:**
GPR is ideal for detecting buried objects like land mines without disturbing the soil. It transmits radar pulses into the ground and analyzes the reflected signals to identify anomalies indicative of a mine's presence. The soil type (humid and humus) is suitable for GPR operation.",/content/drive/MyDrive/Capstone/Output/2025-10-28_18-12-21/attentions/attn_0166.json
"You are a sensor expert. Given the following situation:
Context: Voltage: 0.24220528 V, Height: 0.090909091 cm, Soil Type: Dry and Limy
Target: Land mine Mine Type: Booby Trap Anti-Personnel

Recommend the most appropriate type of sensor to detect the target and briefly explain why. Be concise.

**Recommendation:**
Vibrometers
**Explanation:**
Booby traps, particularly anti-personnel mines, often trigger through vibrations caused by movement or disturbance. Vibrometers are highly sensitive to subtle vibrations, making them ideal for detecting the initial stages of a mine activation.",/content/drive/MyDrive/Capstone/Output/2025-10-28_18-12-21/attentions/attn_0167.json
"You are a sensor expert. Given the following situation:
Context: Voltage: 0.240332143 V, Height: 0.181818182 cm, Soil Type: Dry and Limy
Target: Land mine Mine Type: Booby Trap Anti-Personnel

Recommend the most appropriate type of sensor to detect the target and briefly explain why. Be concise.

**Recommendation:**
Ground Penetrating Radar (GPR)
**Explanation:**
GPR can detect buried objects like landmines by analyzing subsurface reflections, particularly effective in dry, limy soil.",/content/drive/MyDrive/Capstone/Output/2025-10-28_18-12-21/attentions/attn_0168.json
"You are a sensor expert. Given the following situation:
Context: Voltage: 0.262839599 V, Height: 0.454545455 cm, Soil Type: Dry and Limy
Target: Land mine Mine Type: Booby Trap Anti-Personnel

Recommend the most appropriate type of sensor to detect the target and briefly explain why. Be concise.

**Recommendation:**
Ground Penetrating Radar (GPR)

**Explanation:**
GPR is ideal for detecting buried objects like landmines, as it can penetrate the soil and create a subsurface image of the target’s location without excavation. The soil type (dry and limy) is not a significant impediment to GPR operation.",/content/drive/MyDrive/Capstone/Output/2025-10-28_18-12-21/attentions/attn_0169.json
"You are a sensor expert. Given the following situation:
Context: Voltage: 0.255860743 V, Height: 0.545454545 cm, Soil Type: Dry and Limy
Target: Land mine Mine Type: Booby Trap Anti-Personnel

Recommend the most appropriate type of sensor to detect the target and briefly explain why. Be concise.

**Recommendation:**
Ground Penetrating Radar (GPR)

**Explanation:**
GPR is ideal for detecting buried objects like land mines, as it can penetrate the soil and identify metallic or otherwise dense anomalies associated with the mine's components. The soil type (Dry and Limy) doesn’t significantly hinder GPR's effectiveness.",/content/drive/MyDrive/Capstone/Output/2025-10-28_18-12-21/attentions/attn_0170.json
"You are a sensor expert. Given the following situation:
Context: Voltage: 0.233987607 V, Height: 0.727272727 cm, Soil Type: Dry and Limy
Target: Land mine Mine Type: Booby Trap Anti-Personnel

Recommend the most appropriate type of sensor to detect the target and briefly explain why. Be concise.

**Recommendation:**
Ground Penetrating Radar (GPR)

**Explanation:**
GPR is ideal for detecting buried objects like landmines. It transmits radar pulses into the ground and analyzes the reflected signals to map subsurface anomalies, effectively bypassing the soil’s interference and revealing the mine’s presence.",/content/drive/MyDrive/Capstone/Output/2025-10-28_18-12-21/attentions/attn_0171.json
"You are a sensor expert. Given the following situation:
Context: Voltage: 0.213096646 V, Height: 0.818181818 cm, Soil Type: Dry and Limy
Target: Land mine Mine Type: Booby Trap Anti-Personnel

Recommend the most appropriate type of sensor to detect the target and briefly explain why. Be concise.

**Recommendation:**
Ground Penetrating Radar (GPR)

**Explanation:**
GPR is ideal for detecting buried objects like landmines. It transmits radio waves into the ground and analyzes the reflected signals to create a subsurface image, effectively “seeing” through the soil to identify anomalies indicative of a buried mine.",/content/drive/MyDrive/Capstone/Output/2025-10-28_18-12-21/attentions/attn_0172.json
"You are a sensor expert. Given the following situation:
Context: Voltage: 0.234924175 V, Height: 1 cm, Soil Type: Dry and Limy
Target: Land mine Mine Type: Booby Trap Anti-Personnel

Recommend the most appropriate type of sensor to detect the target and briefly explain why. Be concise.

**Recommendation:**
VibSensor
**Explanation:**
VibSensors are ideal for detecting the subtle vibrations caused by a booby trap being triggered, which is a common mechanism for anti-personnel landmines. The dry and limy soil, combined with a low voltage reading, may indicate a stable environment conducive to vibration detection.",/content/drive/MyDrive/Capstone/Output/2025-10-28_18-12-21/attentions/attn_0173.json
"You are a sensor expert. Given the following situation:
Context: Voltage: 0.592144292 V, Height: 0 cm, Soil Type: Humid and Limy
Target: Land mine Mine Type: Booby Trap Anti-Personnel

Recommend the most appropriate type of sensor to detect the target and briefly explain why. Be concise.

**Recommendation:**
Ground Penetrating Radar (GPR)

**Explanation:**
GPR is ideal for detecting buried objects like landmines without disturbing the soil. It transmits radar pulses into the ground and analyzes the reflected signals to identify metallic or other subsurface anomalies associated with the mine’s casing.",/content/drive/MyDrive/Capstone/Output/2025-10-28_18-12-21/attentions/attn_0174.json
"You are a sensor expert. Given the following situation:
Context: Voltage: 0.416917941 V, Height: 0.181818182 cm, Soil Type: Humid and Limy
Target: Land mine Mine Type: Booby Trap Anti-Personnel

Recommend the most appropriate type of sensor to detect the target and briefly explain why. Be concise.

**Recommendation:** Ground Penetrating Radar (GPR)

**Explanation:** Land mines, particularly booby traps, are often buried just beneath the surface. GPR excels at detecting subsurface anomalies like metallic objects, making it ideal for locating buried landmines.",/content/drive/MyDrive/Capstone/Output/2025-10-28_18-12-21/attentions/attn_0175.json
"You are a sensor expert. Given the following situation:
Context: Voltage: 0.422960229 V, Height: 0.272727273 cm, Soil Type: Humid and Limy
Target: Land mine Mine Type: Booby Trap Anti-Personnel

Recommend the most appropriate type of sensor to detect the target and briefly explain why. Be concise.

**Recommendation:**
Ground Penetrating Radar (GPR)

**Explanation:**
GPR is ideal for detecting buried objects like landmines without disturbing the soil. It uses radar pulses to image the subsurface, effectively revealing the presence and depth of the mine.",/content/drive/MyDrive/Capstone/Output/2025-10-28_18-12-21/attentions/attn_0176.json
"You are a sensor expert. Given the following situation:
Context: Voltage: 0.407854509 V, Height: 0.454545455 cm, Soil Type: Humid and Limy
Target: Land mine Mine Type: Booby Trap Anti-Personnel

Recommend the most appropriate type of sensor to detect the target and briefly explain why. Be concise.

**Recommendation:**
Ground Penetrating Radar (GPR)

**Explanation:**
GPR is ideal for detecting buried objects like landmines without disturbing the soil. It transmits radar pulses into the ground and analyzes the reflected signals to identify anomalies indicative of a mine's presence.",/content/drive/MyDrive/Capstone/Output/2025-10-28_18-12-21/attentions/attn_0177.json
"You are a sensor expert. Given the following situation:
Context: Voltage: 0.33232591 V, Height: 0.545454545 cm, Soil Type: Humid and Limy
Target: Land mine Mine Type: Booby Trap Anti-Personnel

Recommend the most appropriate type of sensor to detect the target and briefly explain why. Be concise.

**Recommendation: Ground Penetrating Radar (GPR)**

**Explanation:**  GPR is ideal for detecting buried objects like landmines. It transmits radar pulses into the ground and analyzes the reflected signals to create an image of subsurface anomalies, effectively revealing the presence of a mine without disturbing the surface. The soil type (humid and limy) is suitable for GPR operation.",/content/drive/MyDrive/Capstone/Output/2025-10-28_18-12-21/attentions/attn_0178.json
"You are a sensor expert. Given the following situation:
Context: Voltage: 0.329304766 V, Height: 0.727272727 cm, Soil Type: Humid and Limy
Target: Land mine Mine Type: Booby Trap Anti-Personnel

Recommend the most appropriate type of sensor to detect the target and briefly explain why. Be concise.

**Recommendation:**
Ground Penetrating Radar (GPR)

**Explanation:**
GPR is ideal for detecting buried objects like landmines without disturbing the soil. It transmits radar pulses into the ground and analyzes the reflected signals to identify anomalies indicative of the mine's presence. The soil type (humid and limy) is not a major impediment to GPR operation.",/content/drive/MyDrive/Capstone/Output/2025-10-28_18-12-21/attentions/attn_0179.json
"You are a sensor expert. Given the following situation:
Context: Voltage: 0.365558494 V, Height: 0.818181818 cm, Soil Type: Humid and Limy
Target: Land mine Mine Type: Booby Trap Anti-Personnel

Recommend the most appropriate type of sensor to detect the target and briefly explain why. Be concise.

**Recommendation:** Ground Penetrating Radar (GPR)

**Explanation:** GPR is ideal for detecting buried objects like landmines, as it can penetrate the soil to identify metallic components and changes in soil composition indicative of buried devices.",/content/drive/MyDrive/Capstone/Output/2025-10-28_18-12-21/attentions/attn_0180.json
"You are a sensor expert. Given the following situation:
Context: Voltage: 0.329304766 V, Height: 1 cm, Soil Type: Humid and Limy
Target: Land mine Mine Type: Booby Trap Anti-Personnel

Recommend the most appropriate type of sensor to detect the target and briefly explain why. Be concise.

**Recommendation:**

A **Ground Penetrating Radar (GPR)** sensor is the most appropriate choice.

**Explanation:**

GPR can effectively penetrate the soil to detect metallic objects like land mine casings, even at shallow depths (1 cm). The soil type (humid and limy) is generally suitable for GPR operation.",/content/drive/MyDrive/Capstone/Output/2025-10-28_18-12-21/attentions/attn_0181.json
"You are a sensor expert. Given the following situation:
Context: Voltage: 0.58308086 V, Height: 0 cm, Soil Type: Dry and Sandy
Target: Land mine Mine Type: M14 Anti-Personnel

Recommend the most appropriate type of sensor to detect the target and briefly explain why. Be concise.

**Recommendation: Ground Penetrating Radar (GPR)**

**Reasoning:** GPR can effectively detect buried objects like landmines by sending radar pulses into the ground and analyzing the reflected signals. The dry and sandy soil type is suitable for GPR operation.",/content/drive/MyDrive/Capstone/Output/2025-10-28_18-12-21/attentions/attn_0182.json
"You are a sensor expert. Given the following situation:
Context: Voltage: 0.311177902 V, Height: 0.181818182 cm, Soil Type: Dry and Sandy
Target: Land mine Mine Type: M14 Anti-Personnel

Recommend the most appropriate type of sensor to detect the target and briefly explain why. Be concise.

**Recommendation:**
Ground Penetrating Radar (GPR)

**Explanation:**
GPR is ideal for detecting buried objects like landmines. It transmits radar pulses into the ground and analyzes the reflected signals to create a subsurface image, effectively ""seeing"" through the soil to identify the target's location and depth. The dry and sandy soil type is suitable for GPR operation.",/content/drive/MyDrive/Capstone/Output/2025-10-28_18-12-21/attentions/attn_0183.json
"You are a sensor expert. Given the following situation:
Context: Voltage: 0.277945319 V, Height: 0.272727273 cm, Soil Type: Dry and Sandy
Target: Land mine Mine Type: M14 Anti-Personnel

Recommend the most appropriate type of sensor to detect the target and briefly explain why. Be concise.

**Recommendation:**
A ground-penetrating radar (GPR) sensor is the most appropriate choice.

**Explanation:**
GPR excels at detecting buried objects, particularly metallic ones like landmines, by analyzing subsurface reflections. The dry, sandy soil is ideal for GPR operation, and the low voltage reading (likely from a simple voltage divider circuit) doesn't significantly impact its performance.",/content/drive/MyDrive/Capstone/Output/2025-10-28_18-12-21/attentions/attn_0184.json
"You are a sensor expert. Given the following situation:
Context: Voltage: 0.335347054 V, Height: 0.454545455 cm, Soil Type: Dry and Sandy
Target: Land mine Mine Type: M14 Anti-Personnel

Recommend the most appropriate type of sensor to detect the target and briefly explain why. Be concise.

**Recommendation:**
Ground Penetrating Radar (GPR)

**Explanation:**
GPR is ideal for detecting buried objects like landmines, especially in sandy soil. It transmits radar pulses into the ground and analyzes the reflected signals to map subsurface features, effectively revealing the mine's location.",/content/drive/MyDrive/Capstone/Output/2025-10-28_18-12-21/attentions/attn_0185.json
"You are a sensor expert. Given the following situation:
Context: Voltage: 0.229607015 V, Height: 0.545454545 cm, Soil Type: Dry and Sandy
Target: Land mine Mine Type: M14 Anti-Personnel

Recommend the most appropriate type of sensor to detect the target and briefly explain why. Be concise.

**Recommendation:**
Ground Penetrating Radar (GPR)

**Explanation:**
GPR is ideal for detecting buried objects like landmines. It transmits radio waves into the ground and analyzes the reflected signals to create an image of subsurface features, effectively locating the mine without disturbing the surface.",/content/drive/MyDrive/Capstone/Output/2025-10-28_18-12-21/attentions/attn_0186.json
"You are a sensor expert. Given the following situation:
Context: Voltage: 0.290029894 V, Height: 0.727272727 cm, Soil Type: Dry and Sandy
Target: Land mine Mine Type: M14 Anti-Personnel

Recommend the most appropriate type of sensor to detect the target and briefly explain why. Be concise.

**Recommendation:** Ground Penetrating Radar (GPR)

**Explanation:**  Dry and sandy soil presents a challenge for traditional sensors. GPR can penetrate this type of soil to detect metallic targets like the M14 mine, providing a non-destructive method for detection.",/content/drive/MyDrive/Capstone/Output/2025-10-28_18-12-21/attentions/attn_0187.json
"You are a sensor expert. Given the following situation:
Context: Voltage: 0.30211447 V, Height: 0.818181818 cm, Soil Type: Dry and Sandy
Target: Land mine Mine Type: M14 Anti-Personnel

Recommend the most appropriate type of sensor to detect the target and briefly explain why. Be concise.

**Recommendation:**

Ground Penetrating Radar (GPR)

**Explanation:**

GPR excels at detecting buried objects like landmines by transmitting radar pulses into the ground and analyzing the reflected signals. This is particularly effective in dry, sandy soil where other methods may be less reliable. The voltage and height readings provide initial context, but GPR is the best tool for identifying the specific target (M14 mine).",/content/drive/MyDrive/Capstone/Output/2025-10-28_18-12-21/attentions/attn_0188.json
"You are a sensor expert. Given the following situation:
Context: Voltage: 0.314199046 V, Height: 1 cm, Soil Type: Dry and Sandy
Target: Land mine Mine Type: M14 Anti-Personnel

Recommend the most appropriate type of sensor to detect the target and briefly explain why. Be concise.

**Recommendation:**
Ground Penetrating Radar (GPR)

**Explanation:**
GPR is ideal for detecting buried objects like landmines without disturbing the soil. It transmits radar pulses into the ground and analyzes the reflected signals to identify anomalies indicative of the mine's metallic components. The dry and sandy soil type is suitable for GPR operation.",/content/drive/MyDrive/Capstone/Output/2025-10-28_18-12-21/attentions/attn_0189.json
"You are a sensor expert. Given the following situation:
Context: Voltage: 0.558911708 V, Height: 0 cm, Soil Type: Humid and Sandy
Target: Land mine Mine Type: M14 Anti-Personnel

Recommend the most appropriate type of sensor to detect the target and briefly explain why. Be concise.

**Recommendation:**
Ground Penetrating Radar (GPR)

**Explanation:**
GPR is ideal for detecting buried objects like landmines. It transmits radar pulses into the ground and analyzes the reflected signals to create an image of subsurface features, allowing identification of the mine's metallic signature.",/content/drive/MyDrive/Capstone/Output/2025-10-28_18-12-21/attentions/attn_0190.json
"You are a sensor expert. Given the following situation:
Context: Voltage: 0.501509972 V, Height: 0.181818182 cm, Soil Type: Humid and Sandy
Target: Land mine Mine Type: M14 Anti-Personnel

Recommend the most appropriate type of sensor to detect the target and briefly explain why. Be concise.

**Recommendation:**
Ground Penetrating Radar (GPR)

**Explanation:**
GPR is best suited for detecting buried objects like landmines, especially in heterogeneous soil conditions. It works by transmitting radar pulses into the ground and analyzing the reflected signals to identify changes in soil composition and the presence of metallic objects. The humid and sandy soil type, while potentially attenuating signals, doesn't significantly hinder GPR's effectiveness.  The voltage reading (0.50150",/content/drive/MyDrive/Capstone/Output/2025-10-28_18-12-21/attentions/attn_0191.json
"You are a sensor expert. Given the following situation:
Context: Voltage: 0.534742556 V, Height: 0.272727273 cm, Soil Type: Humid and Sandy
Target: Land mine Mine Type: M14 Anti-Personnel

Recommend the most appropriate type of sensor to detect the target and briefly explain why. Be concise.

**Recommendation:**
Ground Penetrating Radar (GPR)

**Explanation:**
GPR is ideal for detecting buried objects like landmines without disturbing the soil. It transmits radar pulses into the ground and analyzes the reflected signals to create an image of the subsurface, effectively revealing the presence of the M14 mine.",/content/drive/MyDrive/Capstone/Output/2025-10-28_18-12-21/attentions/attn_0192.json
"You are a sensor expert. Given the following situation:
Context: Voltage: 0.489425397 V, Height: 0.454545455 cm, Soil Type: Humid and Sandy
Target: Land mine Mine Type: M14 Anti-Personnel

Recommend the most appropriate type of sensor to detect the target and briefly explain why. Be concise.

**Recommendation:**
Ground Penetrating Radar (GPR)

**Explanation:**
GPR is ideal for detecting buried objects like landmines. It transmits radio waves into the ground and analyzes the reflected signals to create an image of the subsurface. This is particularly effective in sandy soils, which are common in minefields, and can differentiate between different materials, increasing the chance of detecting the mine's metallic components.",/content/drive/MyDrive/Capstone/Output/2025-10-28_18-12-21/attentions/attn_0193.json
"You are a sensor expert. Given the following situation:
Context: Voltage: 0.443805988 V, Height: 0.545454545 cm, Soil Type: Humid and Sandy
Target: Land mine Mine Type: M14 Anti-Personnel

Recommend the most appropriate type of sensor to detect the target and briefly explain why. Be concise.

**Recommendation: Ground Penetrating Radar (GPR)**

**Explanation:** GPR is ideal for detecting buried objects like landmines. It transmits radar pulses into the ground and analyzes the reflected signals to create a subsurface image, revealing the presence and location of metallic objects buried beneath the soil. The soil type (humid and sandy) is suitable for GPR operation.",/content/drive/MyDrive/Capstone/Output/2025-10-28_18-12-21/attentions/attn_0194.json
"You are a sensor expert. Given the following situation:
Context: Voltage: 0.389727645 V, Height: 0.727272727 cm, Soil Type: Humid and Sandy
Target: Land mine Mine Type: M14 Anti-Personnel

Recommend the most appropriate type of sensor to detect the target and briefly explain why. Be concise.

**Recommendation:**
Ground Penetrating Radar (GPR)

**Explanation:**
GPR is ideal for detecting buried objects like landmines, providing subsurface imaging without excavation. The soil type (humid and sandy) is suitable for GPR operation.",/content/drive/MyDrive/Capstone/Output/2025-10-28_18-12-21/attentions/attn_0195.json
"You are a sensor expert. Given the following situation:
Context: Voltage: 0.395044805 V, Height: 0.818181818 cm, Soil Type: Humid and Sandy
Target: Land mine Mine Type: M14 Anti-Personnel

Recommend the most appropriate type of sensor to detect the target and briefly explain why. Be concise.

**Recommendation:**
Ground Penetrating Radar (GPR)

**Explanation:**
GPR is ideal for detecting buried objects like landmines. It transmits radar pulses into the ground and analyzes the reflected signals to create an image of the subsurface. This is effective in detecting the metallic body of an M14 mine, especially given the humid and sandy soil conditions which can attenuate other sensor types.",/content/drive/MyDrive/Capstone/Output/2025-10-28_18-12-21/attentions/attn_0196.json
"You are a sensor expert. Given the following situation:
Context: Voltage: 0.365558494 V, Height: 1 cm, Soil Type: Humid and Sandy
Target: Land mine Mine Type: M14 Anti-Personnel

Recommend the most appropriate type of sensor to detect the target and briefly explain why. Be concise.

**Recommendation:**
Ground Penetrating Radar (GPR)

**Explanation:**
GPR is ideal for detecting buried objects like landmines, especially in heterogeneous soil conditions. It can penetrate the soil and image the subsurface, revealing the presence and depth of the mine without excavation. The humid and sandy soil type is suitable for GPR operation.",/content/drive/MyDrive/Capstone/Output/2025-10-28_18-12-21/attentions/attn_0197.json
"You are a sensor expert. Given the following situation:
Context: Voltage: 0.422960229 V, Height: 0.181818182 cm, Soil Type: Dry and Humus
Target: Land mine Mine Type: M14 Anti-Personnel

Recommend the most appropriate type of sensor to detect the target and briefly explain why. Be concise.

**Recommendation:**
Ground Penetrating Radar (GPR)

**Explanation:**
GPR is best suited for detecting buried objects like landmines. It transmits radio waves into the ground, and analyzes the reflected signals to identify changes in soil composition and density, indicating the presence of a metallic landmine.",/content/drive/MyDrive/Capstone/Output/2025-10-28_18-12-21/attentions/attn_0198.json
"You are a sensor expert. Given the following situation:
Context: Voltage: 0.34743163 V, Height: 0.545454545 cm, Soil Type: Dry and Humus
Target: Land mine Mine Type: M14 Anti-Personnel

Recommend the most appropriate type of sensor to detect the target and briefly explain why. Be concise.

**Recommendation:**
Ground Penetrating Radar (GPR)

**Explanation:**
GPR excels at detecting subsurface anomalies, particularly metallic objects like landmines, by emitting radio waves and analyzing their reflections. The soil type (Dry and Humus) is generally suitable for GPR operation.",/content/drive/MyDrive/Capstone/Output/2025-10-28_18-12-21/attentions/attn_0199.json
"You are a sensor expert. Given the following situation:
Context: Voltage: 0.33232591 V, Height: 0.636363636 cm, Soil Type: Dry and Humus
Target: Land mine Mine Type: M14 Anti-Personnel

Recommend the most appropriate type of sensor to detect the target and briefly explain why. Be concise.

**Recommendation:**
Ground Penetrating Radar (GPR)

**Explanation:**
GPR is ideal for detecting buried objects like landmines. It transmits radio waves into the ground and analyzes the reflected signals to create an image of the subsurface, effectively locating the mine without disturbing the surface. The soil type (dry and humus) is not a significant impediment to GPR's performance.",/content/drive/MyDrive/Capstone/Output/2025-10-28_18-12-21/attentions/attn_0200.json
"You are a sensor expert. Given the following situation:
Context: Voltage: 0.296072182 V, Height: 0.909090909 cm, Soil Type: Dry and Humus
Target: Land mine Mine Type: M14 Anti-Personnel

Recommend the most appropriate type of sensor to detect the target and briefly explain why. Be concise.

**Recommendation:**
Ground-Penetrating Radar (GPR)

**Explanation:**
GPR is best suited for detecting buried objects like landmines. It transmits radio waves into the ground and analyzes the reflected signals to create a subsurface image, effectively “seeing” through the soil to locate the mine's metallic components.",/content/drive/MyDrive/Capstone/Output/2025-10-28_18-12-21/attentions/attn_0201.json
"You are a sensor expert. Given the following situation:
Context: Voltage: 0.33232591 V, Height: 1 cm, Soil Type: Dry and Humus
Target: Land mine Mine Type: M14 Anti-Personnel

Recommend the most appropriate type of sensor to detect the target and briefly explain why. Be concise.

**Recommendation:**
Ground Penetrating Radar (GPR)

**Explanation:**
GPR is ideal for detecting buried objects like landmines. It transmits radio waves into the ground and analyzes the reflected signals to create a subsurface image, effectively bypassing soil interference and revealing the presence of metallic targets like the M14 mine.",/content/drive/MyDrive/Capstone/Output/2025-10-28_18-12-21/attentions/attn_0202.json
"You are a sensor expert. Given the following situation:
Context: Voltage: 0.419184136 V, Height: 0.090909091 cm, Soil Type: Humid and Humus
Target: Land mine Mine Type: M14 Anti-Personnel

Recommend the most appropriate type of sensor to detect the target and briefly explain why. Be concise.

**Recommendation:**
Ground Penetrating Radar (GPR)

**Explanation:**
GPR is ideal for detecting buried objects like landmines. It sends radar pulses into the ground and analyzes the reflected signals to create an image of the subsurface, effectively mapping the presence of metallic objects like the M14 mine.",/content/drive/MyDrive/Capstone/Output/2025-10-28_18-12-21/attentions/attn_0203.json
"You are a sensor expert. Given the following situation:
Context: Voltage: 0.422839599 V, Height: 0.181818182 cm, Soil Type: Humid and Humus
Target: Land mine Mine Type: M14 Anti-Personnel

Recommend the most appropriate type of sensor to detect the target and briefly explain why. Be concise.

**Recommendation:**
Ground Penetrating Radar (GPR)

**Explanation:**
GPR is ideal for detecting buried objects like landmines. It transmits radar pulses into the ground and analyzes the reflected signals to create an image of subsurface anomalies, effectively revealing the presence of the mine without disturbing the soil. The soil type (humid and humus) will affect signal propagation, but GPR is still the most suitable option.",/content/drive/MyDrive/Capstone/Output/2025-10-28_18-12-21/attentions/attn_0204.json
"You are a sensor expert. Given the following situation:
Context: Voltage: 0.378368198 V, Height: 0.363636364 cm, Soil Type: Humid and Humus
Target: Land mine Mine Type: M14 Anti-Personnel

Recommend the most appropriate type of sensor to detect the target and briefly explain why. Be concise.

Recommendation: Ground Penetrating Radar (GPR)

Explanation: GPR is ideal for detecting buried objects like landmines without disturbing the soil. The soil type (humid and humus) is suitable for GPR operation.",/content/drive/MyDrive/Capstone/Output/2025-10-28_18-12-21/attentions/attn_0205.json
"You are a sensor expert. Given the following situation:
Context: Voltage: 0.371600782 V, Height: 0.454545455 cm, Soil Type: Humid and Humus
Target: Land mine Mine Type: M14 Anti-Personnel

Recommend the most appropriate type of sensor to detect the target and briefly explain why. Be concise.

Sensor Recommendation: Ground Penetrating Radar (GPR)

Explanation: GPR can effectively detect buried metallic objects like landmines by emitting radar pulses and analyzing the reflected signals. The soil type (humid and humus) can slightly affect the signal but GPR is generally robust in this environment.",/content/drive/MyDrive/Capstone/Output/2025-10-28_18-12-21/attentions/attn_0206.json
"You are a sensor expert. Given the following situation:
Context: Voltage: 0.348791077 V, Height: 0.636363636 cm, Soil Type: Humid and Humus
Target: Land mine Mine Type: M14 Anti-Personnel

Recommend the most appropriate type of sensor to detect the target and briefly explain why. Be concise.

**Recommendation:**
Ground Penetrating Radar (GPR)
**Explanation:**
GPR can effectively detect buried metallic objects like landmines without disturbing the soil, making it ideal for this context.",/content/drive/MyDrive/Capstone/Output/2025-10-28_18-12-21/attentions/attn_0207.json
"You are a sensor expert. Given the following situation:
Context: Voltage: 0.353685358 V, Height: 0.727272727 cm, Soil Type: Humid and Humus
Target: Land mine Mine Type: M14 Anti-Personnel

Recommend the most appropriate type of sensor to detect the target and briefly explain why. Be concise.

**Recommendation:**
Ground Penetrating Radar (GPR)

**Explanation:**
GPR is ideal for detecting buried objects like landmines, as it transmits radar pulses into the ground and analyzes the reflected signals to identify changes in soil composition and density indicative of the mine's presence. The soil type (humid and humus) is well-suited for GPR operation.",/content/drive/MyDrive/Capstone/Output/2025-10-28_18-12-21/attentions/attn_0208.json
"You are a sensor expert. Given the following situation:
Context: Voltage: 0.323262478 V, Height: 0.909090909 cm, Soil Type: Humid and Humus
Target: Land mine Mine Type: M14 Anti-Personnel

Recommend the most appropriate type of sensor to detect the target and briefly explain why. Be concise.

**Recommendation: Ground Penetrating Radar (GPR)**

**Explanation:** GPR excels at detecting buried objects without disturbing the soil, crucial for landmine detection in potentially sensitive areas. It can differentiate between metallic objects like M14 mines and the surrounding soil.",/content/drive/MyDrive/Capstone/Output/2025-10-28_18-12-21/attentions/attn_0209.json
"You are a sensor expert. Given the following situation:
Context: Voltage: 0.295347054 V, Height: 1 cm, Soil Type: Humid and Humus
Target: Land mine Mine Type: M14 Anti-Personnel

Recommend the most appropriate type of sensor to detect the target and briefly explain why. Be concise.

**Recommendation:**
Ground Penetrating Radar (GPR)

**Explanation:**
GPR excels at detecting buried objects and variations in soil density, crucial for locating landmines hidden beneath the surface. The humid and humus soil type can be challenging for other sensors, but GPR's ability to penetrate and map subsurface anomalies makes it ideal for this scenario.",/content/drive/MyDrive/Capstone/Output/2025-10-28_18-12-21/attentions/attn_0210.json
"You are a sensor expert. Given the following situation:
Context: Voltage: 0.471298533 V, Height: 0.181818182 cm, Soil Type: Dry and Limy
Target: Land mine Mine Type: M14 Anti-Personnel

Recommend the most appropriate type of sensor to detect the target and briefly explain why. Be concise.

**Recommendation:**
Ground Penetrating Radar (GPR)
**Explanation:**
GPR is ideal for detecting buried objects like landmines, as it can penetrate the soil and image the subsurface without excavation. The soil type (dry and limy) is not a significant impediment to GPR performance.",/content/drive/MyDrive/Capstone/Output/2025-10-28_18-12-21/attentions/attn_0211.json
"You are a sensor expert. Given the following situation:
Context: Voltage: 0.444108237 V, Height: 0.272727273 cm, Soil Type: Dry and Limy
Target: Land mine Mine Type: M14 Anti-Personnel

Recommend the most appropriate type of sensor to detect the target and briefly explain why. Be concise.

**Recommendation:**
Ground Penetrating Radar (GPR)

**Explanation:**
GPR is ideal for detecting buried objects like landmines without disturbing the soil. It analyzes subsurface radar reflections to identify anomalies associated with the mine's metallic components.",/content/drive/MyDrive/Capstone/Output/2025-10-28_18-12-21/attentions/attn_0212.json
"You are a sensor expert. Given the following situation:
Context: Voltage: 0.383685358 V, Height: 0.454545455 cm, Soil Type: Dry and Limy
Target: Land mine Mine Type: M14 Anti-Personnel

Recommend the most appropriate type of sensor to detect the target and briefly explain why. Be concise.

**Recommendation:**
Ground Penetrating Radar (GPR)

**Explanation:**
GPR is ideal for detecting buried objects like landmines. It transmits radar pulses into the ground and analyzes the reflected signals to create an image of the subsurface, revealing the presence and location of metallic objects (M14 mines) without disturbing the surface.",/content/drive/MyDrive/Capstone/Output/2025-10-28_18-12-21/attentions/attn_0213.json
"You are a sensor expert. Given the following situation:
Context: Voltage: 0.350875653 V, Height: 0.545454545 cm, Soil Type: Dry and Limy
Target: Land mine Mine Type: M14 Anti-Personnel

Recommend the most appropriate type of sensor to detect the target and briefly explain why. Be concise.

**Recommendation:**
A ground-penetrating radar (GPR) sensor is the most appropriate choice. GPR can effectively detect buried objects like landmines by analyzing the changes in soil dielectric permittivity caused by the mine's metallic components.

**Explanation:**

*   **Landmine Detection:** GPR is specifically designed to locate buried objects.
*   **Soil Type:** The ""Dry and Limy"" soil type is suitable for GPR operation.
*   **Voltage:**",/content/drive/MyDrive/Capstone/Output/2025-10-28_18-12-21/attentions/attn_0214.json
"You are a sensor expert. Given the following situation:
Context: Voltage: 0.341389342 V, Height: 0.727272727 cm, Soil Type: Dry and Limy
Target: Land mine Mine Type: M14 Anti-Personnel

Recommend the most appropriate type of sensor to detect the target and briefly explain why. Be concise.

**Recommendation:**
Ground Penetrating Radar (GPR)

**Explanation:**
GPR is ideal for detecting buried objects like landmines. It transmits radar pulses into the ground and analyzes the reflected signals to create an image of subsurface features, effectively revealing the presence and location of the M14 mine.",/content/drive/MyDrive/Capstone/Output/2025-10-28_18-12-21/attentions/attn_0215.json
"You are a sensor expert. Given the following situation:
Context: Voltage: 0.341389342 V, Height: 0.818181818 cm, Soil Type: Dry and Limy
Target: Land mine Mine Type: M14 Anti-Personnel

Recommend the most appropriate type of sensor to detect the target and briefly explain why. Be concise.

**Recommendation: Ground Penetrating Radar (GPR)**

**Explanation:** GPR is ideal for detecting buried objects like landmines. It sends radio waves into the ground and analyzes the reflected signals to create a subsurface image, effectively ""seeing"" through the soil to locate the mine's metallic components. The soil type (dry and limy) is manageable for GPR, though signal penetration might be slightly reduced.",/content/drive/MyDrive/Capstone/Output/2025-10-28_18-12-21/attentions/attn_0216.json
"You are a sensor expert. Given the following situation:
Context: Voltage: 0.296072182 V, Height: 1 cm, Soil Type: Dry and Limy
Target: Land mine Mine Type: M14 Anti-Personnel

Recommend the most appropriate type of sensor to detect the target and briefly explain why. Be concise.

**Recommendation:**
Ground Penetrating Radar (GPR)

**Explanation:**
GPR is ideal for detecting buried objects like landmines without disturbing the soil. It analyzes subsurface radar reflections, effectively imaging the target’s shape and depth, crucial for identifying an M14 mine.",/content/drive/MyDrive/Capstone/Output/2025-10-28_18-12-21/attentions/attn_0217.json
"You are a sensor expert. Given the following situation:
Context: Voltage: 0.495467684 V, Height: 0.090909091 cm, Soil Type: Humid and Limy
Target: Land mine Mine Type: M14 Anti-Personnel

Recommend the most appropriate type of sensor to detect the target and briefly explain why. Be concise.

**Recommendation:**
Ground Penetrating Radar (GPR)

**Explanation:**
GPR can penetrate the soil surface to detect buried objects like landmines, providing information about their depth and shape without excavation. The soil type (humid and limy) is suitable for GPR operation.",/content/drive/MyDrive/Capstone/Output/2025-10-28_18-12-21/attentions/attn_0218.json
"You are a sensor expert. Given the following situation:
Context: Voltage: 0.410875653 V, Height: 0.272727273 cm, Soil Type: Humid and Limy
Target: Land mine Mine Type: M14 Anti-Personnel

Recommend the most appropriate type of sensor to detect the target and briefly explain why. Be concise.

**Recommendation: Ground Penetrating Radar (GPR)**

**Rationale:** GPR can effectively detect buried objects like landmines by analyzing the subsurface radar reflections. It is less affected by soil type and moisture compared to other methods.",/content/drive/MyDrive/Capstone/Output/2025-10-28_18-12-21/attentions/attn_0219.json
"You are a sensor expert. Given the following situation:
Context: Voltage: 0.371600782 V, Height: 0.363636364 cm, Soil Type: Humid and Limy
Target: Land mine Mine Type: M14 Anti-Personnel

Recommend the most appropriate type of sensor to detect the target and briefly explain why. Be concise.

**Recommendation:**
Ground Penetrating Radar (GPR)

**Explanation:**
GPR is ideal for detecting buried objects like landmines without disturbing the soil. It uses radar pulses to image the subsurface, effectively mapping the terrain and identifying the presence of metallic landmines like the M14.",/content/drive/MyDrive/Capstone/Output/2025-10-28_18-12-21/attentions/attn_0220.json
"You are a sensor expert. Given the following situation:
Context: Voltage: 0.323262478 V, Height: 0.545454545 cm, Soil Type: Humid and Limy
Target: Land mine Mine Type: M14 Anti-Personnel

Recommend the most appropriate type of sensor to detect the target and briefly explain why. Be concise.

**Recommendation:**
Ground Penetrating Radar (GPR)

**Explanation:**
GPR is ideal for detecting buried objects like landmines without disturbing the soil. It sends radar pulses into the ground and analyzes the reflected signals to identify the presence and location of metallic objects like the M14 landmine. The soil type (humid and limy) won't significantly impact GPR performance.",/content/drive/MyDrive/Capstone/Output/2025-10-28_18-12-21/attentions/attn_0221.json
"You are a sensor expert. Given the following situation:
Context: Voltage: 0.30211447 V, Height: 0.636363636 cm, Soil Type: Humid and Limy
Target: Land mine Mine Type: M14 Anti-Personnel

Recommend the most appropriate type of sensor to detect the target and briefly explain why. Be concise.

Sensor Recommendation: Ground Penetrating Radar (GPR)
Explanation: GPR is effective at detecting buried objects like landmines, particularly when the soil is relatively moist. The radar signals penetrate the ground, reflecting off any metallic objects, allowing for non-destructive detection.",/content/drive/MyDrive/Capstone/Output/2025-10-28_18-12-21/attentions/attn_0222.json
"You are a sensor expert. Given the following situation:
Context: Voltage: 0.350452774 V, Height: 0.818181818 cm, Soil Type: Humid and Limy
Target: Land mine Mine Type: M14 Anti-Personnel

Recommend the most appropriate type of sensor to detect the target and briefly explain why. Be concise.

**Recommendation:**
Ground Penetrating Radar (GPR)

**Explanation:**
GPR is ideal for detecting buried objects like landmines. It transmits radar pulses into the ground and analyzes the reflected signals to create an image of the subsurface, revealing the presence and location of metallic objects like the M14 mine.  The soil type (Humid and Limy) can affect radar penetration, but GPR is still the best choice for detecting the target.",/content/drive/MyDrive/Capstone/Output/2025-10-28_18-12-21/attentions/attn_0223.json
"You are a sensor expert. Given the following situation:
Context: Voltage: 0.308156758 V, Height: 0.909090909 cm, Soil Type: Humid and Limy
Target: Land mine Mine Type: M14 Anti-Personnel

Recommend the most appropriate type of sensor to detect the target and briefly explain why. Be concise.

**Recommendation: Ground Penetrating Radar (GPR)**

**Explanation:** GPR is ideal for detecting buried objects like landmines. It sends radar pulses into the ground and analyzes the reflected signals to identify changes in soil composition and density caused by the mine's presence. This technology is effective at detecting objects regardless of soil type.",/content/drive/MyDrive/Capstone/Output/2025-10-28_18-12-21/attentions/attn_0224.json
"You are a sensor expert. Given the following situation:
Context: Voltage: 0.320241334 V, Height: 0.090909091 cm, Soil Type: Dry and Sandy
Target: Land mine Mine Type: NA

Recommend the most appropriate type of sensor to detect the target and briefly explain why. Be concise.

**Recommendation:**
A metal detector would be the most appropriate sensor. Landmines are typically constructed of metal, making a metal detector the most reliable method for detection.

**Rationale:**
Metal detectors are specifically designed to identify metallic objects, which is the primary composition of most landmines. The other sensor data (voltage, height, soil type) is irrelevant to this detection task.",/content/drive/MyDrive/Capstone/Output/2025-10-28_18-12-21/attentions/attn_0225.json
"You are a sensor expert. Given the following situation:
Context: Voltage: 0.268881887 V, Height: 0.363636364 cm, Soil Type: Dry and Sandy
Target: Land mine Mine Type: NA

Recommend the most appropriate type of sensor to detect the target and briefly explain why. Be concise.

**Recommendation:**
Ground Penetrating Radar (GPR)

**Explanation:**
GPR is ideal for detecting buried objects like landmines, especially in dry, sandy soil. It transmits radar pulses into the ground and analyzes the reflected signals to map the subsurface. The dry, sandy soil is a good medium for radar penetration, and GPR can effectively identify anomalies indicating the presence of a landmine.",/content/drive/MyDrive/Capstone/Output/2025-10-28_18-12-21/attentions/attn_0226.json
"You are a sensor expert. Given the following situation:
Context: Voltage: 0.250241334 V, Height: 0.636363636 cm, Soil Type: Dry and Sandy
Target: Land mine Mine Type: NA

Recommend the most appropriate type of sensor to detect the target and briefly explain why. Be concise.

**Recommendation:**
Ground Penetrating Radar (GPR)

**Explanation:**
GPR is best suited for detecting buried objects like landmines, particularly in sandy soil. It sends radar pulses into the ground and analyzes the reflected signals to identify anomalies indicative of a metallic mine.",/content/drive/MyDrive/Capstone/Output/2025-10-28_18-12-21/attentions/attn_0227.json
"You are a sensor expert. Given the following situation:
Context: Voltage: 0.253776167 V, Height: 0.909090909 cm, Soil Type: Dry and Sandy
Target: Land mine Mine Type: NA

Recommend the most appropriate type of sensor to detect the target and briefly explain why. Be concise.

**Recommendation:** Ground Penetrating Radar (GPR)

**Explanation:** Given the dry and sandy soil type, which can attenuate electromagnetic signals, and the need to detect a buried target (land mine), GPR is ideal. It transmits radar pulses into the ground and analyzes the reflected signals to identify subsurface anomalies indicative of the land mine.",/content/drive/MyDrive/Capstone/Output/2025-10-28_18-12-21/attentions/attn_0228.json
"You are a sensor expert. Given the following situation:
Context: Voltage: 0.365860743 V, Height: 0.090909091 cm, Soil Type: Humid and Sandy
Target: Land mine Mine Type: NA

Recommend the most appropriate type of sensor to detect the target and briefly explain why. Be concise.

**Recommendation:** Ground Penetrating Radar (GPR)

**Explanation:** The soil type (humid and sandy) is ideal for GPR, which can detect buried objects without disturbing the ground. The voltage reading is irrelevant for this detection method.",/content/drive/MyDrive/Capstone/Output/2025-10-28_18-12-21/attentions/attn_0229.json
"You are a sensor expert. Given the following situation:
Context: Voltage: 0.326072182 V, Height: 0.363636364 cm, Soil Type: Humid and Sandy
Target: Land mine Mine Type: NA

Recommend the most appropriate type of sensor to detect the target and briefly explain why. Be concise.

**Recommendation:**
Ground Penetrating Radar (GPR)

**Explanation:**
GPR is ideal for detecting buried objects like landmines, as it can image subsurface anomalies caused by the mine’s presence without disturbing the soil. It’s particularly well-suited for sandy soil conditions.",/content/drive/MyDrive/Capstone/Output/2025-10-28_18-12-21/attentions/attn_0230.json
"You are a sensor expert. Given the following situation:
Context: Voltage: 0.293776167 V, Height: 0.636363636 cm, Soil Type: Humid and Sandy
Target: Land mine Mine Type: NA

Recommend the most appropriate type of sensor to detect the target and briefly explain why. Be concise.

**Recommendation:**
Ground Penetrating Radar (GPR)

**Explanation:**
GPR is ideal for detecting buried objects like landmines, as it sends radar pulses into the ground and analyzes the reflected signals to create an image of subsurface features. The soil type (humid and sandy) is suitable for GPR operation.",/content/drive/MyDrive/Capstone/Output/2025-10-28_18-12-21/attentions/attn_0231.json
"You are a sensor expert. Given the following situation:
Context: Voltage: 0.244712735 V, Height: 0.909090909 cm, Soil Type: Humid and Sandy
Target: Land mine Mine Type: NA

Recommend the most appropriate type of sensor to detect the target and briefly explain why. Be concise.

**Recommendation:**
Ground Penetrating Radar (GPR)

**Explanation:**
GPR is best suited for detecting buried objects like landmines, as it can penetrate the soil and map subsurface anomalies without excavation. The soil type (humid and sandy) is suitable for GPR operation.",/content/drive/MyDrive/Capstone/Output/2025-10-28_18-12-21/attentions/attn_0232.json
"You are a sensor expert. Given the following situation:
Context: Voltage: 0.296585871 V, Height: 0.090909091 cm, Soil Type: Dry and Humus
Target: Land mine Mine Type: NA

Recommend the most appropriate type of sensor to detect the target and briefly explain why. Be concise.

Based on the provided data, a **Ground Penetrating Radar (GPR)** sensor is the most appropriate choice. GPR can detect buried objects like landmines by transmitting radar pulses into the ground and analyzing the reflected signals, which can be affected by the presence of metallic or otherwise dense objects. The height data (0.090909091 cm) can be used to refine the depth of the radar signal, and the soil type (Dry and Humus) is",/content/drive/MyDrive/Capstone/Output/2025-10-28_18-12-21/attentions/attn_0233.json
"You are a sensor expert. Given the following situation:
Context: Voltage: 0.274712735 V, Height: 0.363636364 cm, Soil Type: Dry and Humus
Target: Land mine Mine Type: NA

Recommend the most appropriate type of sensor to detect the target and briefly explain why. Be concise.

**Recommendation:**

Ground Penetrating Radar (GPR)

**Explanation:**

GPR is best suited for detecting buried objects like landmines. It transmits radar pulses into the ground and analyzes the reflected signals to create an image of the subsurface. This method is effective at identifying metallic objects and can differentiate between soil layers, increasing the chances of locating the mine.",/content/drive/MyDrive/Capstone/Output/2025-10-28_18-12-21/attentions/attn_0234.json
"You are a sensor expert. Given the following situation:
Context: Voltage: 0.280966463 V, Height: 0.636363636 cm, Soil Type: Dry and Humus
Target: Land mine Mine Type: NA

Recommend the most appropriate type of sensor to detect the target and briefly explain why. Be concise.

**Recommendation:**
Ground Penetrating Radar (GPR)

**Explanation:**
GPR can effectively detect buried objects like landmines by sending radio waves into the ground and analyzing the reflected signals. The soil type (dry and humus) isn't ideal for GPR (can cause signal distortion), but it's the best option for detecting the target.",/content/drive/MyDrive/Capstone/Output/2025-10-28_18-12-21/attentions/attn_0235.json
"You are a sensor expert. Given the following situation:
Context: Voltage: 0.229607015 V, Height: 0.909090909 cm, Soil Type: Dry and Humus
Target: Land mine Mine Type: NA

Recommend the most appropriate type of sensor to detect the target and briefly explain why. Be concise.

**Recommendation:**
Ground Penetrating Radar (GPR)

**Explanation:**
GPR is ideal for detecting buried objects like landmines without disturbing the soil. It analyzes subsurface anomalies and can differentiate between soil types and buried metallic objects.",/content/drive/MyDrive/Capstone/Output/2025-10-28_18-12-21/attentions/attn_0236.json
"You are a sensor expert. Given the following situation:
Context: Voltage: 0.31700875 V, Height: 0.090909091 cm, Soil Type: Humid and Humus
Target: Land mine Mine Type: NA

Recommend the most appropriate type of sensor to detect the target and briefly explain why. Be concise.
**Recommendation:**

A **capacitive soil sensor** is the most appropriate choice. 

**Explanation:**

Landmines are often buried beneath a thin layer of soil. Capacitive sensors can detect subtle changes in the dielectric constant of the soil caused by the presence of the mine, offering a non-destructive method for detection. The soil type (humid and humus) is relatively common, and the voltage reading (0.317V) is within a reasonable range for this type of",/content/drive/MyDrive/Capstone/Output/2025-10-28_18-12-21/attentions/attn_0237.json
"You are a sensor expert. Given the following situation:
Context: Voltage: 0.314199046 V, Height: 0.363636364 cm, Soil Type: Humid and Humus
Target: Land mine Mine Type: NA

Recommend the most appropriate type of sensor to detect the target and briefly explain why. Be concise.

**Recommendation:**
Ground Penetrating Radar (GPR)

**Explanation:**
GPR is ideal for detecting buried objects like landmines without disturbing the soil. It emits radio waves that penetrate the ground, and the reflections from the mine's metallic body can be detected, providing a precise location.",/content/drive/MyDrive/Capstone/Output/2025-10-28_18-12-21/attentions/attn_0238.json
"You are a sensor expert. Given the following situation:
Context: Voltage: 0.305135614 V, Height: 0.636363636 cm, Soil Type: Humid and Humus
Target: Land mine Mine Type: NA

Recommend the most appropriate type of sensor to detect the target and briefly explain why. Be concise.
**Recommendation:**

Ground Penetrating Radar (GPR)

**Explanation:**

GPR is ideal for detecting buried objects like landmines, as it transmits radio waves into the ground and analyzes the reflected signals to create a subsurface image. The soil type (humid and humus) is suitable for GPR operation, and the voltage reading (0.305V) doesn't significantly impact the sensor selection.",/content/drive/MyDrive/Capstone/Output/2025-10-28_18-12-21/attentions/attn_0239.json
"You are a sensor expert. Given the following situation:
Context: Voltage: 0.296072182 V, Height: 0.909090909 cm, Soil Type: Humid and Humus
Target: Land mine Mine Type: NA

Recommend the most appropriate type of sensor to detect the target and briefly explain why. Be concise.
Sensor Type: Metal Detector
Explanation: Landmines often contain metal components. A metal detector can reliably detect these components, especially when combined with the soil type information (humus-rich soil can sometimes enhance metal detection).",/content/drive/MyDrive/Capstone/Output/2025-10-28_18-12-21/attentions/attn_0240.json
"You are a sensor expert. Given the following situation:
Context: Voltage: 0.338368198 V, Height: 0.090909091 cm, Soil Type: Dry and Limy
Target: Land mine Mine Type: NA

Recommend the most appropriate type of sensor to detect the target and briefly explain why. Be concise.

**Recommendation:**
Ground Penetrating Radar (GPR)

**Explanation:**
GPR is ideal for detecting buried objects like landmines, as it can penetrate the soil and map subsurface anomalies caused by the mine's presence. The soil type (Dry and Limy) is not a major impediment to GPR performance.",/content/drive/MyDrive/Capstone/Output/2025-10-28_18-12-21/attentions/attn_0241.json
"You are a sensor expert. Given the following situation:
Context: Voltage: 0.30211447 V, Height: 0.363636364 cm, Soil Type: Dry and Limy
Target: Land mine Mine Type: NA

Recommend the most appropriate type of sensor to detect the target and briefly explain why. Be concise.

Sensor Recommendation: **Ground Penetrating Radar (GPR)**

Explanation: GPR can effectively detect buried objects like landmines by transmitting radar pulses into the ground and analyzing the reflected signals. The dry and limy soil type is suitable for GPR operation, and the voltage reading (0.30211447 V) is not directly relevant for landmine detection.",/content/drive/MyDrive/Capstone/Output/2025-10-28_18-12-21/attentions/attn_0242.json
"You are a sensor expert. Given the following situation:
Context: Voltage: 0.33232591 V, Height: 0.636363636 cm, Soil Type: Dry and Limy
Target: Land mine Mine Type: NA

Recommend the most appropriate type of sensor to detect the target and briefly explain why. Be concise.

**Recommendation:**
Ground Penetrating Radar (GPR)

**Explanation:**
GPR is best suited for detecting buried objects like landmines, especially in diverse soil conditions. It transmits radio waves into the ground and analyzes the reflected signals to create an image of subsurface structures. Dry and limy soil can affect other sensor types (e.g., metal detectors), but GPR's ability to differentiate materials based on their dielectric properties makes it reliable.",/content/drive/MyDrive/Capstone/Output/2025-10-28_18-12-21/attentions/attn_0243.json
"You are a sensor expert. Given the following situation:
Context: Voltage: 0.30211447 V, Height: 0.909090909 cm, Soil Type: Dry and Limy
Target: Land mine Mine Type: NA

Recommend the most appropriate type of sensor to detect the target and briefly explain why. Be concise.

**Recommendation:**
Vibrometers.

**Explanation:**
Vibrometers can detect subtle ground vibrations caused by the movement of a land mine, even when the surrounding soil is dry and limy. Their sensitivity is crucial for detecting this type of target in challenging conditions.",/content/drive/MyDrive/Capstone/Output/2025-10-28_18-12-21/attentions/attn_0244.json
"You are a sensor expert. Given the following situation:
Context: Voltage: 0.290029894 V, Height: 0.090909091 cm, Soil Type: Humid and Limy
Target: Land mine Mine Type: NA

Recommend the most appropriate type of sensor to detect the target and briefly explain why. Be concise.

**Recommendation:**
Ground Penetrating Radar (GPR)

**Explanation:**
GPR is ideal for detecting buried objects like landmines without disturbing the soil. It transmits radar pulses into the ground and analyzes the reflected signals to identify anomalies indicative of a mine. The soil type is suitable for GPR operation.",/content/drive/MyDrive/Capstone/Output/2025-10-28_18-12-21/attentions/attn_0245.json
"You are a sensor expert. Given the following situation:
Context: Voltage: 0.259093326 V, Height: 0.363636364 cm, Soil Type: Humid and Limy
Target: Land mine Mine Type: NA

Recommend the most appropriate type of sensor to detect the target and briefly explain why. Be concise.

**Recommendation:**
Ground Penetrating Radar (GPR)

**Explanation:**
GPR is ideal for detecting buried objects like landmines. It transmits radar pulses into the ground and analyzes the reflected signals to create a subsurface image, effectively ""seeing"" through the soil.  The soil type (humid and limy) will influence the signal propagation, but GPR can still provide valuable data.",/content/drive/MyDrive/Capstone/Output/2025-10-28_18-12-21/attentions/attn_0246.json
"You are a sensor expert. Given the following situation:
Context: Voltage: 0.288368198 V, Height: 0.636363636 cm, Soil Type: Humid and Limy
Target: Land mine Mine Type: NA

Recommend the most appropriate type of sensor to detect the target and briefly explain why. Be concise.

**Recommendation:**
Ground Penetrating Radar (GPR)
**Explanation:**
GPR can effectively detect buried objects like landmines by analyzing the subsurface electromagnetic signals. The soil type (humid and limy) is suitable for GPR operation.",/content/drive/MyDrive/Capstone/Output/2025-10-28_18-12-21/attentions/attn_0247.json
"You are a sensor expert. Given the following situation:
Context: Voltage: 0.28700875 V, Height: 1 cm, Soil Type: Humid and Limy
Target: Land mine Mine Type: NA

Recommend the most appropriate type of sensor to detect the target and briefly explain why. Be concise.

**Recommendation:**
Ground Penetrating Radar (GPR)

**Explanation:**
GPR can penetrate the soil to detect subsurface anomalies associated with landmines, even through the soil’s moisture content. The low voltage reading (0.287 V) suggests a relatively shallow depth, making GPR a suitable choice for this scenario.",/content/drive/MyDrive/Capstone/Output/2025-10-28_18-12-21/attentions/attn_0248.json
"You are a sensor expert. Given the following situation:
Context: Voltage: 0.999998728 V, Height: 0.181818182 cm, Soil Type: Dry and Sandy
Target: Land mine Mine Type: Anti-Tank

Recommend the most appropriate type of sensor to detect the target and briefly explain why. Be concise.

**Recommendation:**
Ground Penetrating Radar (GPR)

**Explanation:**
GPR is ideal for detecting buried objects like landmines without disturbing the soil. It uses radar pulses to image the subsurface, effectively mapping the terrain and identifying anomalies indicative of a mine's presence. The dry and sandy soil type is well-suited for GPR operation.",/content/drive/MyDrive/Capstone/Output/2025-10-28_18-12-21/attentions/attn_0249.json
"You are a sensor expert. Given the following situation:
Context: Voltage: 0.78851865 V, Height: 0.454545455 cm, Soil Type: Dry and Sandy
Target: Land mine Mine Type: Anti-Tank

Recommend the most appropriate type of sensor to detect the target and briefly explain why. Be concise.

**Recommendation:**
Ground Penetrating Radar (GPR)

**Explanation:**
GPR is ideal for detecting buried objects like landmines, particularly in sandy soil. It transmits radar pulses into the ground and analyzes the reflected signals to create an image of the subsurface, revealing the presence and location of the mine.  The dry, sandy soil is well-suited for GPR due to its relatively low conductivity.",/content/drive/MyDrive/Capstone/Output/2025-10-28_18-12-21/attentions/attn_0250.json
"You are a sensor expert. Given the following situation:
Context: Voltage: 0.586102004 V, Height: 0.727272727 cm, Soil Type: Dry and Sandy
Target: Land mine Mine Type: Anti-Tank

Recommend the most appropriate type of sensor to detect the target and briefly explain why. Be concise.

**Recommendation:**
Ground Penetrating Radar (GPR)

**Explanation:**
GPR is ideal for detecting buried objects like landmines, especially in sandy soil. It transmits radar pulses into the ground, and analyzes the reflected signals to create an image of the subsurface, revealing the presence and location of the mine.",/content/drive/MyDrive/Capstone/Output/2025-10-28_18-12-21/attentions/attn_0251.json
"You are a sensor expert. Given the following situation:
Context: Voltage: 0.439213957 V, Height: 1 cm, Soil Type: Dry and Sandy
Target: Land mine Mine Type: Anti-Tank

Recommend the most appropriate type of sensor to detect the target and briefly explain why. Be concise.

Recommendation: **Ground Penetrating Radar (GPR)**

Explanation: GPR is ideal for detecting buried metallic objects like landmines, especially in dry, sandy soil. It transmits radio waves into the ground and analyzes the reflected signals to create an image of the subsurface, revealing the presence and location of the mine.",/content/drive/MyDrive/Capstone/Output/2025-10-28_18-12-21/attentions/attn_0252.json
"You are a sensor expert. Given the following situation:
Context: Voltage: 0.999998728 V, Height: 0.181818182 cm, Soil Type: Humid and Sandy
Target: Land mine Mine Type: Anti-Tank

Recommend the most appropriate type of sensor to detect the target and briefly explain why. Be concise.

**Recommendation:**
Ground Penetrating Radar (GPR)

**Explanation:**
GPR is ideal for detecting buried objects like landmines, especially in heterogeneous soil conditions like sandy and humid soil. It sends radar pulses into the ground and analyzes the reflected signals to create an image of subsurface features. This is more effective than voltage or height sensors which are too general for this specific target.",/content/drive/MyDrive/Capstone/Output/2025-10-28_18-12-21/attentions/attn_0253.json
"You are a sensor expert. Given the following situation:
Context: Voltage: 0.725074626 V, Height: 0.454545455 cm, Soil Type: Humid and Sandy
Target: Land mine Mine Type: Anti-Tank

Recommend the most appropriate type of sensor to detect the target and briefly explain why. Be concise.

**Recommendation:**
Ground Penetrating Radar (GPR)

**Explanation:**
GPR is ideal for detecting buried objects like landmines, especially in heterogeneous soil conditions (humid and sandy). It transmits radar pulses into the ground and analyzes the reflected signals to create an image of the subsurface, revealing the presence and location of metallic objects.",/content/drive/MyDrive/Capstone/Output/2025-10-28_18-12-21/attentions/attn_0254.json
"You are a sensor expert. Given the following situation:
Context: Voltage: 0.534742556 V, Height: 0.727272727 cm, Soil Type: Humid and Sandy
Target: Land mine Mine Type: Anti-Tank

Recommend the most appropriate type of sensor to detect the target and briefly explain why. Be concise.

**Recommendation: Ground Penetrating Radar (GPR)**

**Explanation:** GPR can effectively detect buried metallic objects like anti-tank landmines, regardless of soil type. The voltage and height data provide context, but the target's metallic nature necessitates a technique that can image the subsurface.",/content/drive/MyDrive/Capstone/Output/2025-10-28_18-12-21/attentions/attn_0255.json
"You are a sensor expert. Given the following situation:
Context: Voltage: 0.450150525 V, Height: 1 cm, Soil Type: Humid and Sandy
Target: Land mine Mine Type: Anti-Tank

Recommend the most appropriate type of sensor to detect the target and briefly explain why. Be concise.

**Recommendation:**
Ground Penetrating Radar (GPR)

**Explanation:**
GPR is ideal for detecting buried objects like landmines without disturbing the soil. The humid and sandy soil is suitable for GPR operation, and the low voltage reading suggests a shallow target.",/content/drive/MyDrive/Capstone/Output/2025-10-28_18-12-21/attentions/attn_0256.json
"You are a sensor expert. Given the following situation:
Context: Voltage: 0.513594548 V, Height: 0.181818182 cm, Soil Type: Dry and Humus
Target: Land mine Mine Type: Anti-Tank

Recommend the most appropriate type of sensor to detect the target and briefly explain why. Be concise.

Recommended Sensor: Ground Penetrating Radar (GPR)

Explanation: GPR is ideal for detecting buried objects like landmines, as it transmits radio waves into the ground and analyzes the reflected signals to create an image of the subsurface. This is particularly effective for detecting metallic landmines regardless of soil conditions.",/content/drive/MyDrive/Capstone/Output/2025-10-28_18-12-21/attentions/attn_0257.json
"You are a sensor expert. Given the following situation:
Context: Voltage: 0.480361965 V, Height: 0.454545455 cm, Soil Type: Dry and Humus
Target: Land mine Mine Type: Anti-Tank

Recommend the most appropriate type of sensor to detect the target and briefly explain why. Be concise.

**Recommendation:**
Ground Penetrating Radar (GPR)

**Explanation:**
GPR is ideal for detecting buried objects like landmines without disturbing the soil. It emits radio waves that penetrate the ground, reflecting off of objects, allowing for detailed imaging of the subsurface.",/content/drive/MyDrive/Capstone/Output/2025-10-28_18-12-21/attentions/attn_0258.json
"You are a sensor expert. Given the following situation:
Context: Voltage: 0.371600782 V, Height: 0.727272727 cm, Soil Type: Dry and Humus
Target: Land mine Mine Type: Anti-Tank

Recommend the most appropriate type of sensor to detect the target and briefly explain why. Be concise.

**Recommendation:**
Ground Penetrating Radar (GPR)

**Explanation:**
GPR is ideal for detecting buried objects like landmines. It transmits radar pulses into the ground and analyzes the reflected signals to create a subsurface image, revealing the presence and location of the mine without disturbing the soil.",/content/drive/MyDrive/Capstone/Output/2025-10-28_18-12-21/attentions/attn_0259.json
"You are a sensor expert. Given the following situation:
Context: Voltage: 0.999998728 V, Height: 0.090909091 cm, Soil Type: Humid and Humus
Target: Land mine Mine Type: Anti-Tank

Recommend the most appropriate type of sensor to detect the target and briefly explain why. Be concise.

**Recommendation:**
Ground Penetrating Radar (GPR)

**Explanation:**
GPR is ideal for detecting buried objects like landmines without disturbing the soil. It sends radar pulses into the ground and analyzes the reflected signals to map subsurface features. The soil type (humid and humus) is suitable for GPR operation.",/content/drive/MyDrive/Capstone/Output/2025-10-28_18-12-21/attentions/attn_0260.json
"You are a sensor expert. Given the following situation:
Context: Voltage: 0.71299005 V, Height: 0.363636364 cm, Soil Type: Humid and Humus
Target: Land mine Mine Type: Anti-Tank

Recommend the most appropriate type of sensor to detect the target and briefly explain why. Be concise.

**Recommendation:**
Ground Penetrating Radar (GPR)

**Explanation:**
GPR is ideal for detecting buried objects like landmines without disturbing the soil. The soil type (humid and humus) is suitable for GPR operation.",/content/drive/MyDrive/Capstone/Output/2025-10-28_18-12-21/attentions/attn_0261.json
"You are a sensor expert. Given the following situation:
Context: Voltage: 0.628398019 V, Height: 0.636363636 cm, Soil Type: Humid and Humus
Target: Land mine Mine Type: Anti-Tank

Recommend the most appropriate type of sensor to detect the target and briefly explain why. Be concise.

Recommendation: **Ground Penetrating Radar (GPR)**

Explanation:  GPR is ideal for detecting buried objects like landmines, especially considering the soil type (humus-rich) which can attenuate electromagnetic waves. It provides subsurface imaging without disturbing the ground.",/content/drive/MyDrive/Capstone/Output/2025-10-28_18-12-21/attentions/attn_0262.json
"You are a sensor expert. Given the following situation:
Context: Voltage: 0.483383109 V, Height: 0.909090909 cm, Soil Type: Humid and Humus
Target: Land mine Mine Type: Anti-Tank

Recommend the most appropriate type of sensor to detect the target and briefly explain why. Be concise.

**Recommendation:**
Ground Penetrating Radar (GPR)

**Explanation:**
GPR is ideal for detecting buried objects like landmines without disturbing the soil. It utilizes radar pulses to image the subsurface, effectively identifying the presence and location of the target.",/content/drive/MyDrive/Capstone/Output/2025-10-28_18-12-21/attentions/attn_0263.json
"You are a sensor expert. Given the following situation:
Context: Voltage: 0.999998728 V, Height: 0.090909091 cm, Soil Type: Dry and Limy
Target: Land mine Mine Type: Anti-Tank

Recommend the most appropriate type of sensor to detect the target and briefly explain why. Be concise.

**Recommendation:**
Ground Penetrating Radar (GPR)

**Explanation:**
GPR is ideal for detecting buried objects like landmines without disturbing the soil. It transmits radar pulses into the ground and analyzes the reflected signals to map the subsurface. The dry, limy soil composition won't significantly interfere with GPR's operation.",/content/drive/MyDrive/Capstone/Output/2025-10-28_18-12-21/attentions/attn_0264.json
"You are a sensor expert. Given the following situation:
Context: Voltage: 0.999998728 V, Height: 0.363636364 cm, Soil Type: Dry and Limy
Target: Land mine Mine Type: Anti-Tank

Recommend the most appropriate type of sensor to detect the target and briefly explain why. Be concise.

Recommendation:
Ground Penetrating Radar (GPR)

Explanation:
GPR is best suited for detecting buried objects like landmines without disturbing the soil. It utilizes radar pulses to image subsurface features, effectively identifying the presence and location of the target. The dry and limy soil type is not a significant impediment to GPR operation.",/content/drive/MyDrive/Capstone/Output/2025-10-28_18-12-21/attentions/attn_0265.json
"You are a sensor expert. Given the following situation:
Context: Voltage: 0.851962673 V, Height: 0.636363636 cm, Soil Type: Dry and Limy
Target: Land mine Mine Type: Anti-Tank

Recommend the most appropriate type of sensor to detect the target and briefly explain why. Be concise.

**Recommendation:**
Ground Penetrating Radar (GPR)

**Explanation:**
GPR is ideal for detecting buried objects like landmines, as it transmits radio waves into the ground and analyzes the reflected signals to map subsurface features. The soil type (dry and limy) is not a significant impediment to GPR operation.",/content/drive/MyDrive/Capstone/Output/2025-10-28_18-12-21/attentions/attn_0266.json
"You are a sensor expert. Given the following situation:
Context: Voltage: 0.592144292 V, Height: 0.909090909 cm, Soil Type: Dry and Limy
Target: Land mine Mine Type: Anti-Tank

Recommend the most appropriate type of sensor to detect the target and briefly explain why. Be concise.

**Recommendation:** Ground Penetrating Radar (GPR)

**Explanation:** The presence of a buried anti-tank landmine is best detected by identifying changes in the soil's dielectric properties. GPR is ideal for this as it emits radar pulses that penetrate the ground and reflect off buried objects, providing a detailed subsurface image. The dry, limy soil type is suitable for GPR operation.",/content/drive/MyDrive/Capstone/Output/2025-10-28_18-12-21/attentions/attn_0267.json
"You are a sensor expert. Given the following situation:
Context: Voltage: 0.99395644 V, Height: 0.090909091 cm, Soil Type: Humid and Limy
Target: Land mine Mine Type: Anti-Tank

Recommend the most appropriate type of sensor to detect the target and briefly explain why. Be concise.

**Recommendation:**
Ground Penetrating Radar (GPR)

**Explanation:**
GPR is ideal for detecting buried objects like landmines without disturbing the soil. It emits radio waves that penetrate the ground and reflect off underground objects, providing a detailed image of the subsurface. The soil type (humid and limy) is not a major impediment to GPR operation.",/content/drive/MyDrive/Capstone/Output/2025-10-28_18-12-21/attentions/attn_0268.json
"You are a sensor expert. Given the following situation:
Context: Voltage: 0.779455218 V, Height: 0.363636364 cm, Soil Type: Humid and Limy
Target: Land mine Mine Type: Anti-Tank

Recommend the most appropriate type of sensor to detect the target and briefly explain why. Be concise.

**Recommendation:**
Ground Penetrating Radar (GPR)

**Explanation:**
GPR is ideal for detecting buried objects like landmines without disturbing the soil. It transmits radar pulses into the ground and analyzes the reflected signals to create an image of the subsurface. This is particularly useful for identifying the presence of metallic landmines buried at shallow depths, which is what we have based on the soil type and height.",/content/drive/MyDrive/Capstone/Output/2025-10-28_18-12-21/attentions/attn_0269.json
"You are a sensor expert. Given the following situation:
Context: Voltage: 0.655588315 V, Height: 0.636363636 cm, Soil Type: Humid and Limy
Target: Land mine Mine Type: Anti-Tank

Recommend the most appropriate type of sensor to detect the target and briefly explain why. Be concise.

**Recommendation:**
Ground Penetrating Radar (GPR)

**Explanation:**
GPR is ideal for detecting buried objects like landmines, especially considering the soil type. It transmits radar pulses into the ground and analyzes the reflected signals to identify anomalies indicative of metallic landmine bodies.",/content/drive/MyDrive/Capstone/Output/2025-10-28_18-12-21/attentions/attn_0270.json
"You are a sensor expert. Given the following situation:
Context: Voltage: 0.444108237 V, Height: 0.909090909 cm, Soil Type: Humid and Limy
Target: Land mine Mine Type: Anti-Tank

Recommend the most appropriate type of sensor to detect the target and briefly explain why. Be concise.

**Recommendation:**
Ground Penetrating Radar (GPR)

**Explanation:**
GPR is ideal for detecting buried objects like landmines without disturbing the soil. It transmits radar pulses into the ground, and the reflections from the mine's metallic components provide a clear image of its location. The soil type (humid and limy) is not a significant factor for GPR.",/content/drive/MyDrive/Capstone/Output/2025-10-28_18-12-21/attentions/attn_0271.json
"You are a sensor expert. Given the following situation:
Context: Voltage: 0.374621926 V, Height: 0.090909091 cm, Soil Type: Dry and Sandy
Target: Land mine Mine Type: Anti-Personnel

Recommend the most appropriate type of sensor to detect the target and briefly explain why. Be concise.

**Recommendation:**
Ground Penetrating Radar (GPR)

**Explanation:**
GPR is best suited for detecting buried objects like landmines, particularly in sandy soil conditions. It transmits radar pulses into the ground and analyzes the reflected signals to map the subsurface, revealing the presence of metallic landmines.",/content/drive/MyDrive/Capstone/Output/2025-10-28_18-12-21/attentions/attn_0272.json
"You are a sensor expert. Given the following situation:
Context: Voltage: 0.344410486 V, Height: 0.363636364 cm, Soil Type: Dry and Sandy
Target: Land mine Mine Type: Anti-Personnel

Recommend the most appropriate type of sensor to detect the target and briefly explain why. Be concise.

**Recommendation:**
Ground Penetrating Radar (GPR)

**Explanation:**
GPR is ideal for detecting buried objects like landmines, particularly in sandy soil. It transmits radar pulses into the ground and analyzes the reflected signals to create an image of subsurface features, revealing the presence of the mine without disturbing the surface.",/content/drive/MyDrive/Capstone/Output/2025-10-28_18-12-21/attentions/attn_0273.json
"You are a sensor expert. Given the following situation:
Context: Voltage: 0.315558494 V, Height: 0.636363636 cm, Soil Type: Dry and Sandy
Target: Land mine Mine Type: Anti-Personnel

Recommend the most appropriate type of sensor to detect the target and briefly explain why. Be concise.

**Recommendation:**
Ground Penetrating Radar (GPR)

**Explanation:**
GPR is ideal for detecting buried objects like landmines, especially in sandy soil, as it utilizes radar pulses to image the subsurface without excavation.",/content/drive/MyDrive/Capstone/Output/2025-10-28_18-12-21/attentions/attn_0274.json
"You are a sensor expert. Given the following situation:
Context: Voltage: 0.303685358 V, Height: 0.909090909 cm, Soil Type: Dry and Sandy
Target: Land mine Mine Type: Anti-Personnel

Recommend the most appropriate type of sensor to detect the target and briefly explain why. Be concise.

**Recommendation:**
Ground Penetrating Radar (GPR)

**Explanation:**
GPR is best suited for detecting buried objects like landmines, particularly in sandy soil conditions. It transmits radio waves into the ground and analyzes the reflected signals to create an image of the subsurface. Dry sandy soil is ideal for GPR as it offers good penetration and signal clarity.",/content/drive/MyDrive/Capstone/Output/2025-10-28_18-12-21/attentions/attn_0275.json
"You are a sensor expert. Given the following situation:
Context: Voltage: 0.492446541 V, Height: 0.272727273 cm, Soil Type: Humid and Sandy
Target: Land mine Mine Type: Anti-Personnel

Recommend the most appropriate type of sensor to detect the target and briefly explain why. Be concise.

**Recommendation:**
Ground Penetrating Radar (GPR)

**Explanation:**
GPR is ideal for detecting buried objects like landmines. It transmits radio waves into the ground and analyzes the reflected signals to create a subsurface image, effectively ""seeing"" through the soil to locate the mine. The soil type (humid and sandy) is compatible with GPR operation.",/content/drive/MyDrive/Capstone/Output/2025-10-28_18-12-21/attentions/attn_0276.json
"You are a sensor expert. Given the following situation:
Context: Voltage: 0.374706501 V, Height: 0.545454545 cm, Soil Type: Humid and Sandy
Target: Land mine Mine Type: Anti-Personnel

Recommend the most appropriate type of sensor to detect the target and briefly explain why. Be concise.

**Recommendation:**
Ground Penetrating Radar (GPR)

**Explanation:**
GPR is ideal for detecting buried objects like landmines, especially in heterogeneous soil conditions (humid and sandy). It transmits radio waves into the ground and analyzes the reflected signals to create an image of the subsurface, effectively locating the mine's depth and shape.",/content/drive/MyDrive/Capstone/Output/2025-10-28_18-12-21/attentions/attn_0277.json
"You are a sensor expert. Given the following situation:
Context: Voltage: 0.356072182 V, Height: 0.818181818 cm, Soil Type: Humid and Sandy
Target: Land mine Mine Type: Anti-Personnel

Recommend the most appropriate type of sensor to detect the target and briefly explain why. Be concise.

**Recommendation:**
Ground Penetrating Radar (GPR)

**Explanation:**
GPR is best suited for detecting buried objects like landmines, as it can penetrate the soil and identify metallic or otherwise contrasting anomalies in the ground profile. The soil type (Humid and Sandy) is suitable for GPR operation.",/content/drive/MyDrive/Capstone/Output/2025-10-28_18-12-21/attentions/attn_0278.json
"You are a sensor expert. Given the following situation:
Context: Voltage: 0.534742556 V, Height: 0 cm, Soil Type: Dry and Humus
Target: Land mine Mine Type: Anti-Personnel

Recommend the most appropriate type of sensor to detect the target and briefly explain why. Be concise.

**Recommendation:**
Ground Penetrating Radar (GPR)

**Explanation:**
GPR is ideal for detecting buried objects like landmines, as it transmits radar pulses into the ground and analyzes the reflected signals to create an image of the subsurface. The dry and humus soil is suitable for GPR operation.",/content/drive/MyDrive/Capstone/Output/2025-10-28_18-12-21/attentions/attn_0279.json
"You are a sensor expert. Given the following situation:
Context: Voltage: 0.395769933 V, Height: 0.272727273 cm, Soil Type: Dry and Humus
Target: Land mine Mine Type: Anti-Personnel

Recommend the most appropriate type of sensor to detect the target and briefly explain why. Be concise.

**Recommendation:**
Ground Penetrating Radar (GPR)

**Explanation:**
GPR is best suited for detecting buried objects like landmines, particularly those concealed beneath soil. It transmits radar pulses into the ground and analyzes the reflected signals to create an image of the subsurface, revealing the presence and location of metallic objects. The soil type (dry and humus) is not a significant impediment to GPR operation.",/content/drive/MyDrive/Capstone/Output/2025-10-28_18-12-21/attentions/attn_0280.json
"You are a sensor expert. Given the following situation:
Context: Voltage: 0.353473918 V, Height: 0.545454545 cm, Soil Type: Dry and Humus
Target: Land mine Mine Type: Anti-Personnel

Recommend the most appropriate type of sensor to detect the target and briefly explain why. Be concise.

Recommendation: Ground Penetrating Radar (GPR)

Explanation: GPR can detect buried objects like landmines by emitting radar pulses and analyzing the reflected signals, effectively bypassing the soil's surface properties and identifying metallic targets.",/content/drive/MyDrive/Capstone/Output/2025-10-28_18-12-21/attentions/attn_0281.json
"You are a sensor expert. Given the following situation:
Context: Voltage: 0.280966463 V, Height: 0.818181818 cm, Soil Type: Dry and Humus
Target: Land mine Mine Type: Anti-Personnel

Recommend the most appropriate type of sensor to detect the target and briefly explain why. Be concise.

**Recommendation: Ground Penetrating Radar (GPR)**

**Explanation:** GPR can detect buried objects like landmines by analyzing the reflected signals from subsurface changes caused by the mine's metallic components. It’s effective in varying soil conditions and can differentiate between the mine and the surrounding soil.",/content/drive/MyDrive/Capstone/Output/2025-10-28_18-12-21/attentions/attn_0282.json
"You are a sensor expert. Given the following situation:
Context: Voltage: 0.480361965 V, Height: 0.090909091 cm, Soil Type: Humid and Humus
Target: Land mine Mine Type: Anti-Personnel

Recommend the most appropriate type of sensor to detect the target and briefly explain why. Be concise.

**Recommendation:**
Ground Penetrating Radar (GPR)

**Explanation:**
GPR is best suited for detecting buried objects like landmines, as it can penetrate the soil and create a subsurface image of the target's location without disturbing the surface. The soil type (humid and humus) is suitable for GPR operation.",/content/drive/MyDrive/Capstone/Output/2025-10-28_18-12-21/attentions/attn_0283.json
"You are a sensor expert. Given the following situation:
Context: Voltage: 0.432023661 V, Height: 0.363636364 cm, Soil Type: Humid and Humus
Target: Land mine Mine Type: Anti-Personnel

Recommend the most appropriate type of sensor to detect the target and briefly explain why. Be concise.

**Recommendation: Ground Penetrating Radar (GPR)**

**Rationale:** GPR can effectively detect buried objects like landmines without disturbing the soil. It analyzes subsurface radar reflections, allowing identification based on the target's shape and material contrast with the surrounding soil. The soil type (humid and humus) is suitable for GPR operation.",/content/drive/MyDrive/Capstone/Output/2025-10-28_18-12-21/attentions/attn_0284.json
"You are a sensor expert. Given the following situation:
Context: Voltage: 0.271903031 V, Height: 0.636363636 cm, Soil Type: Humid and Humus
Target: Land mine Mine Type: Anti-Personnel

Recommend the most appropriate type of sensor to detect the target and briefly explain why. Be concise.

**Recommendation:**
Ground Penetrating Radar (GPR)

**Explanation:**
GPR is ideal for detecting buried objects like landmines, as it transmits radar pulses into the ground and analyzes the reflected signals to create an image of the subsurface. It's effective in varying soil types and can differentiate between different materials.",/content/drive/MyDrive/Capstone/Output/2025-10-28_18-12-21/attentions/attn_0285.json
"You are a sensor expert. Given the following situation:
Context: Voltage: 0.30211447 V, Height: 0.909090909 cm, Soil Type: Humid and Humus
Target: Land mine Mine Type: Anti-Personnel

Recommend the most appropriate type of sensor to detect the target and briefly explain why. Be concise.

**Recommendation:**
Ground Penetrating Radar (GPR)

**Explanation:**
GPR can effectively detect buried metallic objects like landmines, especially when coupled with data from other sensors (voltage, height, soil type). The soil type (humid and humus) can affect GPR signal propagation, but its ability to image subsurface targets makes it ideal for this task.",/content/drive/MyDrive/Capstone/Output/2025-10-28_18-12-21/attentions/attn_0286.json
"You are a sensor expert. Given the following situation:
Context: Voltage: 0.549848276 V, Height: 0.272727273 cm, Soil Type: Dry and Limy
Target: Land mine Mine Type: Anti-Personnel

Recommend the most appropriate type of sensor to detect the target and briefly explain why. Be concise.

**Recommendation:** Ground Penetrating Radar (GPR)

**Explanation:** GPR is ideal for detecting buried objects like landmines, particularly when soil type is known to be challenging (dry and limy). It transmits radar pulses into the ground and analyzes the reflected signals to create a subsurface image, effectively ""seeing"" through the soil.",/content/drive/MyDrive/Capstone/Output/2025-10-28_18-12-21/attentions/attn_0287.json
"You are a sensor expert. Given the following situation:
Context: Voltage: 0.416917941 V, Height: 0.545454545 cm, Soil Type: Dry and Limy
Target: Land mine Mine Type: Anti-Personnel

Recommend the most appropriate type of sensor to detect the target and briefly explain why. Be concise.

**Recommendation:**
Ground Penetrating Radar (GPR)

**Explanation:**
GPR is ideal for detecting buried objects like landmines, as it can penetrate the soil and map subsurface anomalies. The dry, limy soil type won't significantly hinder its effectiveness.",/content/drive/MyDrive/Capstone/Output/2025-10-28_18-12-21/attentions/attn_0288.json
"You are a sensor expert. Given the following situation:
Context: Voltage: 0.380664214 V, Height: 0.818181818 cm, Soil Type: Dry and Limy
Target: Land mine Mine Type: Anti-Personnel

Recommend the most appropriate type of sensor to detect the target and briefly explain why. Be concise.

**Recommendation:**
Ground Penetrating Radar (GPR)

**Explanation:**
GPR is ideal for detecting buried objects like landmines, as it can penetrate the soil and image the subsurface structures without excavation. The dry and limy soil is suitable for GPR operation.",/content/drive/MyDrive/Capstone/Output/2025-10-28_18-12-21/attentions/attn_0289.json
"You are a sensor expert. Given the following situation:
Context: Voltage: 0.752264922 V, Height: 0.090909091 cm, Soil Type: Humid and Limy
Target: Land mine Mine Type: Anti-Personnel

Recommend the most appropriate type of sensor to detect the target and briefly explain why. Be concise.

**Recommendation:** Ground Penetrating Radar (GPR)

**Explanation:**  GPR is ideal for detecting buried objects like landmines. It transmits radar pulses into the ground and analyzes the reflected signals to create an image of subsurface features, effectively bypassing surface conditions like soil type and moisture.",/content/drive/MyDrive/Capstone/Output/2025-10-28_18-12-21/attentions/attn_0290.json
"You are a sensor expert. Given the following situation:
Context: Voltage: 0.52265798 V, Height: 0.363636364 cm, Soil Type: Humid and Limy
Target: Land mine Mine Type: Anti-Personnel

Recommend the most appropriate type of sensor to detect the target and briefly explain why. Be concise.

Recommendation: Ground Penetrating Radar (GPR)

Explanation:  GPR is ideal for detecting buried objects like landmines, especially in varied soil types. It can penetrate the soil and identify anomalies caused by the mine's metallic components.  Voltage and height data are less relevant to this target and soil type.",/content/drive/MyDrive/Capstone/Output/2025-10-28_18-12-21/attentions/attn_0291.json
"You are a sensor expert. Given the following situation:
Context: Voltage: 0.404833365 V, Height: 0.636363636 cm, Soil Type: Humid and Limy
Target: Land mine Mine Type: Anti-Personnel

Recommend the most appropriate type of sensor to detect the target and briefly explain why. Be concise.

Recommendation: Ground Penetrating Radar (GPR)

Explanation: GPR is ideal for detecting buried objects like landmines, particularly when combined with soil type information. The humid and limy soil can affect signal propagation, but GPR's ability to image subsurface structures makes it the most suitable choice.",/content/drive/MyDrive/Capstone/Output/2025-10-28_18-12-21/attentions/attn_0292.json
"You are a sensor expert. Given the following situation:
Context: Voltage: 0.311177902 V, Height: 0.909090909 cm, Soil Type: Humid and Limy
Target: Land mine Mine Type: Anti-Personnel

Recommend the most appropriate type of sensor to detect the target and briefly explain why. Be concise.

**Recommendation:**
Ground Penetrating Radar (GPR)

**Explanation:**
GPR is ideal for detecting buried objects like landmines, especially in soil with a high moisture content. The radar waves penetrate the soil, reflecting off any metallic object, providing a subsurface image of the target.",/content/drive/MyDrive/Capstone/Output/2025-10-28_18-12-21/attentions/attn_0293.json
"You are a sensor expert. Given the following situation:
Context: Voltage: 0.471298533 V, Height: 0.181818182 cm, Soil Type: Dry and Sandy
Target: Land mine Mine Type: Booby Trap Anti-Personnel

Recommend the most appropriate type of sensor to detect the target and briefly explain why. Be concise.

**Recommendation:**
Ground Penetrating Radar (GPR)

**Explanation:**
GPR is ideal for detecting buried objects like landmines, as it can penetrate the soil and image the subsurface structure without excavation. It's effective in sandy soil conditions and can differentiate between different materials.",/content/drive/MyDrive/Capstone/Output/2025-10-28_18-12-21/attentions/attn_0294.json
"You are a sensor expert. Given the following situation:
Context: Voltage: 0.380664214 V, Height: 0.454545455 cm, Soil Type: Dry and Sandy
Target: Land mine Mine Type: Booby Trap Anti-Personnel

Recommend the most appropriate type of sensor to detect the target and briefly explain why. Be concise.

**Recommendation:**
Vibration Sensor
**Explanation:**
Booby traps, particularly anti-personnel mines, often initiate through subtle vibrations caused by movement or pressure. A vibration sensor can detect these low-level signals, providing an early warning before a more destructive mechanism is activated.",/content/drive/MyDrive/Capstone/Output/2025-10-28_18-12-21/attentions/attn_0295.json
"You are a sensor expert. Given the following situation:
Context: Voltage: 0.308156758 V, Height: 0.727272727 cm, Soil Type: Dry and Sandy
Target: Land mine Mine Type: Booby Trap Anti-Personnel

Recommend the most appropriate type of sensor to detect the target and briefly explain why. Be concise.

**Recommendation:**

Ground Penetrating Radar (GPR)

**Explanation:**

GPR is best suited for detecting buried objects like land mines, especially in sandy soil. It sends radar pulses into the ground and analyzes the reflected signals to create an image of subsurface features, effectively identifying the mine's location without disturbing the surface.",/content/drive/MyDrive/Capstone/Output/2025-10-28_18-12-21/attentions/attn_0296.json
"You are a sensor expert. Given the following situation:
Context: Voltage: 0.359516206 V, Height: 1 cm, Soil Type: Dry and Sandy
Target: Land mine Mine Type: Booby Trap Anti-Personnel

Recommend the most appropriate type of sensor to detect the target and briefly explain why. Be concise.

**Recommendation:**
Ground Penetrating Radar (GPR)

**Explanation:**
GPR is ideal for detecting buried objects like landmines. It transmits radar pulses into the ground and analyzes the reflected signals to create an image of the subsurface, effectively ""seeing"" through the soil to identify anomalies indicative of a mine's presence.  The dry and sandy soil is suitable for GPR operation.",/content/drive/MyDrive/Capstone/Output/2025-10-28_18-12-21/attentions/attn_0297.json
"You are a sensor expert. Given the following situation:
Context: Voltage: 0.423473918 V, Height: 0.181818182 cm, Soil Type: Humid and Sandy
Target: Land mine Mine Type: Booby Trap Anti-Personnel

Recommend the most appropriate type of sensor to detect the target and briefly explain why. Be concise.

**Recommendation:**
Ground Penetrating Radar (GPR)

**Explanation:**
GPR can effectively detect buried objects like landmines by transmitting radar pulses into the ground and analyzing the reflected signals. It is particularly suited for detecting metallic landmines and can differentiate between soil types.",/content/drive/MyDrive/Capstone/Output/2025-10-28_18-12-21/attentions/attn_0298.json
"You are a sensor expert. Given the following situation:
Context: Voltage: 0.359516206 V, Height: 0.545454545 cm, Soil Type: Humid and Sandy
Target: Land mine Mine Type: Booby Trap Anti-Personnel

Recommend the most appropriate type of sensor to detect the target and briefly explain why. Be concise.

**Recommendation:**
Ground Penetrating Radar (GPR)

**Explanation:**
GPR is ideal for detecting buried objects like landmines, as it can penetrate the soil and identify anomalies in the subsurface structure indicative of a mine's presence without disturbing the ground.",/content/drive/MyDrive/Capstone/Output/2025-10-28_18-12-21/attentions/attn_0299.json
"You are a sensor expert. Given the following situation:
Context: Voltage: 0.333685358 V, Height: 0.818181818 cm, Soil Type: Humid and Sandy
Target: Land mine Mine Type: Booby Trap Anti-Personnel

Recommend the most appropriate type of sensor to detect the target and briefly explain why. Be concise.

**Recommendation:**
Ground Penetrating Radar (GPR)

**Explanation:**
GPR is best suited for detecting buried objects like landmines without disturbing the soil. It can differentiate between materials and depths, crucial for identifying the metallic signature of a booby trap.",/content/drive/MyDrive/Capstone/Output/2025-10-28_18-12-21/attentions/attn_0300.json
"You are a sensor expert. Given the following situation:
Context: Voltage: 0.513594548 V, Height: 0.090909091 cm, Soil Type: Dry and Humus
Target: Land mine Mine Type: Booby Trap Anti-Personnel

Recommend the most appropriate type of sensor to detect the target and briefly explain why. Be concise.

**Recommendation:**
Ground Penetrating Radar (GPR)

**Explanation:**
GPR is ideal for detecting buried objects like landmines without disturbing the soil. It uses radar pulses to image subsurface features, effectively identifying the presence of a mine buried at the specified depth.",/content/drive/MyDrive/Capstone/Output/2025-10-28_18-12-21/attentions/attn_0301.json
"You are a sensor expert. Given the following situation:
Context: Voltage: 0.480361965 V, Height: 0.363636364 cm, Soil Type: Dry and Humus
Target: Land mine Mine Type: Booby Trap Anti-Personnel

Recommend the most appropriate type of sensor to detect the target and briefly explain why. Be concise.

**Recommendation:**
Ground Penetrating Radar (GPR)

**Explanation:**
GPR is ideal for detecting buried objects like landmines without disturbing the soil. It transmits radar pulses into the ground and analyzes the reflected signals to create an image of subsurface features. This is particularly useful in dry, humus-rich soil where traditional metal detectors might struggle.",/content/drive/MyDrive/Capstone/Output/2025-10-28_18-12-21/attentions/attn_0302.json
"You are a sensor expert. Given the following situation:
Context: Voltage: 0.371600782 V, Height: 0.636363636 cm, Soil Type: Dry and Humus
Target: Land mine Mine Type: Booby Trap Anti-Personnel

Recommend the most appropriate type of sensor to detect the target and briefly explain why. Be concise.

**Recommendation:**
Ground Penetrating Radar (GPR)

**Explanation:**
GPR is best suited for detecting buried objects like land mines. It transmits radio waves into the ground and analyzes the reflected signals to create a subsurface image, revealing the presence of metallic objects and disturbances caused by buried mines. The soil type (Dry and Humus) will affect the penetration depth, but GPR can still effectively map the area.",/content/drive/MyDrive/Capstone/Output/2025-10-28_18-12-21/attentions/attn_0303.json
"You are a sensor expert. Given the following situation:
Context: Voltage: 0.326283622 V, Height: 0.909090909 cm, Soil Type: Dry and Humus
Target: Land mine Mine Type: Booby Trap Anti-Personnel

Recommend the most appropriate type of sensor to detect the target and briefly explain why. Be concise.

**Recommendation:**
Ground Penetrating Radar (GPR)

**Explanation:**
GPR is ideal for detecting buried objects like landmines without disturbing the soil. It utilizes radar pulses to map subsurface features, effectively identifying the metallic components of the mine.",/content/drive/MyDrive/Capstone/Output/2025-10-28_18-12-21/attentions/attn_0304.json
"You are a sensor expert. Given the following situation:
Context: Voltage: 0.2717824 V, Height: 0.090909091 cm, Soil Type: Humid and Humus
Target: Land mine Mine Type: Booby Trap Anti-Personnel

Recommend the most appropriate type of sensor to detect the target and briefly explain why. Be concise.

**Recommendation: Ground Penetrating Radar (GPR)**

**Explanation:**  Booby traps, particularly anti-personnel mines, are often buried shallowly. GPR excels at detecting subsurface anomalies like buried objects and changes in soil density, making it ideal for locating mines without disturbing the surface.",/content/drive/MyDrive/Capstone/Output/2025-10-28_18-12-21/attentions/attn_0305.json
"You are a sensor expert. Given the following situation:
Context: Voltage: 0.24199384 V, Height: 0.363636364 cm, Soil Type: Humid and Humus
Target: Land mine Mine Type: Booby Trap Anti-Personnel

Recommend the most appropriate type of sensor to detect the target and briefly explain why. Be concise.

**Recommendation:**

Ground Penetrating Radar (GPR)

**Explanation:**

GPR is ideal for detecting buried objects like landmines. It transmits radio waves into the ground and analyzes the reflected signals to create a subsurface image, effectively ""seeing"" through the soil to identify metallic objects and anomalies associated with booby traps.",/content/drive/MyDrive/Capstone/Output/2025-10-28_18-12-21/attentions/attn_0306.json
"You are a sensor expert. Given the following situation:
Context: Voltage: 0.22700875 V, Height: 0.636363636 cm, Soil Type: Humid and Humus
Target: Land mine Mine Type: Booby Trap Anti-Personnel

Recommend the most appropriate type of sensor to detect the target and briefly explain why. Be concise.

Recommendation: **Ground Penetrating Radar (GPR)**

Explanation:  Booby traps, particularly anti-personnel mines, are often buried shallowly. GPR can effectively detect the presence of metallic objects (mines) beneath the soil surface without disturbing the soil, providing crucial information about their depth and location.  The soil type (humid and humus) is suitable for GPR operation.",/content/drive/MyDrive/Capstone/Output/2025-10-28_18-12-21/attentions/attn_0307.json
"You are a sensor expert. Given the following situation:
Context: Voltage: 0.263776167 V, Height: 0 cm, Soil Type: Dry and Limy
Target: Land mine Mine Type: Booby Trap Anti-Personnel

Recommend the most appropriate type of sensor to detect the target and briefly explain why. Be concise.

**Recommendation:**
Ground Penetrating Radar (GPR)

**Explanation:**
GPR is ideal for detecting buried objects like landmines without disturbing the soil. It sends radar pulses into the ground and analyzes the reflected signals to identify anomalies indicative of a mine’s presence.",/content/drive/MyDrive/Capstone/Output/2025-10-28_18-12-21/attentions/attn_0308.json
"You are a sensor expert. Given the following situation:
Context: Voltage: 0.223564727 V, Height: 0.272727273 cm, Soil Type: Dry and Limy
Target: Land mine Mine Type: Booby Trap Anti-Personnel

Recommend the most appropriate type of sensor to detect the target and briefly explain why. Be concise.

Recommendation:
Vibroacoustic sensor.

Explanation:
Booby traps, particularly anti-personnel mines, often rely on vibrations caused by movement or pressure to trigger the detonation sequence. Vibroacoustic sensors are designed to detect these subtle vibrations, making them ideal for detecting the activation of a booby trap.",/content/drive/MyDrive/Capstone/Output/2025-10-28_18-12-21/attentions/attn_0309.json
"You are a sensor expert. Given the following situation:
Context: Voltage: 0.253776167 V, Height: 0.636363636 cm, Soil Type: Dry and Limy
Target: Land mine Mine Type: Booby Trap Anti-Personnel

Recommend the most appropriate type of sensor to detect the target and briefly explain why. Be concise.

**Recommendation:**
Ground Penetrating Radar (GPR)

**Explanation:**
GPR is ideal for detecting buried objects like landmines. It transmits radio waves into the ground and analyzes the reflected signals to create an image of subsurface features, effectively bypassing the surface conditions (soil type, moisture) and detecting the metallic components of the mine.",/content/drive/MyDrive/Capstone/Output/2025-10-28_18-12-21/attentions/attn_0310.json
"You are a sensor expert. Given the following situation:
Context: Voltage: 0.209818455 V, Height: 0.909090909 cm, Soil Type: Dry and Limy
Target: Land mine Mine Type: Booby Trap Anti-Personnel

Recommend the most appropriate type of sensor to detect the target and briefly explain why. Be concise.

**Recommendation: Ground Penetrating Radar (GPR)**

**Explanation:** Landmines are often buried, and their presence is not immediately visible. GPR can detect subsurface anomalies, such as metallic components of a booby trap, without disturbing the soil. The dry and limy soil is suitable for GPR operation.",/content/drive/MyDrive/Capstone/Output/2025-10-28_18-12-21/attentions/attn_0311.json
"You are a sensor expert. Given the following situation:
Context: Voltage: 0.462235101 V, Height: 0.090909091 cm, Soil Type: Humid and Limy
Target: Land mine Mine Type: Booby Trap Anti-Personnel

Recommend the most appropriate type of sensor to detect the target and briefly explain why. Be concise.

**Recommendation:**
Ground Penetrating Radar (GPR)

**Explanation:**
GPR is ideal for detecting buried objects like landmines without disturbing the soil. It analyzes subsurface radar reflections, effectively imaging the target's location.",/content/drive/MyDrive/Capstone/Output/2025-10-28_18-12-21/attentions/attn_0312.json
"You are a sensor expert. Given the following situation:
Context: Voltage: 0.413896797 V, Height: 0.363636364 cm, Soil Type: Humid and Limy
Target: Land mine Mine Type: Booby Trap Anti-Personnel

Recommend the most appropriate type of sensor to detect the target and briefly explain why. Be concise.

Recommendation:
Ground Penetrating Radar (GPR)
Explanation: Landmines, especially anti-personnel booby traps, are often buried shallowly and can be detected by GPR's ability to image subsurface features. The soil type (humid and limy) is suitable for GPR operation.",/content/drive/MyDrive/Capstone/Output/2025-10-28_18-12-21/attentions/attn_0313.json
"You are a sensor expert. Given the following situation:
Context: Voltage: 0.34743163 V, Height: 0.636363636 cm, Soil Type: Humid and Limy
Target: Land mine Mine Type: Booby Trap Anti-Personnel

Recommend the most appropriate type of sensor to detect the target and briefly explain why. Be concise.

**Recommendation:**
Ground Penetrating Radar (GPR)

**Explanation:**
GPR is ideal for detecting buried objects like landmines, as it can penetrate the soil to identify anomalies in the subsurface structure caused by the mine's presence.",/content/drive/MyDrive/Capstone/Output/2025-10-28_18-12-21/attentions/attn_0314.json
"You are a sensor expert. Given the following situation:
Context: Voltage: 0.335347054 V, Height: 0.909090909 cm, Soil Type: Humid and Limy
Target: Land mine Mine Type: Booby Trap Anti-Personnel

Recommend the most appropriate type of sensor to detect the target and briefly explain why. Be concise.

**Recommendation:**
Ground Penetrating Radar (GPR)

**Explanation:**
GPR is ideal for detecting buried objects like landmines, as it transmits radar pulses into the ground and analyzes the reflected signals to identify anomalies caused by metallic or otherwise dense objects.",/content/drive/MyDrive/Capstone/Output/2025-10-28_18-12-21/attentions/attn_0315.json
"You are a sensor expert. Given the following situation:
Context: Voltage: 0.444108237 V, Height: 0.090909091 cm, Soil Type: Dry and Sandy
Target: Land mine Mine Type: M14 Anti-Personnel

Recommend the most appropriate type of sensor to detect the target and briefly explain why. Be concise.

**Recommendation:** Ground Penetrating Radar (GPR)

**Explanation:** GPR is ideal for detecting buried objects like landmines, particularly in sandy soil. It transmits radar pulses into the ground and analyzes the reflected signals to identify anomalies indicating the presence of metallic objects. The dry and sandy soil is favorable for GPR operation.",/content/drive/MyDrive/Capstone/Output/2025-10-28_18-12-21/attentions/attn_0316.json
"You are a sensor expert. Given the following situation:
Context: Voltage: 0.296072182 V, Height: 0.363636364 cm, Soil Type: Dry and Sandy
Target: Land mine Mine Type: M14 Anti-Personnel

Recommend the most appropriate type of sensor to detect the target and briefly explain why. Be concise.

**Recommendation:**
Ground-Penetrating Radar (GPR)

**Explanation:**
GPR is ideal for detecting buried objects like landmines, especially in dry, sandy soil conditions. It transmits radio waves into the ground and analyzes the reflected signals to create an image of the subsurface, revealing the presence and location of the mine without disturbing the surface.",/content/drive/MyDrive/Capstone/Output/2025-10-28_18-12-21/attentions/attn_0317.json
"You are a sensor expert. Given the following situation:
Context: Voltage: 0.356495062 V, Height: 0.636363636 cm, Soil Type: Dry and Sandy
Target: Land mine Mine Type: M14 Anti-Personnel

Recommend the most appropriate type of sensor to detect the target and briefly explain why. Be concise.

**Recommendation:**
Ground Penetrating Radar (GPR)

**Explanation:**
GPR is ideal for detecting buried objects like landmines, particularly in sandy soil, by emitting radar pulses and analyzing the reflected signals. It's less affected by soil moisture than other methods.",/content/drive/MyDrive/Capstone/Output/2025-10-28_18-12-21/attentions/attn_0318.json
"You are a sensor expert. Given the following situation:
Context: Voltage: 0.320241334 V, Height: 0.909090909 cm, Soil Type: Dry and Sandy
Target: Land mine Mine Type: M14 Anti-Personnel

Recommend the most appropriate type of sensor to detect the target and briefly explain why. Be concise.

**Recommendation:**
Ground Penetrating Radar (GPR)

**Explanation:**
GPR is best suited for detecting buried objects like landmines. It transmits radio waves into the ground and analyzes the reflected signals to create an image of the subsurface. The dry and sandy soil is suitable for GPR as it doesn't significantly attenuate the radar waves.",/content/drive/MyDrive/Capstone/Output/2025-10-28_18-12-21/attentions/attn_0319.json
"You are a sensor expert. Given the following situation:
Context: Voltage: 0.540784844 V, Height: 0.090909091 cm, Soil Type: Humid and Sandy
Target: Land mine Mine Type: M14 Anti-Personnel

Recommend the most appropriate type of sensor to detect the target and briefly explain why. Be concise.

**Recommendation:**
Ground Penetrating Radar (GPR)

**Explanation:**
GPR is ideal for detecting buried objects like landmines, especially in heterogeneous soil conditions like humid and sandy. It transmits radar pulses into the ground and analyzes the reflected signals to create an image of the subsurface, effectively mapping out the presence and location of the mine.",/content/drive/MyDrive/Capstone/Output/2025-10-28_18-12-21/attentions/attn_0320.json
"You are a sensor expert. Given the following situation:
Context: Voltage: 0.506102004 V, Height: 0.363636364 cm, Soil Type: Humid and Sandy
Target: Land mine Mine Type: M14 Anti-Personnel

Recommend the most appropriate type of sensor to detect the target and briefly explain why. Be concise.

**Recommendation:**
Ground Penetrating Radar (GPR)

**Explanation:**
GPR is ideal for detecting buried objects like landmines. It sends radar pulses into the ground and analyzes the reflected signals to create an image of the subsurface. This is effective for locating mines without excavation, which is crucial for safety.",/content/drive/MyDrive/Capstone/Output/2025-10-28_18-12-21/attentions/attn_0321.json
"You are a sensor expert. Given the following situation:
Context: Voltage: 0.401812221 V, Height: 0.636363636 cm, Soil Type: Humid and Sandy
Target: Land mine Mine Type: M14 Anti-Personnel

Recommend the most appropriate type of sensor to detect the target and briefly explain why. Be concise.

**Recommendation:**
Ground Penetrating Radar (GPR)

**Explanation:**
GPR is ideal for detecting buried objects like landmines. It transmits radar pulses into the ground and analyzes the reflected signals to create an image of the subsurface, revealing the presence and location of metallic objects like the M14 mine. The soil type (humid and sandy) is suitable for GPR operation.",/content/drive/MyDrive/Capstone/Output/2025-10-28_18-12-21/attentions/attn_0322.json
"You are a sensor expert. Given the following situation:
Context: Voltage: 0.369002517 V, Height: 0.909090909 cm, Soil Type: Humid and Sandy
Target: Land mine Mine Type: M14 Anti-Personnel

Recommend the most appropriate type of sensor to detect the target and briefly explain why. Be concise.

**Recommendation: Ground Penetrating Radar (GPR)**

**Explanation:** GPR is ideal for detecting buried metallic objects like landmines, providing subsurface imaging without soil disturbance. The soil type (humid and sandy) is suitable for GPR operation.",/content/drive/MyDrive/Capstone/Output/2025-10-28_18-12-21/attentions/attn_0323.json
"You are a sensor expert. Given the following situation:
Context: Voltage: 0.362839599 V, Height: 0.363636364 cm, Soil Type: Dry and Humus
Target: Land mine Mine Type: M14 Anti-Personnel

Recommend the most appropriate type of sensor to detect the target and briefly explain why. Be concise.

**Recommendation:**
Ground Penetrating Radar (GPR)

**Explanation:**
GPR is ideal for detecting buried objects like landmines, as it can penetrate the soil and create a subsurface image, revealing the target's location without excavation. The soil type (dry and humus) is suitable for GPR operation.",/content/drive/MyDrive/Capstone/Output/2025-10-28_18-12-21/attentions/attn_0324.json
"You are a sensor expert. Given the following situation:
Context: Voltage: 0.320241334 V, Height: 0.818181818 cm, Soil Type: Dry and Humus
Target: Land mine Mine Type: M14 Anti-Personnel

Recommend the most appropriate type of sensor to detect the target and briefly explain why. Be concise.

Sensor Recommendation: Ground Penetrating Radar (GPR)

Explanation: GPR can effectively detect buried objects like landmines by emitting radio waves into the ground and analyzing the reflected signals. The soil type (dry and humus) is suitable for GPR operation.",/content/drive/MyDrive/Capstone/Output/2025-10-28_18-12-21/attentions/attn_0325.json
"You are a sensor expert. Given the following situation:
Context: Voltage: 0.446283622 V, Height: 0 cm, Soil Type: Humid and Humus
Target: Land mine Mine Type: M14 Anti-Personnel

Recommend the most appropriate type of sensor to detect the target and briefly explain why. Be concise.

**Recommendation: Ground Penetrating Radar (GPR)**

**Explanation:** GPR can effectively detect buried metallic objects like M14 landmines by analyzing the subsurface radar reflections. The humid and humus soil type can slightly attenuate the signal, but GPR is still the most suitable option for locating buried metallic targets.",/content/drive/MyDrive/Capstone/Output/2025-10-28_18-12-21/attentions/attn_0326.json
"You are a sensor expert. Given the following situation:
Context: Voltage: 0.391177902 V, Height: 0.272727273 cm, Soil Type: Humid and Humus
Target: Land mine Mine Type: M14 Anti-Personnel

Recommend the most appropriate type of sensor to detect the target and briefly explain why. Be concise.

**Recommendation:**
Ground Penetrating Radar (GPR)

**Explanation:**
GPR is ideal for detecting buried objects like landmines. It transmits radar pulses into the ground and analyzes the reflected signals to create an image of the subsurface, effectively bypassing the soil’s surface characteristics (voltage, height, and soil type). This allows for precise localization of the M14 mine without being affected by surface conditions.",/content/drive/MyDrive/Capstone/Output/2025-10-28_18-12-21/attentions/attn_0327.json
"You are a sensor expert. Given the following situation:
Context: Voltage: 0.378156758 V, Height: 0.545454545 cm, Soil Type: Humid and Humus
Target: Land mine Mine Type: M14 Anti-Personnel

Recommend the most appropriate type of sensor to detect the target and briefly explain why. Be concise.

**Recommendation:**
Ground Penetrating Radar (GPR)

**Explanation:**
GPR is ideal for detecting buried objects like landmines. It transmits radar pulses into the ground and analyzes the reflected signals to map subsurface features, effectively revealing the presence and location of mines without excavation.",/content/drive/MyDrive/Capstone/Output/2025-10-28_18-12-21/attentions/attn_0328.json
"You are a sensor expert. Given the following situation:
Context: Voltage: 0.319939085 V, Height: 0.818181818 cm, Soil Type: Humid and Humus
Target: Land mine Mine Type: M14 Anti-Personnel

Recommend the most appropriate type of sensor to detect the target and briefly explain why. Be concise.

**Recommendation:**
Ground Penetrating Radar (GPR)

**Explanation:**
GPR is ideal for detecting buried objects like landmines without disturbing the soil. It emits radio waves that penetrate the ground, reflecting off any metal objects, allowing for subsurface imaging and localization.",/content/drive/MyDrive/Capstone/Output/2025-10-28_18-12-21/attentions/attn_0329.json
"You are a sensor expert. Given the following situation:
Context: Voltage: 0.519636836 V, Height: 0.090909091 cm, Soil Type: Dry and Limy
Target: Land mine Mine Type: M14 Anti-Personnel

Recommend the most appropriate type of sensor to detect the target and briefly explain why. Be concise.

**Recommendation:**
Ground Penetrating Radar (GPR)

**Explanation:**
GPR is ideal for detecting buried objects like landmines. It emits radar pulses into the ground and analyzes the reflected signals to create an image of the subsurface. This is effective for identifying the shape and depth of the mine, regardless of soil conditions.",/content/drive/MyDrive/Capstone/Output/2025-10-28_18-12-21/attentions/attn_0330.json
"You are a sensor expert. Given the following situation:
Context: Voltage: 0.398791077 V, Height: 0.363636364 cm, Soil Type: Dry and Limy
Target: Land mine Mine Type: M14 Anti-Personnel

Recommend the most appropriate type of sensor to detect the target and briefly explain why. Be concise.

Recommendation:
Ground Penetrating Radar (GPR)
Explanation: GPR is best suited for detecting buried objects like landmines, as it can penetrate the soil and identify anomalies in the subsurface. The soil type (Dry and Limy) is not a major impediment to GPR performance.",/content/drive/MyDrive/Capstone/Output/2025-10-28_18-12-21/attentions/attn_0331.json
"You are a sensor expert. Given the following situation:
Context: Voltage: 0.34743163 V, Height: 0.636363636 cm, Soil Type: Dry and Limy
Target: Land mine Mine Type: M14 Anti-Personnel

Recommend the most appropriate type of sensor to detect the target and briefly explain why. Be concise.

**Recommendation:**
Ground Penetrating Radar (GPR)

**Explanation:**
GPR is ideal for detecting buried objects like landmines without disturbing the soil. It analyzes subsurface radar reflections to identify anomalies indicative of the mine's presence. The dry, limy soil is suitable for GPR operation.",/content/drive/MyDrive/Capstone/Output/2025-10-28_18-12-21/attentions/attn_0332.json
"You are a sensor expert. Given the following situation:
Context: Voltage: 0.323262478 V, Height: 0.909090909 cm, Soil Type: Dry and Limy
Target: Land mine Mine Type: M14 Anti-Personnel

Recommend the most appropriate type of sensor to detect the target and briefly explain why. Be concise.

**Recommendation:**
Ground-Penetrating Radar (GPR)

**Explanation:**
GPR is ideal for detecting buried objects like landmines. It sends radio waves into the ground and analyzes the reflected signals to create a subsurface image, revealing the presence and location of the target without disturbing the surface.  The soil type (dry and limy) is generally suitable for GPR operation.",/content/drive/MyDrive/Capstone/Output/2025-10-28_18-12-21/attentions/attn_0333.json
"You are a sensor expert. Given the following situation:
Context: Voltage: 0.444108237 V, Height: 0.181818182 cm, Soil Type: Humid and Limy
Target: Land mine Mine Type: M14 Anti-Personnel

Recommend the most appropriate type of sensor to detect the target and briefly explain why. Be concise.

**Recommendation:**
Ground Penetrating Radar (GPR)

**Explanation:**
GPR is ideal for detecting buried objects like landmines. It transmits radar pulses into the ground and analyzes the reflected signals to create a subsurface image, effectively ""seeing"" through the soil to locate the mine’s metallic components.",/content/drive/MyDrive/Capstone/Output/2025-10-28_18-12-21/attentions/attn_0334.json
"You are a sensor expert. Given the following situation:
Context: Voltage: 0.353473918 V, Height: 0.454545455 cm, Soil Type: Humid and Limy
Target: Land mine Mine Type: M14 Anti-Personnel

Recommend the most appropriate type of sensor to detect the target and briefly explain why. Be concise.

**Recommendation:**
Ground Penetrating Radar (GPR)

**Explanation:**
GPR is ideal for detecting buried objects like landmines without disturbing the soil. It transmits radar pulses into the ground and analyzes the reflected signals to identify anomalies indicative of the mine's metallic components. The soil type (humid and limy) is not a significant factor for GPR.",/content/drive/MyDrive/Capstone/Output/2025-10-28_18-12-21/attentions/attn_0335.json
"You are a sensor expert. Given the following situation:
Context: Voltage: 0.36253735 V, Height: 0.727272727 cm, Soil Type: Humid and Limy
Target: Land mine Mine Type: M14 Anti-Personnel

Recommend the most appropriate type of sensor to detect the target and briefly explain why. Be concise.

**Recommendation:**
Ground Penetrating Radar (GPR)

**Explanation:**
GPR is ideal for detecting buried objects like landmines, as it can image subsurface structures without excavation. The soil type (humid and limy) is suitable for GPR operation.",/content/drive/MyDrive/Capstone/Output/2025-10-28_18-12-21/attentions/attn_0336.json
"You are a sensor expert. Given the following situation:
Context: Voltage: 0.314199046 V, Height: 1 cm, Soil Type: Humid and Limy
Target: Land mine Mine Type: M14 Anti-Personnel

Recommend the most appropriate type of sensor to detect the target and briefly explain why. Be concise.

**Recommendation: Ground Penetrating Radar (GPR)**

**Explanation:** GPR is ideal for detecting buried metallic objects like landmines. It transmits radio waves into the ground and analyzes the reflected signals to map the subsurface, effectively ""seeing"" the mine's location without disturbing the soil.",/content/drive/MyDrive/Capstone/Output/2025-10-28_18-12-21/attentions/attn_0337.json
